rank,feature_name,importance,feature_type,base_peptidoform,unmod_peptidoform,proteins,annotation,annotation_wo_pos,pvalue,charge,primary_protein,candidate_proteins,n_candidate_proteins,unique_protein_mapping,n_detected_samples,detection_rate,missing_rate,n_patients_detected,patient_detection_rate,median_log_intensity,mean_log_intensity
1,.-18.011EPQVYTLPPSRDELTK.__missing,0.019453408386428464,missingness,.-18.011EPQVYTLPPSRDELTK,,,,,,,,,0,False,0,0.0,1.0,0,0.0,,
2,.VF-33.984DEFKPLVEEPQNLIK.,0.01862906762563795,abundance,.VF-33.984DEFKPLVEEPQNLIK.,.VFDEFKPLVEEPQNLIK.,sp|P02768-2|ALBU_HUMAN;sp|P02768-3|ALBU_HUMAN;sp|P02768|ALBU_HUMAN;tr|A0A087WWT3|A0A087WWT3_HUMAN;tr|A0A0C4DGB6|A0A0C4DGB6_HUMAN;tr|B7WNR0|B7WNR0_HUMAN;tr|C9JKR2|C9JKR2_HUMAN;tr|D6RHD5|D6RHD5_HUMAN;tr|H0YA55|H0YA55_HUMAN,"F-34,2[F->IL/1]",F-34[F->IL/1],1000.0,2.0,P02768,P02768;A0A087WWT3;A0A0C4DGB6;B7WNR0;C9JKR2;D6RHD5;H0YA55,7,False,256,0.7619047619047619,0.23809523809523808,42,0.7241379310344828,26.176926788190297,26.162762030315776
3,.PLLEKSHC+132.058IAEVENDEM+15.995PADLPSLAADFVESK.__missing,0.01837968182500664,missingness,.PLLEKSHC+132.058IAEVENDEM+15.995PADLPSLAADFVESK,,,,,,,,,0,False,0,0.0,1.0,0,0.0,,
4,.L-14.016TFGGGTK.__missing,0.018287930800582868,missingness,.L-14.016TFGGGTK,,,,,,,,,0,False,0,0.0,1.0,0,0.0,,
5,.AGVETTTPS-15.995K.,0.017452378625873424,abundance,.AGVETTTPS-15.995K.,.AGVETTTPSK.,sp|P0DOY2|IGLC2_HUMAN;sp|P0DOY3|IGLC3_HUMAN,"S-16,9[Deoxy]",S-16[Deoxy],1000.0,2.0,P0DOY2,P0DOY2;P0DOY3,2,False,196,0.5833333333333334,0.4166666666666667,31,0.5344827586206896,24.519422709948834,24.496781252547457
6,.VSN+0.984RDSGVPDR.,0.01719608186681278,abundance,.VSN+0.984RDSGVPDR.,.VSNRDSGVPDR.,sp|P06310|KV230_HUMAN,"N+1,3[Deamidated]",N+1[Deamidated],17.704,2.0,P06310,P06310,1,True,200,0.5952380952380952,0.40476190476190477,30,0.5172413793103449,25.560963152731226,25.501849362300014
7,.L-14.016TFGGGTK.,0.016460805512524813,abundance,.L-14.016TFGGGTK.,.LTFGGGTK.,tr|A0A0A0MT69|A0A0A0MT69_HUMAN,"L-14,1[L->V/1]",L-14[L->V/1],1000.0,2.0,A0A0A0MT69,A0A0A0MT69,1,True,212,0.6309523809523809,0.36904761904761907,34,0.5862068965517241,24.744691478087773,24.668999704538727
8,.LLLQQVSLPE+37.956LPGEYSMK.__missing,0.01634042658290916,missingness,.LLLQQVSLPE+37.956LPGEYSMK,,,,,,,,,0,False,0,0.0,1.0,0,0.0,,
9,.SC-33.988HTGLGR.__missing,0.015773013101312926,missingness,.SC-33.988HTGLGR,,,,,,,,,0,False,0,0.0,1.0,0,0.0,,
10,.SDVVYTDW+15.995KK.,0.015734421258988156,abundance,.SDVVYTDW+15.995KK.,.SDVVYTDWKK.,sp|P02763|A1AG1_HUMAN,"W+16,8[Oxidation]",W+16[Oxidation],1000.0,2.0,P02763,P02763,1,True,308,0.9166666666666666,0.08333333333333333,50,0.8620689655172413,27.522378307633602,26.78859455134179
11,.AIQLTYNPD+37.956ESSKPNMIDAATLK.,0.015371496801421861,abundance,.AIQLTYNPD+37.956ESSKPNMIDAATLK.,.AIQLTYNPDESSKPNMIDAATLK.,sp|P02679-2|FIBG_HUMAN;sp|P02679|FIBG_HUMAN;tr|C9JC84|C9JC84_HUMAN;tr|C9JEU5|C9JEU5_HUMAN,"D+38,9[Cation:K]",D+38[Cation:K],46.169,3.0,P02679,P02679;C9JC84;C9JEU5,3,False,169,0.5029761904761905,0.49702380952380953,27,0.46551724137931033,25.4713089950504,25.56661744929289
12,.-17.027QSVLTQPPSVSAAPGQR.__missing,0.014357336432468499,missingness,.-17.027QSVLTQPPSVSAAPGQR,,,,,,,,,0,False,0,0.0,1.0,0,0.0,,
13,.LRTEGD-18.011GVYTLNDKK.__missing,0.014340678621351823,missingness,.LRTEGD-18.011GVYTLNDKK,,,,,,,,,0,False,0,0.0,1.0,0,0.0,,
14,.AIQLTYNPD+37.956ESSKPNMIDAATLK.__missing,0.01400431975308426,missingness,.AIQLTYNPD+37.956ESSKPNMIDAATLK,,,,,,,,,0,False,0,0.0,1.0,0,0.0,,
15,.D-0.984DNPNLPR.,0.01366547581136891,abundance,.D-0.984DNPNLPR.,.DDNPNLPR.,sp|P02768-3|ALBU_HUMAN;sp|P02768|ALBU_HUMAN;tr|A0A087WWT3|A0A087WWT3_HUMAN;tr|A0A0C4DGB6|A0A0C4DGB6_HUMAN;tr|H7C013|H7C013_HUMAN,"D-1,1[D->N/1]",D-1[D->N/1],10.408,2.0,P02768,P02768;A0A087WWT3;A0A0C4DGB6;H7C013,4,False,182,0.5416666666666666,0.4583333333333333,28,0.4827586206896552,24.943656304021953,24.78664552999081
16,.VSN+0.984RDSGVPDR.__missing,0.013140054907373506,missingness,.VSN+0.984RDSGVPDR,,,,,,,,,0,False,0,0.0,1.0,0,0.0,,
17,.FTISRDD+14.016SK.__missing,0.012812689655544425,missingness,.FTISRDD+14.016SK,,,,,,,,,0,False,0,0.0,1.0,0,0.0,,
18,.TH+57.021LPEVFLSK.__missing,0.012758662757893195,missingness,.TH+57.021LPEVFLSK,,,,,,,,,0,False,0,0.0,1.0,0,0.0,,
19,.LRTEGDGVYTLNNEK+57.021QWINK.,0.012689873430853971,abundance,.LRTEGDGVYTLNNEK+57.021QWINK.,.LRTEGDGVYTLNNEKQWINK.,sp|P00738-2|HPT_HUMAN;sp|P00738|HPT_HUMAN;tr|H3BMJ7|H3BMJ7_HUMAN;tr|H3BS21|H3BS21_HUMAN;tr|J3KRH2|J3KRH2_HUMAN;tr|J3KSV1|J3KSV1_HUMAN;tr|J3QLC9|J3QLC9_HUMAN;tr|J3QQI8|J3QQI8_HUMAN,"K+57,15[Carbamidomethyl]",K+57[Carbamidomethyl],0.0,3.0,P00738,P00738;H3BMJ7;H3BS21;J3KRH2;J3KSV1;J3QLC9;J3QQI8,7,False,205,0.6101190476190477,0.3898809523809524,36,0.6206896551724138,27.735134666421946,27.535146709946808
20,.VDNALQSGNSQESVTEQDS+14.016K.,0.011583233304109328,abundance,.VDNALQSGNSQESVTEQDS+14.016K.,.VDNALQSGNSQESVTEQDSK.,sp|P01834|IGKC_HUMAN,"S+14,19[S->T/1]",S+14[S->T/1],1000.0,2.0,P01834,P01834,1,True,213,0.6339285714285714,0.36607142857142855,35,0.603448275862069,24.14507138930809,24.24103806420405
21,.AGVE-0.984TTTPSK.,0.011096972191182575,abundance,.AGVE-0.984TTTPSK.,.AGVETTTPSK.,sp|P0DOY2|IGLC2_HUMAN;sp|P0DOY3|IGLC3_HUMAN,"E-1,4[E->Q/1]",E-1[E->Q/1],1000.0,2.0,P0DOY2,P0DOY2;P0DOY3,2,False,169,0.5029761904761905,0.49702380952380953,27,0.46551724137931033,23.41938069737772,23.505614123455242
22,.AGVETT-14.016TPSK.,0.010943869736003402,abundance,.AGVETT-14.016TPSK.,.AGVETTTPSK.,sp|P0DOY2|IGLC2_HUMAN;sp|P0DOY3|IGLC3_HUMAN,"T-14,6[T->S/1]",T-14[T->S/1],1000.0,2.0,P0DOY2,P0DOY2;P0DOY3,2,False,318,0.9464285714285714,0.05357142857142857,52,0.896551724137931,27.50937173575928,27.499603748318062
23,.STSESTAALGC+57.021LVKDYFPEPVTVSW+15.995NSG.__missing,0.010814082383107623,missingness,.STSESTAALGC+57.021LVKDYFPEPVTVSW+15.995NSG,,,,,,,,,0,False,0,0.0,1.0,0,0.0,,
24,.SSQSLLHSD-0.984GK.,0.010635530647731506,abundance,.SSQSLLHSD-0.984GK.,.SSQSLLHSDGK.,sp|A0A075B6S2|KVD29_HUMAN;sp|A2NJV5|KV229_HUMAN,"D-1,9[D->N/1]",D-1[D->N/1],3.534,2.0,A0A075B6S2,A0A075B6S2;A2NJV5,2,False,235,0.6994047619047619,0.3005952380952381,42,0.7241379310344828,22.532165413996527,22.929337131619064
25,.YSQK-14.052FQGR.,0.010594198358862094,abundance,.YSQK-14.052FQGR.,.YSQKFQGR.,sp|A0A0C4DH29|HV103_HUMAN,"K-14,4[K->N/1]",K-14[K->N/1],0.0,2.0,A0A0C4DH29,A0A0C4DH29,1,True,273,0.8125,0.1875,43,0.7413793103448276,24.83377241956292,24.789222849953433
26,.QAPGQGLEWM+15.995GR.,0.010177273785729626,abundance,.QAPGQGLEWM+15.995GR.,.QAPGQGLEWMGR.,sp|P23083|HV103_HUMAN,"M+16,10[Oxidation]",M+16[Oxidation],0.0,2.0,P23083,P23083,1,True,277,0.8244047619047619,0.17559523809523808,46,0.7931034482758621,26.02528718648147,25.98273747975625
27,.EKLS+14.016PLGEEMR.__missing,0.010071130470680992,missingness,.EKLS+14.016PLGEEMR,,,,,,,,,0,False,0,0.0,1.0,0,0.0,,
28,.LVNEVTEFAKTC-33.988VADESAENC+31.990DK.__missing,0.009863301541863479,missingness,.LVNEVTEFAKTC-33.988VADESAENC+31.990DK,,,,,,,,,0,False,0,0.0,1.0,0,0.0,,
29,.D-0.984DNPNLPR.__missing,0.0094262575299778,missingness,.D-0.984DNPNLPR,,,,,,,,,0,False,0,0.0,1.0,0,0.0,,
30,.TLIYS+27.011TNTR.,0.00923492960867257,abundance,.TLIYS+27.011TNTR.,.TLIYSTNTR.,sp|A0A075B6I0|LV861_HUMAN,"S+27,5[S->N/1]",S+27[S->N/1],1000.0,2.0,A0A075B6I0,A0A075B6I0,1,True,295,0.8779761904761905,0.12202380952380952,49,0.8448275862068966,25.883022317443682,25.833641398767433
31,.LLIY-76.031DASNLETGVPSR.,0.009159684480883726,abundance,.LLIY-76.031DASNLETGVPSR.,.LLIYDASNLETGVPSR.,sp|P01593|KVD33_HUMAN;sp|P01594|KV102_HUMAN;tr|A0A2Q2TTZ9|A0A2Q2TTZ9_HUMAN,"Y-76,4[Y->S/1]",Y-76[Y->S/1],19.569,2.0,P01593,P01593;P01594;A0A2Q2TTZ9,3,False,168,0.5,0.5,28,0.4827586206896552,24.95627466774223,24.944909722768358
32,.+12.000C+57.021TESLVNR.__missing,0.009139929447304558,missingness,.+12.000C+57.021TESLVNR,,,,,,,,,0,False,0,0.0,1.0,0,0.0,,
33,.PLLEKSHC+132.058IAEVENDEM+15.995PADLPSLAADFVESK.,0.008832948183079068,abundance,.PLLEKSHC+132.058IAEVENDEM+15.995PADLPSLAADFVESK.,.PLLEKSHCIAEVENDEMPADLPSLAADFVESK.,sp|P02768-2|ALBU_HUMAN;sp|P02768|ALBU_HUMAN;tr|A0A0C4DGB6|A0A0C4DGB6_HUMAN;tr|B7WNR0|B7WNR0_HUMAN;tr|C9JKR2|C9JKR2_HUMAN;tr|D6RHD5|D6RHD5_HUMAN;tr|H0YA55|H0YA55_HUMAN,"C+132,8[Propiophenone] & M+16,17[Oxidation]",C+132[Propiophenone],18.779,3.0,P02768,P02768;A0A0C4DGB6;B7WNR0;C9JKR2;D6RHD5;H0YA55,6,False,178,0.5297619047619048,0.47023809523809523,27,0.46551724137931033,27.957163232741305,27.803396865732243
34,.-18.011EPQVYTLPPSRDELTK.,0.008744765502656198,abundance,.-18.011EPQVYTLPPSRDELTK.,.EPQVYTLPPSRDELTK.,sp|P01857|IGHG1_HUMAN;tr|A0A0A0MS07|A0A0A0MS07_HUMAN;tr|A0A0A0MS08|A0A0A0MS08_HUMAN,"E-18,1[Glu->pyro-Glu]",E-18[Glu->pyro-Glu],1000.0,2.0,P01857,P01857;A0A0A0MS07;A0A0A0MS08,3,False,182,0.5416666666666666,0.4583333333333333,29,0.5,26.036516740749878,25.852956001650735
35,.TYTC-33.988NVDHKPSNTK.,0.008741573295765448,abundance,.TYTC-33.988NVDHKPSNTK.,.TYTCNVDHKPSNTK.,sp|P01859|IGHG2_HUMAN;sp|P01861|IGHG4_HUMAN;tr|A0A286YEY4|A0A286YEY4_HUMAN;tr|A0A286YFJ8|A0A286YFJ8_HUMAN,"C-34,4[Cys->Dha]",C-34[Cys->Dha],16.735,2.0,P01859,P01859;P01861;A0A286YEY4;A0A286YFJ8,4,False,288,0.8571428571428571,0.14285714285714285,48,0.8275862068965517,24.56835429021715,24.566881233301768
36,.+12.000C+57.021TESLVNR.,0.008613561580765159,abundance,.+12.000C+57.021TESLVNR.,.CTESLVNR.,sp|P02768-2|ALBU_HUMAN;sp|P02768-3|ALBU_HUMAN;sp|P02768|ALBU_HUMAN;tr|A0A087WWT3|A0A087WWT3_HUMAN;tr|A0A0C4DGB6|A0A0C4DGB6_HUMAN;tr|B7WNR0|B7WNR0_HUMAN;tr|C9JKR2|C9JKR2_HUMAN;tr|D6RHD5|D6RHD5_HUMAN;tr|H0YA55|H0YA55_HUMAN,"X+12,1[Thiazolidine]",X+12[Thiazolidine],0.0,2.0,P02768,P02768;A0A087WWT3;A0A0C4DGB6;B7WNR0;C9JKR2;D6RHD5;H0YA55,7,False,232,0.6904761904761905,0.30952380952380953,39,0.6724137931034483,32.754832634670606,32.530657982772524
37,.GLEWVAN+0.984IK.,0.008463073070565501,abundance,.GLEWVAN+0.984IK.,.GLEWVANIK.,sp|P01780|HV307_HUMAN,"N+1,7[Deamidated]",N+1[Deamidated],1000.0,2.0,P01780,P01780,1,True,254,0.7559523809523809,0.24404761904761904,43,0.7413793103448276,23.814849576495867,23.88426604046343
38,.YLGE+42.047EYVK.__missing,0.008442330253790636,missingness,.YLGE+42.047EYVK,,,,,,,,,0,False,0,0.0,1.0,0,0.0,,
39,.LRTEGDGVYTLNNEK+42.047.__missing,0.008334478735188371,missingness,.LRTEGDGVYTLNNEK+42.047,,,,,,,,,0,False,0,0.0,1.0,0,0.0,,
40,.P-26.016GQAPVLVIYK.__missing,0.008082436170253421,missingness,.P-26.016GQAPVLVIYK,,,,,,,,,0,False,0,0.0,1.0,0,0.0,,
41,.VTVL+14.975GQPK.,0.00792372047858313,abundance,.VTVL+14.975GQPK.,.VTVLGQPK.,sp|B9A064|IGLL5_HUMAN;tr|A0A0B4J231|A0A0B4J231_HUMAN,"L+15,4[L->Q/1]",L+15[L->Q/1],1000.0,2.0,B9A064,B9A064;A0A0B4J231,2,False,230,0.6845238095238095,0.31547619047619047,37,0.6379310344827587,24.864232328474117,24.825993968710605
42,.MSLDYGFVTPLTSM+15.995SIR.__missing,0.007481545062714603,missingness,.MSLDYGFVTPLTSM+15.995SIR,,,,,,,,,0,False,0,0.0,1.0,0,0.0,,
43,.L-14.016LIYGASSR.,0.007288919183853276,abundance,.L-14.016LIYGASSR.,.LLIYGASSR.,sp|P01619|KV301_HUMAN,"L-14,1[L->V/1]",L-14[L->V/1],1000.0,2.0,P01619,P01619,1,True,233,0.6934523809523809,0.30654761904761907,40,0.6896551724137931,25.784329016291515,25.94544800193343
44,.AGVE-58.005TTTPSK.,0.007155512315578777,abundance,.AGVE-58.005TTTPSK.,.AGVETTTPSK.,sp|P0DOY2|IGLC2_HUMAN;sp|P0DOY3|IGLC3_HUMAN,"E-58,4[E->A/1]",E-58[E->A/1],1000.0,2.0,P0DOY2,P0DOY2;P0DOY3,2,False,283,0.8422619047619048,0.15773809523809523,45,0.7758620689655172,24.5243245797652,24.3586220559569
45,.NALTGLPP-10.021GLFQASATLDTLVLK.__missing,0.006929002754849196,missingness,.NALTGLPP-10.021GLFQASATLDTLVLK,,,,,,,,,0,False,0,0.0,1.0,0,0.0,,
46,.MSLDYGFVTPLTSM+15.995SIR.,0.006896716516685686,abundance,.MSLDYGFVTPLTSM+15.995SIR.,.MSLDYGFVTPLTSMSIR.,sp|P19827-2|ITIH1_HUMAN;sp|P19827-3|ITIH1_HUMAN;sp|P19827|ITIH1_HUMAN;tr|H7C0N0|H7C0N0_HUMAN;tr|H7C5I0|H7C5I0_HUMAN,"M+16,14[Oxidation]",M+16[Oxidation],24.634,2.0,P19827,P19827;H7C0N0;H7C5I0,3,False,201,0.5982142857142857,0.4017857142857143,32,0.5517241379310345,26.010448777270533,26.050735381077256
47,.ASGVPDRFSGSGSGTD+14.016FTLK.,0.006873103646043409,abundance,.ASGVPDRFSGSGSGTD+14.016FTLK.,.ASGVPDRFSGSGSGTDFTLK.,sp|A0A075B6P5|KV228_HUMAN;sp|A0A087WW87|KV240_HUMAN;sp|P01614|KVD40_HUMAN;sp|P01615|KV202_HUMAN;tr|A0A087X0Q4|A0A087X0Q4_HUMAN,"D+14,16[Methyl]",D+14[Methyl],1000.0,2.0,A0A075B6P5,A0A075B6P5;A0A087WW87;P01614;P01615;A0A087X0Q4,5,False,232,0.6904761904761905,0.30952380952380953,37,0.6379310344827587,25.07621145643866,25.108809851577696
48,.AGVETTTPS-15.995K.__missing,0.006702630916648397,missingness,.AGVETTTPS-15.995K,,,,,,,,,0,False,0,0.0,1.0,0,0.0,,
49,.NRN+0.984NALDFVTK.__missing,0.006229102705067705,missingness,.NRN+0.984NALDFVTK,,,,,,,,,0,False,0,0.0,1.0,0,0.0,,
50,.THTC-33.988PPC+31.990PAPELLGGPSVFLFPPKPK.,0.006077507931949049,abundance,.THTC-33.988PPC+31.990PAPELLGGPSVFLFPPKPK.,.THTCPPCPAPELLGGPSVFLFPPKPK.,sp|P01857|IGHG1_HUMAN;tr|A0A0A0MS07|A0A0A0MS07_HUMAN;tr|A0A0A0MS08|A0A0A0MS08_HUMAN,"C-34,4[Cys->Dha] & C+32,7[Dioxidation]",C-34[Cys->Dha],0.0,3.0,P01857,P01857;A0A0A0MS07;A0A0A0MS08,3,False,220,0.6547619047619048,0.34523809523809523,35,0.603448275862069,28.437334278729864,28.338987877988952
51,.LLIYSN+15.000NQRPSGVPDR.,0.005938268097199255,abundance,.LLIYSN+15.000NQRPSGVPDR.,.LLIYSNNQRPSGVPDR.,sp|P01699|LV144_HUMAN;sp|P01700|LV147_HUMAN,"N+15,6[Methyl+Deamidated]",N+15[Methyl+Deamidated],5.033,3.0,P01699,P01699;P01700,2,False,177,0.5267857142857143,0.4732142857142857,31,0.5344827586206896,25.329901836298642,25.264472774546036
52,.NRN+0.984NALDFVTK.,0.005915609111414638,abundance,.NRN+0.984NALDFVTK.,.NRNNALDFVTK.,sp|P04114|APOB_HUMAN,"N+1,3[Deamidated]",N+1[Deamidated],0.0,2.0,P04114,P04114,1,True,204,0.6071428571428571,0.39285714285714285,35,0.603448275862069,25.089156418387937,24.99741140987205
53,.LDELRDEGK+42.047.__missing,0.0056824214043691736,missingness,.LDELRDEGK+42.047,,,,,,,,,0,False,0,0.0,1.0,0,0.0,,
54,.EALQGVGDM+15.995GR.__missing,0.005644272951471006,missingness,.EALQGVGDM+15.995GR,,,,,,,,,0,False,0,0.0,1.0,0,0.0,,
55,.LDELRDEGK+42.047.,0.005605232661070116,abundance,.LDELRDEGK+42.047.,.LDELRDEGK.,sp|P02768|ALBU_HUMAN;tr|A0A0C4DGB6|A0A0C4DGB6_HUMAN;tr|B7WNR0|B7WNR0_HUMAN;tr|D6RHD5|D6RHD5_HUMAN;tr|H0YA55|H0YA55_HUMAN,"Z+42,9[Propyl]",Z+42[Propyl],1000.0,2.0,P02768,P02768;A0A0C4DGB6;B7WNR0;D6RHD5;H0YA55,5,False,235,0.6994047619047619,0.3005952380952381,39,0.6724137931034483,30.945977914924978,30.756881945967432
56,.TH+57.021LPEVFLSK.,0.005600108915408713,abundance,.TH+57.021LPEVFLSK.,.THLPEVFLSK.,sp|P02774-2|VTDB_HUMAN;sp|P02774-3|VTDB_HUMAN;sp|P02774|VTDB_HUMAN;tr|D6RF35|D6RF35_HUMAN,"H+57,2[Carbamidomethyl]",H+57[Carbamidomethyl],1000.0,2.0,P02774,P02774;D6RF35,2,False,179,0.5327380952380952,0.46726190476190477,30,0.5172413793103449,24.272396067622697,24.39231300773933
57,.TVAAPSVFIFPPSDEQLK+42.047.__missing,0.005469778459580426,missingness,.TVAAPSVFIFPPSDEQLK+42.047,,,,,,,,,0,False,0,0.0,1.0,0,0.0,,
58,.SGAQATWTELPWPHEK+42.047.__missing,0.005457843478542385,missingness,.SGAQATWTELPWPHEK+42.047,,,,,,,,,0,False,0,0.0,1.0,0,0.0,,
59,.EI-14.016VMTQSPATLSVSPGER.,0.005448363895645587,abundance,.EI-14.016VMTQSPATLSVSPGER.,.EIVMTQSPATLSVSPGER.,sp|A0A087WSY6|KVD15_HUMAN;sp|P01624|KV315_HUMAN,"I-14,2[I->V/1]",I-14[I->V/1],1000.0,2.0,A0A087WSY6,A0A087WSY6;P01624,2,False,244,0.7261904761904762,0.27380952380952384,39,0.6724137931034483,26.685926519119665,26.63454618463058
60,.LREQLGPVTQEFWDNLEK+42.047.,0.00541892771521665,abundance,.LREQLGPVTQEFWDNLEK+42.047.,.LREQLGPVTQEFWDNLEK.,sp|P02647|APOA1_HUMAN;tr|F8W696|F8W696_HUMAN,"Z+42,18[Propyl]",Z+42[Propyl],42.472,2.0,P02647,P02647;F8W696,2,False,250,0.7440476190476191,0.25595238095238093,39,0.6724137931034483,29.307807903126488,29.13130748293916
61,.P-26.016GQAPVLVIYK.,0.005326393262534679,abundance,.P-26.016GQAPVLVIYK.,.PGQAPVLVIYK.,sp|P01717|LV325_HUMAN;sp|P01718|LV327_HUMAN,"P-26,1[P->A/1]",P-26[P->A/1],9.919,2.0,P01717,P01717;P01718,2,False,197,0.5863095238095238,0.41369047619047616,33,0.5689655172413793,25.959690124910527,26.04984462890954
62,.+57.021TVAAPSVFIFPPSDEQLK.,0.005218589174246311,abundance,.+57.021TVAAPSVFIFPPSDEQLK.,.TVAAPSVFIFPPSDEQLK.,sp|P01834|IGKC_HUMAN,"X+57,1[Carbamidomethyl]",X+57[Carbamidomethyl],1000.0,2.0,P01834,P01834,1,True,303,0.9017857142857143,0.09821428571428571,50,0.8620689655172413,28.042821633113167,27.626385012203084
63,.P-26.016GQAPVLVVYDDSDRPSGIPER.,0.005172625334581526,abundance,.P-26.016GQAPVLVVYDDSDRPSGIPER.,.PGQAPVLVVYDDSDRPSGIPER.,sp|P80748|LV302_HUMAN,"P-26,1[P->A/1]",P-26[P->A/1],38.053,3.0,P80748,P80748,1,True,206,0.6130952380952381,0.3869047619047619,33,0.5689655172413793,25.573609485365047,25.65766110701512
64,.FNK+57.021PFVFLMIEQNTK.__missing,0.004898972685673756,missingness,.FNK+57.021PFVFLMIEQNTK,,,,,,,,,0,False,0,0.0,1.0,0,0.0,,
65,.VT-30.011VLGQPK.,0.00478404359409876,abundance,.VT-30.011VLGQPK.,.VTVLGQPK.,sp|B9A064|IGLL5_HUMAN;tr|A0A0B4J231|A0A0B4J231_HUMAN,"T-30,2[T->A/1]",T-30[T->A/1],1000.0,2.0,B9A064,B9A064;A0A0B4J231,2,False,241,0.7172619047619048,0.28273809523809523,41,0.7068965517241379,26.33445272652029,26.24713653225016
66,.AVLTID-18.011EK.,0.004643620959161112,abundance,.AVLTID-18.011EK.,.AVLTIDEK.,sp|P01009|A1AT_HUMAN;sp|P20848|A1ATR_HUMAN;tr|A0A024R6I7|A0A024R6I7_HUMAN;tr|A0A0G2JPK4|A0A0G2JPK4_HUMAN,"D-18,6[Dehydrated]",D-18[Dehydrated],7.983,2.0,P01009,P01009;P20848;A0A024R6I7;A0A0G2JPK4,4,False,177,0.5267857142857143,0.4732142857142857,33,0.5689655172413793,25.805633922047445,25.70303187699605
67,.EIVLTQSPGTLSL-26.052SPGER.,0.004610455679362515,abundance,.EIVLTQSPGTLSL-26.052SPGER.,.EIVLTQSPGTLSLSPGER.,sp|P01619|KV301_HUMAN,"L-26,13[L->S/1]",L-26[L->S/1],1000.0,2.0,P01619,P01619,1,True,174,0.5178571428571429,0.48214285714285715,31,0.5344827586206896,24.96268251271625,25.021019627248787
68,.+57.021VQLVQSGAEVK.__missing,0.004550650884609522,missingness,.+57.021VQLVQSGAEVK,,,,,,,,,0,False,0,0.0,1.0,0,0.0,,
69,.HYEGSTVPEK+42.047.__missing,0.004513957741876775,missingness,.HYEGSTVPEK+42.047,,,,,,,,,0,False,0,0.0,1.0,0,0.0,,
70,.AGVE-0.984TTTPSK.__missing,0.004352904174564796,missingness,.AGVE-0.984TTTPSK,,,,,,,,,0,False,0,0.0,1.0,0,0.0,,
71,.LLIY-26.004GASTR.,0.004332342841917058,abundance,.LLIY-26.004GASTR.,.LLIYGASTR.,sp|A0A0C4DH55|KVD07_HUMAN;sp|P01624|KV315_HUMAN;tr|A0A075B6H7|A0A075B6H7_HUMAN;tr|A0A0C4DH90|A0A0C4DH90_HUMAN,"Y-26,4[Y->H/1]",Y-26[Y->H/1],11.709,2.0,A0A0C4DH55,A0A0C4DH55;P01624;A0A075B6H7;A0A0C4DH90,4,False,231,0.6875,0.3125,36,0.6206896551724138,26.92374783974968,26.89403308498141
72,.AGVETTT-3.995PSK.,0.0042521970243770985,abundance,.AGVETTT-3.995PSK.,.AGVETTTPSK.,sp|P0DOY2|IGLC2_HUMAN;sp|P0DOY3|IGLC3_HUMAN,"T-4,7[T->P/1]",T-4[T->P/1],1000.0,2.0,P0DOY2,P0DOY2;P0DOY3,2,False,314,0.9345238095238095,0.06547619047619048,52,0.896551724137931,25.349661455339923,25.29998565136812
73,.ADDKETC+316.138FAEEGKK.,0.004050924254272011,abundance,.ADDKETC+316.138FAEEGKK.,.ADDKETCFAEEGKK.,sp|P02768-2|ALBU_HUMAN;sp|P02768-3|ALBU_HUMAN;sp|P02768|ALBU_HUMAN;tr|A0A087WWT3|A0A087WWT3_HUMAN;tr|B7WNR0|B7WNR0_HUMAN;tr|C9JKR2|C9JKR2_HUMAN;tr|D6RHD5|D6RHD5_HUMAN;tr|H0YA55|H0YA55_HUMAN,"C+316,7[IBTP]",C+316[IBTP],30.601,3.0,P02768,P02768;A0A087WWT3;B7WNR0;C9JKR2;D6RHD5;H0YA55,6,False,266,0.7916666666666666,0.20833333333333334,41,0.7068965517241379,29.054765652801642,29.021656351737253
74,.LVNEVTEFAKTC-33.988VADESAENC+31.990DK.,0.0040171931555306115,abundance,.LVNEVTEFAKTC-33.988VADESAENC+31.990DK.,.LVNEVTEFAKTCVADESAENCDK.,sp|P02768-3|ALBU_HUMAN;sp|P02768|ALBU_HUMAN;tr|A0A087WWT3|A0A087WWT3_HUMAN;tr|A0A0C4DGB6|A0A0C4DGB6_HUMAN;tr|H7C013|H7C013_HUMAN,"C-34,12[Cys->Dha] & C+32,21[Dioxidation]",C-34[Cys->Dha],0.0,2.0,P02768,P02768;A0A087WWT3;A0A0C4DGB6;H7C013,4,False,222,0.6607142857142857,0.3392857142857143,34,0.5862068965517241,30.547423831065245,30.18866819482198
75,.EPQVYTLPPSQEEM+15.995TK.,0.004010952954117646,abundance,.EPQVYTLPPSQEEM+15.995TK.,.EPQVYTLPPSQEEMTK.,sp|P01861|IGHG4_HUMAN;tr|A0A286YFJ8|A0A286YFJ8_HUMAN,"M+16,14[Oxidation]",M+16[Oxidation],1000.0,2.0,P01861,P01861;A0A286YFJ8,2,False,293,0.8720238095238095,0.12797619047619047,49,0.8448275862068966,26.527769509107724,26.469094718861125
76,.-17.027QSVLTQPPSVSAAPGQR.,0.003909403147894422,abundance,.-17.027QSVLTQPPSVSAAPGQR.,.QSVLTQPPSVSAAPGQR.,tr|Q6IN99|Q6IN99_HUMAN,"Q-17,1[Gln->pyro-Glu]",Q-17[Gln->pyro-Glu],0.0,2.0,Q6IN99,Q6IN99,1,True,170,0.5059523809523809,0.49404761904761907,27,0.46551724137931033,24.520605667515333,24.319089061675683
77,.DAH+15.995KS+13.979EVAHR.__missing,0.003788735081889265,missingness,.DAH+15.995KS+13.979EVAHR,,,,,,,,,0,False,0,0.0,1.0,0,0.0,,
78,.DS+14.016NRPSGIPER.,0.003779389747511694,abundance,.DS+14.016NRPSGIPER.,.DSNRPSGIPER.,sp|A0A075B6K2|LV312_HUMAN;sp|A0A075B6K5|LV39_HUMAN,"S+14,2[S->T/1]",S+14[S->T/1],1000.0,3.0,A0A075B6K2,A0A075B6K2;A0A075B6K5,2,False,211,0.6279761904761905,0.37202380952380953,36,0.6206896551724138,25.37343378671229,25.460964240207694
79,.LLLQQVSLPE+37.956LPGEYSMK.,0.0037569616288667374,abundance,.LLLQQVSLPE+37.956LPGEYSMK.,.LLLQQVSLPELPGEYSMK.,sp|P01023|A2MG_HUMAN,"E+38,10[Cation:K]",E+38[Cation:K],12.118,3.0,P01023,P01023,1,True,179,0.5327380952380952,0.46726190476190477,29,0.5,24.393575066770055,24.226076496089583
80,.-18.011EALKLEEKK.__missing,0.0035494009064301283,missingness,.-18.011EALKLEEKK,,,,,,,,,0,False,0,0.0,1.0,0,0.0,,
81,.LLIYSN+15.000NQRPSGVPDR.__missing,0.003501648084109495,missingness,.LLIYSN+15.000NQRPSGVPDR,,,,,,,,,0,False,0,0.0,1.0,0,0.0,,
82,.NLGK+27.995VGSK.__missing,0.0032971044252890457,missingness,.NLGK+27.995VGSK,,,,,,,,,0,False,0,0.0,1.0,0,0.0,,
83,.ASS+27.995LESGVPSR.,0.003282479190478363,abundance,.ASS+27.995LESGVPSR.,.ASSLESGVPSR.,sp|A0A0B4J2D9|KVD13_HUMAN;sp|P01602|KV105_HUMAN;sp|P0DP09|KV113_HUMAN,"S+28,3[Formyl]",S+28[Formyl],12.887,2.0,A0A0B4J2D9,A0A0B4J2D9;P01602;P0DP09,3,False,299,0.8898809523809523,0.11011904761904762,50,0.8620689655172413,25.180160328860083,25.14473668528779
84,.C+31.990C-33.988KADDKETC+57.021FAEEGKK.,0.0032462898350325933,abundance,.C+31.990C-33.988KADDKETC+57.021FAEEGKK.,.CCKADDKETCFAEEGKK.,sp|P02768-2|ALBU_HUMAN;sp|P02768-3|ALBU_HUMAN;sp|P02768|ALBU_HUMAN;tr|A0A087WWT3|A0A087WWT3_HUMAN;tr|B7WNR0|B7WNR0_HUMAN;tr|C9JKR2|C9JKR2_HUMAN;tr|D6RHD5|D6RHD5_HUMAN;tr|H0YA55|H0YA55_HUMAN,"C+32,1[Dioxidation] & C-34,2[Cys->Dha]",C+32[Dioxidation],0.0,2.0,P02768,P02768;A0A087WWT3;B7WNR0;C9JKR2;D6RHD5;H0YA55,6,False,206,0.6130952380952381,0.3869047619047619,34,0.5862068965517241,27.844050327382963,27.737246230807813
85,.NALTGLPP-10.021GLFQASATLDTLVLK.,0.0031110065582435407,abundance,.NALTGLPP-10.021GLFQASATLDTLVLK.,.NALTGLPPGLFQASATLDTLVLK.,sp|P02750|A2GL_HUMAN,"P-10,8[P->S/1]",P-10[P->S/1],0.0,2.0,P02750,P02750,1,True,185,0.5505952380952381,0.4494047619047619,33,0.5689655172413793,26.966923048192605,26.845370765417925
86,.EIVLTQSPGTLSL-26.052SPGER.__missing,0.0030705610206693016,missingness,.EIVLTQSPGTLSL-26.052SPGER,,,,,,,,,0,False,0,0.0,1.0,0,0.0,,
87,.FNK+57.021PFVFLMIEQNTK.,0.0029237058640927613,abundance,.FNK+57.021PFVFLMIEQNTK.,.FNKPFVFLMIEQNTK.,sp|P01009|A1AT_HUMAN;tr|A0A024R6I7|A0A024R6I7_HUMAN,"K+57,3[Carbamidomethyl]",K+57[Carbamidomethyl],1000.0,3.0,P01009,P01009;A0A024R6I7,2,False,225,0.6696428571428571,0.33035714285714285,38,0.6551724137931034,25.337729347010058,25.301225862642568
88,.QGFGNVATNTDGKN+14.052.__missing,0.0029072612784053924,missingness,.QGFGNVATNTDGKN+14.052,,,,,,,,,0,False,0,0.0,1.0,0,0.0,,
89,.STSESTAALGC+57.021LVKDYFPEPVTVSW+15.995NSG.,0.0028873500591725595,abundance,.STSESTAALGC+57.021LVKDYFPEPVTVSW+15.995NSG.,.STSESTAALGCLVKDYFPEPVTVSWNSG.,sp|P01859|IGHG2_HUMAN;sp|P01861|IGHG4_HUMAN;tr|A0A286YEY4|A0A286YEY4_HUMAN;tr|A0A286YFJ8|A0A286YFJ8_HUMAN,"W+16,25[Oxidation]",W+16[Oxidation],0.0,4.0,P01859,P01859;P01861;A0A286YEY4;A0A286YFJ8,4,False,197,0.5863095238095238,0.41369047619047616,33,0.5689655172413793,26.711703662730006,26.558955981087678
90,.EVQ+9.000LVQSGAEVK.,0.0028804600098911496,abundance,.EVQ+9.000LVQSGAEVK.,.EVQLVQSGAEVK.,sp|A0A0C4DH38|HV551_HUMAN;sp|A0A0G2JMI3|HV692_HUMAN;sp|A0A0J9YXX1|HV5X1_HUMAN,"Q+9,3[Q->H/1]",Q+9[Q->H/1],16.379,2.0,A0A0C4DH38,A0A0C4DH38;A0A0G2JMI3;A0A0J9YXX1,3,False,293,0.8720238095238095,0.12797619047619047,48,0.8275862068965517,25.706889129805976,25.746911004072714
91,.AEDTAVYYC+57.021VR+162.053.,0.0026730957452121076,abundance,.AEDTAVYYC+57.021VR+162.053.,.AEDTAVYYCVR.,tr|A0A0C4DH35|A0A0C4DH35_HUMAN,"R+162,11[Hex]",R+162[Hex],0.0,2.0,A0A0C4DH35,A0A0C4DH35,1,True,178,0.5297619047619048,0.47023809523809523,31,0.5344827586206896,24.886077577251285,24.60796580676261
92,.HYEGSTVPEK+42.047.,0.0026337222866889515,abundance,.HYEGSTVPEK+42.047.,.HYEGSTVPEK.,sp|P00738-2|HPT_HUMAN;sp|P00738|HPT_HUMAN;tr|A0A087WU08|A0A087WU08_HUMAN;tr|A0A0C4DGL8|A0A0C4DGL8_HUMAN;tr|H0Y300|H0Y300_HUMAN;tr|H3BS21|H3BS21_HUMAN;tr|J3QLC9|J3QLC9_HUMAN;tr|J3QR68|J3QR68_HUMAN,"Z+42,10[Propyl]",Z+42[Propyl],1000.0,2.0,P00738,P00738;A0A087WU08;A0A0C4DGL8;H0Y300;H3BS21;J3QLC9;J3QR68,7,False,252,0.75,0.25,40,0.6896551724137931,28.28677425475125,28.205187187182343
93,.LQHLE+42.047NELTHDIITK.__missing,0.0026320649030477784,missingness,.LQHLE+42.047NELTHDIITK,,,,,,,,,0,False,0,0.0,1.0,0,0.0,,
94,.TLIYDTS+27.011NK.,0.002584854361704921,abundance,.TLIYDTS+27.011NK.,.TLIYDTSNK.,sp|A0A075B6I9|LV746_HUMAN,"S+27,7[S->N/1]",S+27[S->N/1],1000.0,2.0,A0A075B6I9,A0A075B6I9,1,True,183,0.5446428571428571,0.45535714285714285,30,0.5172413793103449,24.513341595487592,24.66761090574778
95,.+57.021VQLVQSGAEVK.,0.002449252588826087,abundance,.+57.021VQLVQSGAEVK.,.VQLVQSGAEVK.,sp|A0A0A0MS14|HV145_HUMAN,"X+57,1[Carbamidomethyl]",X+57[Carbamidomethyl],1000.0,2.0,A0A0A0MS14,A0A0A0MS14,1,True,217,0.6458333333333334,0.3541666666666667,34,0.5862068965517241,25.149313057204967,25.187304178636975
96,.VFSNGADLSGVTE+42.047EAPLK.__missing,0.0024178703153166,missingness,.VFSNGADLSGVTE+42.047EAPLK,,,,,,,,,0,False,0,0.0,1.0,0,0.0,,
97,.LRTEGDGVYTLNNEK+42.047.,0.002396134967773527,abundance,.LRTEGDGVYTLNNEK+42.047.,.LRTEGDGVYTLNNEK.,sp|P00738-2|HPT_HUMAN;sp|P00738|HPT_HUMAN;tr|H3BMJ7|H3BMJ7_HUMAN;tr|H3BS21|H3BS21_HUMAN;tr|J3KRH2|J3KRH2_HUMAN;tr|J3KSV1|J3KSV1_HUMAN;tr|J3QLC9|J3QLC9_HUMAN;tr|J3QQI8|J3QQI8_HUMAN,"Z+42,15[Propyl]",Z+42[Propyl],1000.0,2.0,P00738,P00738;H3BMJ7;H3BS21;J3KRH2;J3KSV1;J3QLC9;J3QQI8,7,False,237,0.7053571428571429,0.29464285714285715,36,0.6206896551724138,28.08918498303656,28.125734341682094
98,.VTVL+14.975GQPK.__missing,0.002358322217336697,missingness,.VTVL+14.975GQPK,,,,,,,,,0,False,0,0.0,1.0,0,0.0,,
99,.LRTEGDGVYTLN+0.984DKK.,0.0023516214654088147,abundance,.LRTEGDGVYTLN+0.984DKK.,.LRTEGDGVYTLNDKK.,sp|P00738|HPT_HUMAN;sp|P00739-2|HPTR_HUMAN;sp|P00739|HPTR_HUMAN;tr|A0A0C4DGL8|A0A0C4DGL8_HUMAN;tr|H0Y300|H0Y300_HUMAN;tr|J3KRH2|J3KRH2_HUMAN;tr|J3KTC3|J3KTC3_HUMAN;tr|J3QLC9|J3QLC9_HUMAN;tr|J3QR68|J3QR68_HUMAN,"N+1,12[Deamidated]",N+1[Deamidated],1000.0,2.0,P00738,P00738;P00739;A0A0C4DGL8;H0Y300;J3KRH2;J3KTC3;J3QLC9;J3QR68,8,False,287,0.8541666666666666,0.14583333333333334,47,0.8103448275862069,29.37215228341893,29.026574942608413
100,.FTISRDD+14.016SK.,0.0022454861625488156,abundance,.FTISRDD+14.016SK.,.FTISRDDSK.,sp|A0A0A0MS15|HV349_HUMAN;sp|A0A0B4J1V0|HV315_HUMAN;sp|A0A0B4J1V6|HV373_HUMAN;sp|A0A0B4J1Y9|HV372_HUMAN,"D+14,7[Methyl]",D+14[Methyl],17.243,2.0,A0A0A0MS15,A0A0A0MS15;A0A0B4J1V0;A0A0B4J1V6;A0A0B4J1Y9,4,False,183,0.5446428571428571,0.45535714285714285,30,0.5172413793103449,23.90527626617861,23.882503239408408
101,.LRTEGDGVYTLNN-17.027EK.__missing,0.0022342608080601384,missingness,.LRTEGDGVYTLNN-17.027EK,,,,,,,,,0,False,0,0.0,1.0,0,0.0,,
102,.ADDKETC+316.138FAEEGKK.__missing,0.002216848884287553,missingness,.ADDKETC+316.138FAEEGKK,,,,,,,,,0,False,0,0.0,1.0,0,0.0,,
103,.LRTEGDGVYTLNDK+57.021K.,0.002184889807181571,abundance,.LRTEGDGVYTLNDK+57.021K.,.LRTEGDGVYTLNDKK.,sp|P00738|HPT_HUMAN;sp|P00739-2|HPTR_HUMAN;sp|P00739|HPTR_HUMAN;tr|A0A0C4DGL8|A0A0C4DGL8_HUMAN;tr|H0Y300|H0Y300_HUMAN;tr|J3KRH2|J3KRH2_HUMAN;tr|J3KTC3|J3KTC3_HUMAN;tr|J3QLC9|J3QLC9_HUMAN;tr|J3QR68|J3QR68_HUMAN,"K+57,14[Carbamidomethyl]",K+57[Carbamidomethyl],1000.0,2.0,P00738,P00738;P00739;A0A0C4DGL8;H0Y300;J3KRH2;J3KTC3;J3QLC9;J3QR68,8,False,270,0.8035714285714286,0.19642857142857142,44,0.7586206896551724,26.015921585106447,25.935246931856163
104,.TYLPAVDEK+42.047.__missing,0.0021756198088210303,missingness,.TYLPAVDEK+42.047,,,,,,,,,0,False,0,0.0,1.0,0,0.0,,
105,.TLIYDTS+27.011NK.__missing,0.002171214544302478,missingness,.TLIYDTS+27.011NK,,,,,,,,,0,False,0,0.0,1.0,0,0.0,,
106,.LRTEGDGVYTLNNEK+57.021.,0.002144259643394114,abundance,.LRTEGDGVYTLNNEK+57.021.,.LRTEGDGVYTLNNEK.,sp|P00738-2|HPT_HUMAN;sp|P00738|HPT_HUMAN;tr|H3BMJ7|H3BMJ7_HUMAN;tr|H3BS21|H3BS21_HUMAN;tr|J3KRH2|J3KRH2_HUMAN;tr|J3KSV1|J3KSV1_HUMAN;tr|J3QLC9|J3QLC9_HUMAN;tr|J3QQI8|J3QQI8_HUMAN,"K+57,15[Carbamidomethyl]",K+57[Carbamidomethyl],1000.0,3.0,P00738,P00738;H3BMJ7;H3BS21;J3KRH2;J3KSV1;J3QLC9;J3QQI8,7,False,270,0.8035714285714286,0.19642857142857142,46,0.7931034482758621,25.110732049308105,25.064041459996282
107,.ASGVPDRFSGSGSGTD+14.016FTLK.__missing,0.002071414108485313,missingness,.ASGVPDRFSGSGSGTD+14.016FTLK,,,,,,,,,0,False,0,0.0,1.0,0,0.0,,
108,.SC-33.988HTGLGR.,0.001997751679473382,abundance,.SC-33.988HTGLGR.,.SCHTGLGR.,sp|P02787|TRFE_HUMAN;tr|C9JVG0|C9JVG0_HUMAN,"C-34,2[Cys->Dha]",C-34[Cys->Dha],0.0,2.0,P02787,P02787;C9JVG0,2,False,221,0.6577380952380952,0.34226190476190477,36,0.6206896551724138,27.933333286314706,27.780078587503155
109,.HYEGSTVPE+42.047K.,0.0019531118871267588,abundance,.HYEGSTVPE+42.047K.,.HYEGSTVPEK.,sp|P00738-2|HPT_HUMAN;sp|P00738|HPT_HUMAN;tr|A0A087WU08|A0A087WU08_HUMAN;tr|A0A0C4DGL8|A0A0C4DGL8_HUMAN;tr|H0Y300|H0Y300_HUMAN;tr|H3BS21|H3BS21_HUMAN;tr|J3QLC9|J3QLC9_HUMAN;tr|J3QR68|J3QR68_HUMAN,"E+42,9[Propyl]",E+42[Propyl],1000.0,2.0,P00738,P00738;A0A087WU08;A0A0C4DGL8;H0Y300;H3BS21;J3QLC9;J3QR68,7,False,259,0.7708333333333334,0.22916666666666666,46,0.7931034482758621,24.585603051201275,25.147707464108535
110,.THTC-33.988PPC+31.990PAPELLGGPSVFLFPPKPK.__missing,0.001924914770852241,missingness,.THTC-33.988PPC+31.990PAPELLGGPSVFLFPPKPK,,,,,,,,,0,False,0,0.0,1.0,0,0.0,,
111,.LLIY-26.004DASSR.__missing,0.0018961674946025094,missingness,.LLIY-26.004DASSR,,,,,,,,,0,False,0,0.0,1.0,0,0.0,,
112,.LRTEGD-18.011GVYTLNDKK.,0.001878316373182841,abundance,.LRTEGD-18.011GVYTLNDKK.,.LRTEGDGVYTLNDKK.,sp|P00738|HPT_HUMAN;sp|P00739-2|HPTR_HUMAN;sp|P00739|HPTR_HUMAN;tr|A0A0C4DGL8|A0A0C4DGL8_HUMAN;tr|H0Y300|H0Y300_HUMAN;tr|J3KRH2|J3KRH2_HUMAN;tr|J3KTC3|J3KTC3_HUMAN;tr|J3QLC9|J3QLC9_HUMAN;tr|J3QR68|J3QR68_HUMAN,"D-18,6[Dehydrated]",D-18[Dehydrated],27.322,2.0,P00738,P00738;P00739;A0A0C4DGL8;H0Y300;J3KRH2;J3KTC3;J3QLC9;J3QR68,8,False,207,0.6160714285714286,0.38392857142857145,35,0.603448275862069,25.472040193888425,25.492026668300074
113,.ADDKET+236.214C+47.944FAEEGKK.,0.0018635971642347122,abundance,.ADDKET+236.214C+47.944FAEEGKK.,.ADDKETCFAEEGKK.,sp|P02768-2|ALBU_HUMAN;sp|P02768-3|ALBU_HUMAN;sp|P02768|ALBU_HUMAN;tr|A0A087WWT3|A0A087WWT3_HUMAN;tr|B7WNR0|B7WNR0_HUMAN;tr|C9JKR2|C9JKR2_HUMAN;tr|D6RHD5|D6RHD5_HUMAN;tr|H0YA55|H0YA55_HUMAN,"T+236,6[Palmitoleyl] & C+48,7[Delta:S(-1)Se(1)]",T+236[Palmitoleyl],36.445,3.0,P02768,P02768;A0A087WWT3;B7WNR0;C9JKR2;D6RHD5;H0YA55,6,False,220,0.6547619047619048,0.34523809523809523,34,0.5862068965517241,25.940899629481006,25.801026248780797
114,.PFVFLMIE-14.016QNTK.,0.0018601231277546577,abundance,.PFVFLMIE-14.016QNTK.,.PFVFLMIEQNTK.,sp|P01009|A1AT_HUMAN;tr|A0A024R6I7|A0A024R6I7_HUMAN,"E-14,8[E->D/1]",E-14[E->D/1],1000.0,2.0,P01009,P01009;A0A024R6I7,2,False,177,0.5267857142857143,0.4732142857142857,33,0.5689655172413793,27.741126105450178,26.723174743234097
115,.DAHKS+13.979EVAHR.__missing,0.0018571378037702617,missingness,.DAHKS+13.979EVAHR,,,,,,,,,0,False,0,0.0,1.0,0,0.0,,
116,.DAH+15.995KS+13.979EVAHR.,0.0018457815075094378,abundance,.DAH+15.995KS+13.979EVAHR.,.DAHKSEVAHR.,sp|P02768-2|ALBU_HUMAN;sp|P02768-3|ALBU_HUMAN;sp|P02768|ALBU_HUMAN;tr|A0A087WWT3|A0A087WWT3_HUMAN;tr|A0A0C4DGB6|A0A0C4DGB6_HUMAN;tr|B7WNR0|B7WNR0_HUMAN;tr|C9JKR2|C9JKR2_HUMAN;tr|H7C013|H7C013_HUMAN,"H+16,3[Oxidation] & S+14,5[Carbonyl]",H+16[Oxidation],15.065,2.0,P02768,P02768;A0A087WWT3;A0A0C4DGB6;B7WNR0;C9JKR2;H7C013,6,False,210,0.625,0.375,32,0.5517241379310345,25.67006876513679,25.43167011008583
117,.ADSSPVK+28.006.__missing,0.0018286245460425658,missingness,.ADSSPVK+28.006,,,,,,,,,0,False,0,0.0,1.0,0,0.0,,
118,.VFSNGADLSGVTE+42.047EAPLK.,0.00177397504101941,abundance,.VFSNGADLSGVTE+42.047EAPLK.,.VFSNGADLSGVTEEAPLK.,sp|P01009-2|A1AT_HUMAN;sp|P01009|A1AT_HUMAN;tr|A0A024R6I7|A0A024R6I7_HUMAN;tr|A0A0G2JRN3|A0A0G2JRN3_HUMAN,"E+42,13[Propyl]",E+42[Propyl],1000.0,2.0,P01009,P01009;A0A024R6I7;A0A0G2JRN3,3,False,183,0.5446428571428571,0.45535714285714285,33,0.5689655172413793,25.555688974720443,25.616230387202712
119,.VVSVLTVLHQDW+3.995LN+0.984GK.,0.0017454317369941853,abundance,.VVSVLTVLHQDW+3.995LN+0.984GK.,.VVSVLTVLHQDWLNGK.,sp|P01857|IGHG1_HUMAN;sp|P01860|IGHG3_HUMAN;sp|P01861|IGHG4_HUMAN;tr|A0A0A0MS08|A0A0A0MS08_HUMAN;tr|A0A286YES1|A0A286YES1_HUMAN;tr|A0A286YFJ8|A0A286YFJ8_HUMAN,"W+4,12[Trp->Kynurenin] & N+1,14[Deamidated]",W+4[Trp->Kynurenin],22.513,2.0,P01857,P01857;P01860;P01861;A0A0A0MS08;A0A286YES1;A0A286YFJ8,6,False,302,0.8988095238095238,0.10119047619047619,50,0.8620689655172413,29.766203899433904,28.781433455317682
120,.NWGLSVYADKPETTK+42.047.__missing,0.0017000921307429547,missingness,.NWGLSVYADKPETTK+42.047,,,,,,,,,0,False,0,0.0,1.0,0,0.0,,
121,.SYSC+305.068QVTHEGSTVEK.,0.0016657334923868964,abundance,.SYSC+305.068QVTHEGSTVEK.,.SYSCQVTHEGSTVEK.,sp|B9A064|IGLL5_HUMAN;sp|P0CF74|IGLC6_HUMAN;sp|P0CG04|IGLC1_HUMAN;sp|P0DOY2|IGLC2_HUMAN;sp|P0DOY3|IGLC3_HUMAN;tr|A0A0B4J231|A0A0B4J231_HUMAN,"C+305,4[Glutathione]",C+305[Glutathione],1000.0,2.0,B9A064,B9A064;P0CF74;P0CG04;P0DOY2;P0DOY3;A0A0B4J231,6,False,274,0.8154761904761905,0.18452380952380953,46,0.7931034482758621,25.228666298782443,25.141156440487773
122,.LLIYDA+15.995SNR.,0.0016410212606286058,abundance,.LLIYDA+15.995SNR.,.LLIYDASNR.,sp|A0A0A0MRZ8|KVD11_HUMAN;sp|P04433|KV311_HUMAN,"A+16,6[A->S/1]",A+16[A->S/1],1000.0,2.0,A0A0A0MRZ8,A0A0A0MRZ8;P04433,2,False,175,0.5208333333333334,0.4791666666666667,32,0.5517241379310345,25.939840307287717,25.887163935809657
123,.NWGLSVYADKPETTK+42.047.,0.001619158300967458,abundance,.NWGLSVYADKPETTK+42.047.,.NWGLSVYADKPETTK.,sp|P02763|A1AG1_HUMAN,"Z+42,15[Propyl]",Z+42[Propyl],1000.0,2.0,P02763,P02763,1,True,211,0.6279761904761905,0.37202380952380953,33,0.5689655172413793,25.91007693974325,25.861100342809706
124,.W+15.995FYIASAFR.__missing,0.0015120588066813566,missingness,.W+15.995FYIASAFR,,,,,,,,,0,False,0,0.0,1.0,0,0.0,,
125,.LRTEGDGVYTLNN-17.027EK.,0.0015114877443048677,abundance,.LRTEGDGVYTLNN-17.027EK.,.LRTEGDGVYTLNNEK.,sp|P00738-2|HPT_HUMAN;sp|P00738|HPT_HUMAN;tr|H3BMJ7|H3BMJ7_HUMAN;tr|H3BS21|H3BS21_HUMAN;tr|J3KRH2|J3KRH2_HUMAN;tr|J3KSV1|J3KSV1_HUMAN;tr|J3QLC9|J3QLC9_HUMAN;tr|J3QQI8|J3QQI8_HUMAN,"N-17,13[Ammonia-loss]",N-17[Ammonia-loss],1000.0,2.0,P00738,P00738;H3BMJ7;H3BS21;J3KRH2;J3KSV1;J3QLC9;J3QQI8,7,False,186,0.5535714285714286,0.44642857142857145,37,0.6379310344827587,25.17786929158827,25.06118255974349
126,.VDNALQSGNSQESVTEQDS+14.016K.__missing,0.0014973281048087698,missingness,.VDNALQSGNSQESVTEQDS+14.016K,,,,,,,,,0,False,0,0.0,1.0,0,0.0,,
127,.AFIQLW+15.995AFDAVK.,0.0014715233615000096,abundance,.AFIQLW+15.995AFDAVK.,.AFIQLWAFDAVK.,sp|P02760|AMBP_HUMAN;tr|S4R471|S4R471_HUMAN,"W+16,6[Oxidation]",W+16[Oxidation],1000.0,2.0,P02760,P02760;S4R471,2,False,174,0.5178571428571429,0.48214285714285715,27,0.46551724137931033,22.60637532697078,22.468145772643723
128,.LLIY-76.031DASNLETGVPSR.__missing,0.001468260969762977,missingness,.LLIY-76.031DASNLETGVPSR,,,,,,,,,0,False,0,0.0,1.0,0,0.0,,
129,.P-26.016GQAPVLVVYDDSDRPSGIPER.__missing,0.0014040944530486759,missingness,.P-26.016GQAPVLVVYDDSDRPSGIPER,,,,,,,,,0,False,0,0.0,1.0,0,0.0,,
130,.-18.011EFSHLGK.,0.0013855480369979834,abundance,.-18.011EFSHLGK.,.EFSHLGK.,sp|P02774-3|VTDB_HUMAN;sp|P02774|VTDB_HUMAN;tr|D6RBJ7|D6RBJ7_HUMAN;tr|D6RF20|D6RF20_HUMAN;tr|D6RF35|D6RF35_HUMAN,"E-18,1[Glu->pyro-Glu]",E-18[Glu->pyro-Glu],6.505,2.0,P02774,P02774;D6RBJ7;D6RF20;D6RF35,4,False,209,0.6220238095238095,0.37797619047619047,40,0.6896551724137931,23.95989309678896,24.01798413922336
131,.+57.021ALPAPIEK.,0.0013730622338617316,abundance,.+57.021ALPAPIEK.,.ALPAPIEK.,sp|P01857|IGHG1_HUMAN;sp|P01860|IGHG3_HUMAN;tr|A0A0A0MS07|A0A0A0MS07_HUMAN;tr|A0A0A0MS08|A0A0A0MS08_HUMAN;tr|A0A286YES1|A0A286YES1_HUMAN,"X+57,1[Carbamidomethyl]",X+57[Carbamidomethyl],6.505,2.0,P01857,P01857;P01860;A0A0A0MS07;A0A0A0MS08;A0A286YES1,5,False,229,0.6815476190476191,0.31845238095238093,40,0.6896551724137931,25.198420685576046,25.47929594919058
132,.TEGDGVYTLN+0.984DKK.,0.0013318668995868264,abundance,.TEGDGVYTLN+0.984DKK.,.TEGDGVYTLNDKK.,sp|P00738|HPT_HUMAN;sp|P00739-2|HPTR_HUMAN;sp|P00739|HPTR_HUMAN;tr|A0A0C4DGL8|A0A0C4DGL8_HUMAN;tr|H0Y300|H0Y300_HUMAN;tr|J3KRH2|J3KRH2_HUMAN;tr|J3KTC3|J3KTC3_HUMAN;tr|J3QLC9|J3QLC9_HUMAN;tr|J3QR68|J3QR68_HUMAN,"N+1,10[Deamidated]",N+1[Deamidated],1000.0,2.0,P00738,P00738;P00739;A0A0C4DGL8;H0Y300;J3KRH2;J3KTC3;J3QLC9;J3QR68,8,False,284,0.8452380952380952,0.15476190476190477,47,0.8103448275862069,27.83029533787501,27.69367459587076
133,.K+57.021Q+0.984TALVELVK.,0.0013210299794540305,abundance,.K+57.021Q+0.984TALVELVK.,.KQTALVELVK.,sp|P02768-2|ALBU_HUMAN;sp|P02768-3|ALBU_HUMAN;sp|P02768|ALBU_HUMAN;tr|A0A087WWT3|A0A087WWT3_HUMAN;tr|A0A0C4DGB6|A0A0C4DGB6_HUMAN;tr|B7WNR0|B7WNR0_HUMAN;tr|C9JKR2|C9JKR2_HUMAN;tr|D6RHD5|D6RHD5_HUMAN;tr|H0YA55|H0YA55_HUMAN,"K+57,1[Carbamidomethyl] & Q+1,2[Deamidated]",K+57[Carbamidomethyl],25.339,3.0,P02768,P02768;A0A087WWT3;A0A0C4DGB6;B7WNR0;C9JKR2;D6RHD5;H0YA55,7,False,176,0.5238095238095238,0.47619047619047616,29,0.5,26.375936881704362,26.26645635307408
134,.NSLFEYQKN+0.984NKDSHSLTTNIMEILR.__missing,0.0013194552690748889,missingness,.NSLFEYQKN+0.984NKDSHSLTTNIMEILR,,,,,,,,,0,False,0,0.0,1.0,0,0.0,,
135,.AEFQDALEK+42.047.__missing,0.0013147963035537186,missingness,.AEFQDALEK+42.047,,,,,,,,,0,False,0,0.0,1.0,0,0.0,,
136,.ATEHLSTLSE+42.047K.,0.0012862520731051312,abundance,.ATEHLSTLSE+42.047K.,.ATEHLSTLSEK.,sp|P02647|APOA1_HUMAN;tr|F8W696|F8W696_HUMAN,"E+42,10[Propyl]",E+42[Propyl],1000.0,2.0,P02647,P02647;F8W696,2,False,305,0.9077380952380952,0.09226190476190477,51,0.8793103448275862,26.631883433453545,26.79963394114581
137,.SGTSASLAIT+55.053.,0.0012505051979404852,abundance,.SGTSASLAIT+55.053.,.SGTSASLAIT.,sp|P01703|LV140_HUMAN;tr|A0A075B6I6|A0A075B6I6_HUMAN,"T+55,10[T->R/1]",T+55[T->R/1],0.0,2.0,P01703,P01703;A0A075B6I6,2,False,284,0.8452380952380952,0.15476190476190477,45,0.7758620689655172,26.276068214518936,26.38602087039728
138,.VMPIC-33.988LPSK.,0.0012364754635915617,abundance,.VMPIC-33.988LPSK.,.VMPICLPSK.,sp|P00738-2|HPT_HUMAN;sp|P00738|HPT_HUMAN;sp|P00739-2|HPTR_HUMAN;sp|P00739|HPTR_HUMAN;tr|A0A087WU08|A0A087WU08_HUMAN;tr|A0A0A0MRD9|A0A0A0MRD9_HUMAN;tr|A0A0C4DGL8|A0A0C4DGL8_HUMAN;tr|H0Y300|H0Y300_HUMAN;tr|H3BS21|H3BS21_HUMAN;tr|J3QLC9|J3QLC9_HUMAN [further mapped to 1 additional proteins],"C-34,5[Cys->Dha]",C-34[Cys->Dha],7.696,2.0,P00738,P00738;P00739;A0A087WU08;A0A0A0MRD9;A0A0C4DGL8;H0Y300;H3BS21;J3QLC9,8,False,294,0.875,0.125,49,0.8448275862068966,27.261843037955302,27.09109148737169
139,.VDNALQSGN+22.966SQESVTEQDSK.,0.0011265085158189048,abundance,.VDNALQSGN+22.966SQESVTEQDSK.,.VDNALQSGNSQESVTEQDSK.,sp|P01834|IGKC_HUMAN,"N+23,9[Deamidated+Cation:Na]",N+23[Deamidated+Cation:Na],32.985,2.0,P01834,P01834,1,True,234,0.6964285714285714,0.30357142857142855,41,0.7068965517241379,26.390478739368458,26.136598655101174
140,.+57.021ALPAPIEK.__missing,0.001107723702777007,missingness,.+57.021ALPAPIEK,,,,,,,,,0,False,0,0.0,1.0,0,0.0,,
141,.LNN-17.027GEITQHRK.__missing,0.001045598933345434,missingness,.LNN-17.027GEITQHRK,,,,,,,,,0,False,0,0.0,1.0,0,0.0,,
142,.LQHLE+42.047NELTHDIITK.,0.0010376188865194203,abundance,.LQHLE+42.047NELTHDIITK.,.LQHLENELTHDIITK.,sp|P01009-2|A1AT_HUMAN;sp|P01009-3|A1AT_HUMAN;sp|P01009|A1AT_HUMAN;tr|A0A024R6I7|A0A024R6I7_HUMAN;tr|A0A0G2JRN3|A0A0G2JRN3_HUMAN,"E+42,5[Propyl]",E+42[Propyl],1000.0,3.0,P01009,P01009;A0A024R6I7;A0A0G2JRN3,3,False,178,0.5297619047619048,0.47023809523809523,32,0.5517241379310345,24.527659913893316,24.615241018447996
143,.LLIY-26.004DASSR.,0.0010211973708577516,abundance,.LLIY-26.004DASSR.,.LLIYDASSR.,sp|A0A0C4DH25|KVD20_HUMAN,"Y-26,4[Y->H/1]",Y-26[Y->H/1],11.419,2.0,A0A0C4DH25,A0A0C4DH25,1,True,170,0.5059523809523809,0.49404761904761907,28,0.4827586206896552,25.79283477277229,25.92047234239371
144,.TVAAPSVFIFPPSDEQLK+42.047.,0.0009993826220829444,abundance,.TVAAPSVFIFPPSDEQLK+42.047.,.TVAAPSVFIFPPSDEQLK.,sp|P01834|IGKC_HUMAN,"Z+42,18[Propyl]",Z+42[Propyl],1000.0,2.0,P01834,P01834,1,True,244,0.7261904761904762,0.27380952380952384,37,0.6379310344827587,27.165175864305418,26.84432888069464
145,.AFIQLW+15.995AFDAVK.__missing,0.0009754605412637546,missingness,.AFIQLW+15.995AFDAVK,,,,,,,,,0,False,0,0.0,1.0,0,0.0,,
146,.DAHKS+13.979EVAHR.,0.0009606869446316631,abundance,.DAHKS+13.979EVAHR.,.DAHKSEVAHR.,sp|P02768-2|ALBU_HUMAN;sp|P02768-3|ALBU_HUMAN;sp|P02768|ALBU_HUMAN;tr|A0A087WWT3|A0A087WWT3_HUMAN;tr|A0A0C4DGB6|A0A0C4DGB6_HUMAN;tr|B7WNR0|B7WNR0_HUMAN;tr|C9JKR2|C9JKR2_HUMAN;tr|H7C013|H7C013_HUMAN,"S+14,5[Carbonyl]",S+14[Carbonyl],16.337,3.0,P02768,P02768;A0A087WWT3;A0A0C4DGB6;B7WNR0;C9JKR2;H7C013,6,False,200,0.5952380952380952,0.40476190476190477,32,0.5517241379310345,25.81073861123057,25.431177853458973
147,.KDSGFQMN+0.984QLR.,0.0009539524575743793,abundance,.KDSGFQMN+0.984QLR.,.KDSGFQMNQLR.,sp|P02787|TRFE_HUMAN,"N+1,8[Deamidated]",N+1[Deamidated],1000.0,2.0,P02787,P02787,1,True,169,0.5029761904761905,0.49702380952380953,27,0.46551724137931033,24.08330158301269,24.048534918782032
148,.K+57.021Q+0.984TALVELVK.__missing,0.0009445270498576812,missingness,.K+57.021Q+0.984TALVELVK,,,,,,,,,0,False,0,0.0,1.0,0,0.0,,
149,.DVM+15.995QGTDEHVVC+57.021K.,0.0009213281505672357,abundance,.DVM+15.995QGTDEHVVC+57.021K.,.DVMQGTDEHVVCK.,sp|P01871-2|IGHM_HUMAN;sp|P01871|IGHM_HUMAN;tr|A0A1B0GUU9|A0A1B0GUU9_HUMAN,"M+16,3[Oxidation]",M+16[Oxidation],14.339,2.0,P01871,P01871;A0A1B0GUU9,2,False,200,0.5952380952380952,0.40476190476190477,36,0.6206896551724138,24.456740826556416,24.422315080371632
150,.C+24.995FLQHKDDNPNLPR.__missing,0.0009200086650872426,missingness,.C+24.995FLQHKDDNPNLPR,,,,,,,,,0,False,0,0.0,1.0,0,0.0,,
151,.LRTEGDGVYTLN+0.984NEK.,0.000912949042747658,abundance,.LRTEGDGVYTLN+0.984NEK.,.LRTEGDGVYTLNNEK.,sp|P00738-2|HPT_HUMAN;sp|P00738|HPT_HUMAN;tr|H3BMJ7|H3BMJ7_HUMAN;tr|H3BS21|H3BS21_HUMAN;tr|J3KRH2|J3KRH2_HUMAN;tr|J3KSV1|J3KSV1_HUMAN;tr|J3QLC9|J3QLC9_HUMAN;tr|J3QQI8|J3QQI8_HUMAN,"N+1,12[Deamidated]",N+1[Deamidated],1000.0,2.0,P00738,P00738;H3BMJ7;H3BS21;J3KRH2;J3KSV1;J3QLC9;J3QQI8,7,False,311,0.9255952380952381,0.0744047619047619,51,0.8793103448275862,28.801618821102853,28.69475061998251
152,.AGVETTT-30.011PSK.,0.0009102775446325708,abundance,.AGVETTT-30.011PSK.,.AGVETTTPSK.,sp|P0DOY2|IGLC2_HUMAN;sp|P0DOY3|IGLC3_HUMAN,"T-30,7[T->A/1]",T-30[T->A/1],1000.0,2.0,P0DOY2,P0DOY2;P0DOY3,2,False,318,0.9464285714285714,0.05357142857142857,52,0.896551724137931,27.23520727976951,27.296178349386697
153,.-17.027QVQLLESGGGLVKPGGSLR.,0.0008947092606906264,abundance,.-17.027QVQLLESGGGLVKPGGSLR.,.QVQLLESGGGLVKPGGSLR.,tr|A2N2G5|A2N2G5_HUMAN,"Q-17,1[Gln->pyro-Glu]",Q-17[Gln->pyro-Glu],0.0,2.0,A2N2G5,A2N2G5,1,True,207,0.6160714285714286,0.38392857142857145,33,0.5689655172413793,25.901334962337213,25.74180753323124
154,.SLHTLFGDKLC+47.985TVATLR.,0.0008818564254115783,abundance,.SLHTLFGDKLC+47.985TVATLR.,.SLHTLFGDKLCTVATLR.,sp|P02768-3|ALBU_HUMAN;sp|P02768|ALBU_HUMAN;tr|A0A087WWT3|A0A087WWT3_HUMAN;tr|A0A0C4DGB6|A0A0C4DGB6_HUMAN;tr|H7C013|H7C013_HUMAN,"C+48,11[Trioxidation]",C+48[Trioxidation],0.0,2.0,P02768,P02768;A0A087WWT3;A0A0C4DGB6;H7C013,4,False,252,0.75,0.25,42,0.7241379310344828,26.861502847277194,26.577447226139736
155,.-17.027QEDERIVLVDNK.,0.0008648133041050066,abundance,.-17.027QEDERIVLVDNK.,.QEDERIVLVDNK.,sp|P01591|IGJ_HUMAN;tr|C9JA05|C9JA05_HUMAN;tr|D6RD17|D6RD17_HUMAN;tr|D6RHJ6|D6RHJ6_HUMAN,"Q-17,1[Gln->pyro-Glu]",Q-17[Gln->pyro-Glu],0.0,2.0,P01591,P01591;C9JA05;D6RD17;D6RHJ6,4,False,263,0.7827380952380952,0.21726190476190477,45,0.7758620689655172,28.614484171188405,28.52433067393621
156,.DIVMTQSPLSLPVTPGEPASISC-33.988R.,0.0008565607601039292,abundance,.DIVMTQSPLSLPVTPGEPASISC-33.988R.,.DIVMTQSPLSLPVTPGEPASISCR.,sp|A0A075B6P5|KV228_HUMAN;sp|P01615|KV202_HUMAN,"C-34,23[Cys->Dha]",C-34[Cys->Dha],12.544,2.0,A0A075B6P5,A0A075B6P5;P01615,2,False,250,0.7440476190476191,0.25595238095238093,41,0.7068965517241379,25.989353801027875,25.92982540783781
157,.LH+57.021ELQEK.__missing,0.0008533429022314372,missingness,.LH+57.021ELQEK,,,,,,,,,0,False,0,0.0,1.0,0,0.0,,
158,.KAFDE+42.047KKQKWEEARAK.,0.0008499080043183447,abundance,.KAFDE+42.047KKQKWEEARAK.,.KAFDEKKQKWEEARAK.,sp|Q53T94-2|TAF1B_HUMAN;sp|Q53T94-3|TAF1B_HUMAN;sp|Q53T94|TAF1B_HUMAN;tr|U3KQ75|U3KQ75_HUMAN,"E+42,5[Propyl]",E+42[Propyl],0.0,3.0,Q53T94,Q53T94;U3KQ75,2,False,181,0.5386904761904762,0.46130952380952384,31,0.5344827586206896,23.90448174584295,23.879211094077554
159,.LLIY-26.004GASTR.__missing,0.000841507122476143,missingness,.LLIY-26.004GASTR,,,,,,,,,0,False,0,0.0,1.0,0,0.0,,
160,.DLGE+42.047ENFK.__missing,0.0008351989055612646,missingness,.DLGE+42.047ENFK,,,,,,,,,0,False,0,0.0,1.0,0,0.0,,
161,.C+24.995FLQHKDDNPNLPR.,0.0008298714061291022,abundance,.C+24.995FLQHKDDNPNLPR.,.CFLQHKDDNPNLPR.,sp|P02768-3|ALBU_HUMAN;sp|P02768|ALBU_HUMAN;tr|A0A087WWT3|A0A087WWT3_HUMAN;tr|A0A0C4DGB6|A0A0C4DGB6_HUMAN;tr|H7C013|H7C013_HUMAN,"C+25,1[Cyano]",C+25[Cyano],0.0,4.0,P02768,P02768;A0A087WWT3;A0A0C4DGB6;H7C013,4,False,240,0.7142857142857143,0.2857142857142857,38,0.6551724137931034,24.71661277394085,24.624200230675264
162,.LREQLGPVTQEFWDNLEK+42.047.__missing,0.0008254682721038236,missingness,.LREQLGPVTQEFWDNLEK+42.047,,,,,,,,,0,False,0,0.0,1.0,0,0.0,,
163,.LH+57.021ELQEK.,0.000820410581436985,abundance,.LH+57.021ELQEK.,.LHELQEK.,sp|P02647|APOA1_HUMAN;tr|F8W696|F8W696_HUMAN,"H+57,2[Carbamidomethyl]",H+57[Carbamidomethyl],1000.0,2.0,P02647,P02647;F8W696,2,False,207,0.6160714285714286,0.38392857142857145,37,0.6379310344827587,28.29818585010667,28.236115484726607
164,.EI-14.016VMTQSPATLSVSPGER.__missing,0.0008201560234615947,missingness,.EI-14.016VMTQSPATLSVSPGER,,,,,,,,,0,False,0,0.0,1.0,0,0.0,,
165,.Q-13.032VQLVESGGGLVKPGGSLR.,0.0008197730850511088,abundance,.Q-13.032VQLVESGGGLVKPGGSLR.,.QVQLVESGGGLVKPGGSLR.,sp|A0A0B4J1V0|HV315_HUMAN;sp|A0A0B4J1V1|HV321_HUMAN;sp|P01762|HV301_HUMAN,"Q-13,1[Q->D/2]",Q-13[Q->D/2],18.125,3.0,A0A0B4J1V0,A0A0B4J1V0;A0A0B4J1V1;P01762,3,False,247,0.7351190476190477,0.2648809523809524,42,0.7241379310344828,25.3840981140021,25.363341919475896
166,.MELERPGGN-17.027EITR.__missing,0.0008194160508833963,missingness,.MELERPGGN-17.027EITR,,,,,,,,,0,False,0,0.0,1.0,0,0.0,,
167,.DGWHSWPIAHQWPQGPSAVDAAFSWEEK+42.047.__missing,0.0008161656170621689,missingness,.DGWHSWPIAHQWPQGPSAVDAAFSWEEK+42.047,,,,,,,,,0,False,0,0.0,1.0,0,0.0,,
168,.KDSGFQMN+0.984QLR.__missing,0.0008124696182963942,missingness,.KDSGFQMN+0.984QLR,,,,,,,,,0,False,0,0.0,1.0,0,0.0,,
169,.MELERPGGN-17.027EITR.,0.0008097822745903985,abundance,.MELERPGGN-17.027EITR.,.MELERPGGNEITR.,sp|P02671-2|FIBA_HUMAN;sp|P02671|FIBA_HUMAN,"N-17,9[Ammonia-loss]",N-17[Ammonia-loss],24.744,3.0,P02671,P02671,1,True,182,0.5416666666666666,0.4583333333333333,31,0.5344827586206896,24.922967079563264,25.035296519604785
170,.ALVLIAFAQYLQQC-45.988PFEDHVK.,0.0007999142250932005,abundance,.ALVLIAFAQYLQQC-45.988PFEDHVK.,.ALVLIAFAQYLQQCPFEDHVK.,sp|P02768-3|ALBU_HUMAN;sp|P02768|ALBU_HUMAN;tr|A0A087WWT3|A0A087WWT3_HUMAN;tr|A0A0C4DGB6|A0A0C4DGB6_HUMAN;tr|H7C013|H7C013_HUMAN,"C-46,14[C->G/1]",C-46[C->G/1],1000.0,3.0,P02768,P02768;A0A087WWT3;A0A0C4DGB6;H7C013,4,False,237,0.7053571428571429,0.29464285714285715,43,0.7413793103448276,25.836558364827333,25.719554019752554
171,.LLIY-15.995DASSR.,0.00078592643554163,abundance,.LLIY-15.995DASSR.,.LLIYDASSR.,sp|A0A0C4DH25|KVD20_HUMAN,"Y-16,4[Y->F/1]",Y-16[Y->F/1],3.222,2.0,A0A0C4DH25,A0A0C4DH25,1,True,311,0.9255952380952381,0.0744047619047619,52,0.896551724137931,24.454021921581482,24.41395516451919
172,.AVLTID-18.011EK.__missing,0.0007760793177159007,missingness,.AVLTID-18.011EK,,,,,,,,,0,False,0,0.0,1.0,0,0.0,,
173,.S+79.957HCIAEVENDEMPADLPSLAADFVESK.__missing,0.0007760152596272374,missingness,.S+79.957HCIAEVENDEMPADLPSLAADFVESK,,,,,,,,,0,False,0,0.0,1.0,0,0.0,,
174,.LLQDEFPGIPSPLDAAVEC-33.988HRGEC+31.990QAEGVLFFQGDR.__missing,0.0007585338411589152,missingness,.LLQDEFPGIPSPLDAAVEC-33.988HRGEC+31.990QAEGVLFFQGDR,,,,,,,,,0,False,0,0.0,1.0,0,0.0,,
175,.INSDGSSTS+14.016YADSVK.,0.0007450628531623024,abundance,.INSDGSSTS+14.016YADSVK.,.INSDGSSTSYADSVK.,sp|A0A0B4J1X5|HV374_HUMAN,"S+14,9[S->T/1]",S+14[S->T/1],1000.0,2.0,A0A0B4J1X5,A0A0B4J1X5,1,True,211,0.6279761904761905,0.37202380952380953,37,0.6379310344827587,24.019633822126167,23.855578806225644
176,.TTPPMLDSDGSFFLYSK+57.021LTVDK.__missing,0.0007019888588416506,missingness,.TTPPMLDSDGSFFLYSK+57.021LTVDK,,,,,,,,,0,False,0,0.0,1.0,0,0.0,,
177,.MGPTELLIEMEDW+3.995KGDK.__missing,0.0006872822705978256,missingness,.MGPTELLIEMEDW+3.995KGDK,,,,,,,,,0,False,0,0.0,1.0,0,0.0,,
178,.DGWHSWPIAHQWPQGPSAVDAAFSWEEK+42.047.,0.0006858101047455395,abundance,.DGWHSWPIAHQWPQGPSAVDAAFSWEEK+42.047.,.DGWHSWPIAHQWPQGPSAVDAAFSWEEK.,sp|P02790|HEMO_HUMAN,"Z+42,28[Propyl]",Z+42[Propyl],86.961,3.0,P02790,P02790,1,True,247,0.7351190476190477,0.2648809523809524,40,0.6896551724137931,25.87294489069474,25.751261482039887
179,.AGVETTTPSK+28.006.,0.0006833715506610317,abundance,.AGVETTTPSK+28.006.,.AGVETTTPSK.,sp|P0DOY2|IGLC2_HUMAN;sp|P0DOY3|IGLC3_HUMAN,"K+28,10[K->R/1]",K+28[K->R/1],9.107,2.0,P0DOY2,P0DOY2;P0DOY3,2,False,289,0.8601190476190477,0.13988095238095238,48,0.8275862068965517,25.994542915574726,25.978313157632403
180,.SLEVSYVTDHGPM+15.995.,0.0006774600781640292,abundance,.SLEVSYVTDHGPM+15.995.,.SLEVSYVTDHGPM.,sp|P01880|IGHD_HUMAN,"M+16,13[Oxidation]",M+16[Oxidation],1000.0,2.0,P01880,P01880,1,True,209,0.6220238095238095,0.37797619047619047,38,0.6551724137931034,26.12870006472118,26.12496911994415
181,.EIVLTQSPGT+12.036LSLSPGER.,0.0006524473561732861,abundance,.EIVLTQSPGT+12.036LSLSPGER.,.EIVLTQSPGTLSLSPGER.,sp|P01619|KV301_HUMAN,"T+12,10[T->IL/1]",T+12[T->IL/1],1000.0,2.0,P01619,P01619,1,True,218,0.6488095238095238,0.35119047619047616,38,0.6551724137931034,25.282994774852117,25.187468624751887
182,.QGFGNVATNTDGKN+14.052.,0.0006485189718352206,abundance,.QGFGNVATNTDGKN+14.052.,.QGFGNVATNTDGKN.,sp|P02675|FIBB_HUMAN;tr|D6REL8|D6REL8_HUMAN,"N+14,14[N->K/1]",N+14[N->K/1],0.0,2.0,P02675,P02675;D6REL8,2,False,228,0.6785714285714286,0.32142857142857145,37,0.6379310344827587,24.78939814449187,24.58969188622794
183,.ADSSPVK+28.006.,0.0006467816209369134,abundance,.ADSSPVK+28.006.,.ADSSPVK.,sp|P0DOY2|IGLC2_HUMAN;sp|P0DOY3|IGLC3_HUMAN,"K+28,7[K->R/1]",K+28[K->R/1],1000.0,2.0,P0DOY2,P0DOY2;P0DOY3,2,False,214,0.6369047619047619,0.3630952380952381,38,0.6551724137931034,25.973049751428142,25.869134719997238
184,.HGGLYH+57.021ENMR.,0.0006466522883270461,abundance,.HGGLYH+57.021ENMR.,.HGGLYHENMR.,sp|P08603-2|CFAH_HUMAN;sp|P08603|CFAH_HUMAN;tr|A0A0D9SG88|A0A0D9SG88_HUMAN;tr|Q5TFM2|Q5TFM2_HUMAN,"H+57,6[Carbamidomethyl]",H+57[Carbamidomethyl],1000.0,3.0,P08603,P08603;A0A0D9SG88;Q5TFM2,3,False,231,0.6875,0.3125,41,0.7068965517241379,23.86011892187045,23.710823520777264
185,.ILSGDPYC+15.995EKDAQEVHCDEATK.,0.0006453224283661591,abundance,.ILSGDPYC+15.995EKDAQEVHCDEATK.,.ILSGDPYCEKDAQEVHCDEATK.,sp|P43251-2|BTD_HUMAN;sp|P43251-3|BTD_HUMAN;sp|P43251-4|BTD_HUMAN;sp|P43251|BTD_HUMAN,"C+16,8[Oxidation] & C+0,17[De-Carbamidomethyl]",C+16[Oxidation],0.0,4.0,P43251,P43251,1,True,181,0.5386904761904762,0.46130952380952384,31,0.5344827586206896,25.09778187546652,25.241763384864875
186,.AEFQDALEK+42.047.,0.0006452827915473664,abundance,.AEFQDALEK+42.047.,.AEFQDALEK.,sp|P0C0L4-2|CO4A_HUMAN;sp|P0C0L4|CO4A_HUMAN;sp|P0C0L5|CO4B_HUMAN;tr|A0A0G2JL54|A0A0G2JL54_HUMAN;tr|A0A0G2JPR0|A0A0G2JPR0_HUMAN;tr|A0A140TA29|A0A140TA29_HUMAN;tr|A0A140TA32|A0A140TA32_HUMAN;tr|A0A140TA44|A0A140TA44_HUMAN;tr|A0A140TA49|A0A140TA49_HUMAN;tr|F5GXS0|F5GXS0_HUMAN,"Z+42,9[Propyl]",Z+42[Propyl],1000.0,2.0,P0C0L4,P0C0L4;P0C0L5;A0A0G2JL54;A0A0G2JPR0;A0A140TA29;A0A140TA32;A0A140TA44;A0A140TA49;F5GXS0,9,False,206,0.6130952380952381,0.3869047619047619,33,0.5689655172413793,25.830578733408355,25.759878142222995
187,.EVQL-14.016VQSGAEVK.,0.0006450023391167841,abundance,.EVQL-14.016VQSGAEVK.,.EVQLVQSGAEVK.,sp|A0A0C4DH38|HV551_HUMAN;sp|A0A0G2JMI3|HV692_HUMAN;sp|A0A0J9YXX1|HV5X1_HUMAN,"L-14,4[L->V/1]",L-14[L->V/1],11.304,2.0,A0A0C4DH38,A0A0C4DH38;A0A0G2JMI3;A0A0J9YXX1,3,False,284,0.8452380952380952,0.15476190476190477,47,0.8103448275862069,25.237035190934378,25.273513269250152
188,.ADDKET+236.214C+47.944FAEEGKK.__missing,0.0006448719967228206,missingness,.ADDKET+236.214C+47.944FAEEGKK,,,,,,,,,0,False,0,0.0,1.0,0,0.0,,
189,.K+28.006VFDEFKPLVEEPQNLIK.__missing,0.0006367390313995776,missingness,.K+28.006VFDEFKPLVEEPQNLIK,,,,,,,,,0,False,0,0.0,1.0,0,0.0,,
190,.LMIY-15.995EVSK.,0.0006202190650388196,abundance,.LMIY-15.995EVSK.,.LMIYEVSK.,sp|P01709|LV208_HUMAN,"Y-16,4[Y->F/1]",Y-16[Y->F/1],1000.0,2.0,P01709,P01709,1,True,266,0.7916666666666666,0.20833333333333334,44,0.7586206896551724,23.56042169234166,23.475520093806846
191,.LN+0.984NGEITQHR.,0.0006076270675062921,abundance,.LN+0.984NGEITQHR.,.LNNGEITQHR.,sp|P04003|C4BPA_HUMAN,"N+1,2[Deamidated]",N+1[Deamidated],1000.0,2.0,P04003,P04003,1,True,252,0.75,0.25,42,0.7241379310344828,24.1692268905084,23.974869957100765
192,.SMGGKEDLIW+31.990ELLNQAQEHFGK.,0.0005933408764125328,abundance,.SMGGKEDLIW+31.990ELLNQAQEHFGK.,.SMGGKEDLIWELLNQAQEHFGK.,sp|P02787|TRFE_HUMAN,"W+32,10[Dioxidation]",W+32[Dioxidation],66.338,3.0,P02787,P02787,1,True,236,0.7023809523809523,0.2976190476190476,39,0.6724137931034483,24.981959146429155,24.908688781167974
193,.EGFGHLSPTGTTEFWLGNEK+42.047.,0.0005820624755251969,abundance,.EGFGHLSPTGTTEFWLGNEK+42.047.,.EGFGHLSPTGTTEFWLGNEK.,sp|P02679-2|FIBG_HUMAN;sp|P02679|FIBG_HUMAN;tr|C9JC84|C9JC84_HUMAN;tr|C9JEU5|C9JEU5_HUMAN,"Z+42,20[Propyl]",Z+42[Propyl],1000.0,2.0,P02679,P02679;C9JC84;C9JEU5,3,False,246,0.7321428571428571,0.26785714285714285,38,0.6551724137931034,28.106109255388187,27.904058986157693
194,.E-14.016VQLVQSGAEVK.,0.0005728402772100489,abundance,.E-14.016VQLVQSGAEVK.,.EVQLVQSGAEVK.,sp|A0A0B4J2H0|HV69D_HUMAN;sp|A0A0C4DH29|HV103_HUMAN;sp|A0A0C4DH31|HV118_HUMAN;sp|A0A0C4DH33|HV124_HUMAN;sp|P01742|HV169_HUMAN;sp|P01743|HV146_HUMAN;sp|P0DP01|HV108_HUMAN;sp|P23083|HV103_HUMAN;tr|A0A075B7D0|A0A075B7D0_HUMAN;tr|A0A087WYE8|A0A087WYE8_HUMAN,"E-14,1[E->D/1]",E-14[E->D/1],18.347,2.0,A0A0B4J2H0,A0A0B4J2H0;A0A0C4DH29;A0A0C4DH31;A0A0C4DH33;P01742;P01743;P0DP01;P23083;A0A075B7D0;A0A087WYE8,10,False,245,0.7291666666666666,0.2708333333333333,41,0.7068965517241379,25.770973942643913,25.758895753741967
195,.MLEEIMKYEASILTHDSSIRY-34.968.,0.0005652518104341141,abundance,.MLEEIMKYEASILTHDSSIRY-34.968.,.MLEEIMKYEASILTHDSSIRY.,sp|P02679-2|FIBG_HUMAN;sp|P02679|FIBG_HUMAN;tr|C9JC84|C9JC84_HUMAN;tr|C9JEU5|C9JEU5_HUMAN;tr|C9JPQ9|C9JPQ9_HUMAN;tr|C9JU00|C9JU00_HUMAN,"Y-35,21[Y->K/2]",Y-35[Y->K/2],0.0,4.0,P02679,P02679;C9JC84;C9JEU5;C9JPQ9;C9JU00,5,False,239,0.7113095238095238,0.28869047619047616,42,0.7241379310344828,25.503927737631813,25.44038008192834
196,.SYSC+57.021R+162.053VTHEGSTVEK.,0.0005601861404229172,abundance,.SYSC+57.021R+162.053VTHEGSTVEK.,.SYSCRVTHEGSTVEK.,sp|A0M8Q6|IGLC7_HUMAN,"R+162,5[Hex]",R+162[Hex],9.567,3.0,A0M8Q6,A0M8Q6,1,True,263,0.7827380952380952,0.21726190476190477,43,0.7413793103448276,28.361581973060055,28.296570125323985
197,.TEGDGVYTLN+0.984DK.,0.0005564081614894692,abundance,.TEGDGVYTLN+0.984DK.,.TEGDGVYTLNDK.,sp|P00738|HPT_HUMAN;sp|P00739-2|HPTR_HUMAN;sp|P00739|HPTR_HUMAN;tr|A0A0C4DGL8|A0A0C4DGL8_HUMAN;tr|H0Y300|H0Y300_HUMAN;tr|J3KRH2|J3KRH2_HUMAN;tr|J3KTC3|J3KTC3_HUMAN;tr|J3QLC9|J3QLC9_HUMAN;tr|J3QR68|J3QR68_HUMAN,"N+1,10[Deamidated]",N+1[Deamidated],1000.0,2.0,P00738,P00738;P00739;A0A0C4DGL8;H0Y300;J3KRH2;J3KTC3;J3QLC9;J3QR68,8,False,268,0.7976190476190477,0.20238095238095238,44,0.7586206896551724,25.928379053458897,25.855052216423832
198,.LGPHAGDVEGHLSFLEK+42.047.__missing,0.000547333877884433,missingness,.LGPHAGDVEGHLSFLEK+42.047,,,,,,,,,0,False,0,0.0,1.0,0,0.0,,
199,.KAFDE+42.047KKQKWEEARAK.__missing,0.0005428457310667409,missingness,.KAFDE+42.047KKQKWEEARAK,,,,,,,,,0,False,0,0.0,1.0,0,0.0,,
200,.K+28.006VFDEFKPLVEEPQNLIK.,0.0005426552475330404,abundance,.K+28.006VFDEFKPLVEEPQNLIK.,.KVFDEFKPLVEEPQNLIK.,sp|P02768-2|ALBU_HUMAN;sp|P02768-3|ALBU_HUMAN;sp|P02768|ALBU_HUMAN;tr|A0A087WWT3|A0A087WWT3_HUMAN;tr|A0A0C4DGB6|A0A0C4DGB6_HUMAN;tr|B7WNR0|B7WNR0_HUMAN;tr|C9JKR2|C9JKR2_HUMAN;tr|D6RHD5|D6RHD5_HUMAN;tr|H0YA55|H0YA55_HUMAN,"K+28,1[K->R/1]",K+28[K->R/1],46.628,3.0,P02768,P02768;A0A087WWT3;A0A0C4DGB6;B7WNR0;C9JKR2;D6RHD5;H0YA55,7,False,196,0.5833333333333334,0.4166666666666667,37,0.6379310344827587,28.273365295072587,28.184250580134847
201,.STHHGPEYM+15.995R.,0.0005295718679663662,abundance,.STHHGPEYM+15.995R.,.STHHGPEYMR.,sp|P02790|HEMO_HUMAN,"M+16,9[Oxidation]",M+16[Oxidation],14.59,3.0,P02790,P02790,1,True,235,0.6994047619047619,0.3005952380952381,43,0.7413793103448276,24.64270182078808,24.468214986664655
202,.DS+14.016NRPSGIPER.__missing,0.0005201144799580709,missingness,.DS+14.016NRPSGIPER,,,,,,,,,0,False,0,0.0,1.0,0,0.0,,
203,.YNPIPSVQLMGN+0.984GFHFLAGEPR.,0.0005177508899657554,abundance,.YNPIPSVQLMGN+0.984GFHFLAGEPR.,.YNPIPSVQLMGNGFHFLAGEPR.,sp|P13671|CO6_HUMAN,"N+1,12[Deamidated]",N+1[Deamidated],1000.0,3.0,P13671,P13671,1,True,222,0.6607142857142857,0.3392857142857143,37,0.6379310344827587,24.727325070646714,24.575491753999255
204,.EALQGVGDM+15.995GR.,0.000516455029549262,abundance,.EALQGVGDM+15.995GR.,.EALQGVGDMGR.,sp|P35542|SAA4_HUMAN;tr|A0A096LPE2|A0A096LPE2_HUMAN,"M+16,9[Oxidation]",M+16[Oxidation],13.836,2.0,P35542,P35542;A0A096LPE2,2,False,218,0.6488095238095238,0.35119047619047616,33,0.5689655172413793,27.53504133443079,27.48442637022398
205,.SLM+15.995LHYEFLQR.,0.0004927568172464683,abundance,.SLM+15.995LHYEFLQR.,.SLMLHYEFLQR.,sp|P07358|CO8B_HUMAN;tr|F5GY80|F5GY80_HUMAN;tr|F5H7G1|F5H7G1_HUMAN,"M+16,3[Oxidation]",M+16[Oxidation],13.836,2.0,P07358,P07358;F5GY80;F5H7G1,3,False,289,0.8601190476190477,0.13988095238095238,49,0.8448275862068966,23.86987318293856,23.928093107505845
206,.VFDEFKPLVEEPQNLIK+42.047.,0.0004925874761812193,abundance,.VFDEFKPLVEEPQNLIK+42.047.,.VFDEFKPLVEEPQNLIK.,sp|P02768-2|ALBU_HUMAN;sp|P02768-3|ALBU_HUMAN;sp|P02768|ALBU_HUMAN;tr|A0A087WWT3|A0A087WWT3_HUMAN;tr|A0A0C4DGB6|A0A0C4DGB6_HUMAN;tr|B7WNR0|B7WNR0_HUMAN;tr|C9JKR2|C9JKR2_HUMAN;tr|D6RHD5|D6RHD5_HUMAN;tr|H0YA55|H0YA55_HUMAN,"Z+42,17[Propyl]",Z+42[Propyl],1000.0,3.0,P02768,P02768;A0A087WWT3;A0A0C4DGB6;B7WNR0;C9JKR2;D6RHD5;H0YA55,7,False,221,0.6577380952380952,0.34226190476190477,41,0.7068965517241379,28.792149978121046,27.330828766720572
207,.YVMLPVADQDQC+47.985IRHYEGST-18.011VPEKK.,0.0004914829365686636,abundance,.YVMLPVADQDQC+47.985IRHYEGST-18.011VPEKK.,.YVMLPVADQDQCIRHYEGSTVPEKK.,sp|P00738-2|HPT_HUMAN;sp|P00738|HPT_HUMAN;tr|A0A087WU08|A0A087WU08_HUMAN;tr|A0A0C4DGL8|A0A0C4DGL8_HUMAN;tr|H0Y300|H0Y300_HUMAN;tr|J3QLC9|J3QLC9_HUMAN;tr|J3QR68|J3QR68_HUMAN,"C+48,12[Trioxidation] & T-18,20[Dehydrated]",C+48[Trioxidation],0.0,3.0,P00738,P00738;A0A087WU08;A0A0C4DGL8;H0Y300;J3QLC9;J3QR68,6,False,218,0.6488095238095238,0.35119047619047616,38,0.6551724137931034,29.13292376448109,28.972828438551126
208,.TTPPMLDSDGSFFLYSK+57.021LTVDK.,0.0004839034793956546,abundance,.TTPPMLDSDGSFFLYSK+57.021LTVDK.,.TTPPMLDSDGSFFLYSKLTVDK.,sp|P01859|IGHG2_HUMAN;sp|P01860|IGHG3_HUMAN;tr|A0A286YES1|A0A286YES1_HUMAN;tr|A0A286YEY4|A0A286YEY4_HUMAN,"K+57,17[Carbamidomethyl]",K+57[Carbamidomethyl],79.37,3.0,P01859,P01859;P01860;A0A286YES1;A0A286YEY4,4,False,188,0.5595238095238095,0.44047619047619047,34,0.5862068965517241,25.05303163787506,24.949512733313373
209,.FNKPFVFLM+15.995IEQNTK.__missing,0.0004837512566712912,missingness,.FNKPFVFLM+15.995IEQNTK,,,,,,,,,0,False,0,0.0,1.0,0,0.0,,
210,.DVMQGTDEHVVC+57.021KVQHPNGN+0.984KEK.,0.00048292941976157413,abundance,.DVMQGTDEHVVC+57.021KVQHPNGN+0.984KEK.,.DVMQGTDEHVVCKVQHPNGNKEK.,sp|P01871-2|IGHM_HUMAN;sp|P01871|IGHM_HUMAN;tr|A0A1B0GUU9|A0A1B0GUU9_HUMAN,"N+1,20[Deamidated]",N+1[Deamidated],0.0,3.0,P01871,P01871;A0A1B0GUU9,2,False,268,0.7976190476190477,0.20238095238095238,51,0.8793103448275862,27.350495872644274,27.286320302624457
211,.LLPH+57.021ANEVSQK.,0.00047514944766632823,abundance,.LLPH+57.021ANEVSQK.,.LLPHANEVSQK.,sp|P06727|APOA4_HUMAN,"H+57,4[Carbamidomethyl]",H+57[Carbamidomethyl],1000.0,2.0,P06727,P06727,1,True,257,0.7648809523809523,0.23511904761904762,44,0.7586206896551724,25.062911108447434,25.01686195940078
212,.ALVLIAFAQYLQQC-45.988PFEDHVK.__missing,0.0004716833617229451,missingness,.ALVLIAFAQYLQQC-45.988PFEDHVK,,,,,,,,,0,False,0,0.0,1.0,0,0.0,,
213,.S-30.011HC+119.004IAEVENDEMPADLPSLAADFVESK.,0.00046846646520300075,abundance,.S-30.011HC+119.004IAEVENDEMPADLPSLAADFVESK.,.SHCIAEVENDEMPADLPSLAADFVESK.,sp|P02768-2|ALBU_HUMAN;sp|P02768|ALBU_HUMAN;tr|A0A0C4DGB6|A0A0C4DGB6_HUMAN;tr|B7WNR0|B7WNR0_HUMAN;tr|C9JKR2|C9JKR2_HUMAN;tr|D6RHD5|D6RHD5_HUMAN;tr|H0YA55|H0YA55_HUMAN,"S-30,1[S->G/1] & C+119,3[Cysteinyl]",S-30[S->G/1],1000.0,2.0,P02768,P02768;A0A0C4DGB6;B7WNR0;C9JKR2;D6RHD5;H0YA55,6,False,239,0.7113095238095238,0.28869047619047616,41,0.7068965517241379,28.945812263380986,28.310682411696654
214,.EC+57.021C+97.016EKPLLEKSHC+57.021IAEVENDEM+15.995PADLPSLAADFVESK.,0.00046511235819956024,abundance,.EC+57.021C+97.016EKPLLEKSHC+57.021IAEVENDEM+15.995PADLPSLAADFVESK.,.ECCEKPLLEKSHCIAEVENDEMPADLPSLAADFVESK.,sp|P02768-2|ALBU_HUMAN;sp|P02768|ALBU_HUMAN;tr|A0A0C4DGB6|A0A0C4DGB6_HUMAN;tr|B7WNR0|B7WNR0_HUMAN;tr|C9JKR2|C9JKR2_HUMAN;tr|D6RHD5|D6RHD5_HUMAN;tr|H0YA55|H0YA55_HUMAN,"C+97,3[maleimide] & M+16,22[Oxidation]",C+97[maleimide],0.0,3.0,P02768,P02768;A0A0C4DGB6;B7WNR0;C9JKR2;D6RHD5;H0YA55,6,False,268,0.7976190476190477,0.20238095238095238,42,0.7241379310344828,29.04291951464566,28.945586055167094
215,.VTMSV-28.031DTSK.,0.00045732844619075953,abundance,.VTMSV-28.031DTSK.,.VTMSVDTSK.,sp|A0A0C4DH34|HV428_HUMAN,"V-28,5[V->A/1]",V-28[V->A/1],1000.0,2.0,A0A0C4DH34,A0A0C4DH34,1,True,280,0.8333333333333334,0.16666666666666666,48,0.8275862068965517,23.84044993520101,23.823947419656264
216,.VSNK+57.021GLPAPIEK.,0.0004570862046668642,abundance,.VSNK+57.021GLPAPIEK.,.VSNKGLPAPIEK.,sp|P01859|IGHG2_HUMAN;tr|A0A286YEY4|A0A286YEY4_HUMAN,"K+57,4[Carbamidomethyl]",K+57[Carbamidomethyl],17.007,2.0,P01859,P01859;A0A286YEY4,2,False,200,0.5952380952380952,0.40476190476190477,36,0.6206896551724138,25.481428437139563,25.59776676184892
217,.VTISV+29.974DTSK.,0.0004522020581395401,abundance,.VTISV+29.974DTSK.,.VTISVDTSK.,sp|A0A0C4DH41|HV461_HUMAN;sp|P01824|HV206_HUMAN;sp|P01825|HV459_HUMAN;sp|P06331|HV209_HUMAN;sp|P0DP06|HVD34_HUMAN;sp|P0DP07|HV431_HUMAN;sp|P0DP08|HVD82_HUMAN;tr|A0A0J9YWU9|A0A0J9YWU9_HUMAN,"V+30,5[V->E/1]",V+30[V->E/1],1000.0,2.0,A0A0C4DH41,A0A0C4DH41;P01824;P01825;P06331;P0DP06;P0DP07;P0DP08;A0A0J9YWU9,8,False,318,0.9464285714285714,0.05357142857142857,52,0.896551724137931,25.26343929434104,25.391037080267232
218,.AEDTAVYYC+57.021VR+162.053.__missing,0.0004460632218544706,missingness,.AEDTAVYYC+57.021VR+162.053,,,,,,,,,0,False,0,0.0,1.0,0,0.0,,
219,.FT-14.016ISRDDSK.,0.00044002570269250957,abundance,.FT-14.016ISRDDSK.,.FTISRDDSK.,sp|A0A0A0MS15|HV349_HUMAN;sp|A0A0B4J1V0|HV315_HUMAN;sp|A0A0B4J1V6|HV373_HUMAN;sp|A0A0B4J1Y9|HV372_HUMAN,"T-14,2[T->S/1]",T-14[T->S/1],1000.0,2.0,A0A0A0MS15,A0A0A0MS15;A0A0B4J1V0;A0A0B4J1V6;A0A0B4J1Y9,4,False,198,0.5892857142857143,0.4107142857142857,35,0.603448275862069,23.401633736520324,23.373522209800264
220,.SLNEEAVK+57.021K.,0.00043613060983903947,abundance,.SLNEEAVK+57.021K.,.SLNEEAVKK.,sp|P01023|A2MG_HUMAN,"K+57,8[Carbamidomethyl]",K+57[Carbamidomethyl],1000.0,2.0,P01023,P01023,1,True,238,0.7083333333333334,0.2916666666666667,41,0.7068965517241379,23.437795235895877,23.314431998118554
221,.IYH+57.021SHIDAPK.__missing,0.0004358492118610403,missingness,.IYH+57.021SHIDAPK,,,,,,,,,0,False,0,0.0,1.0,0,0.0,,
222,.YLGE+42.047EYVK.,0.00042767042549074025,abundance,.YLGE+42.047EYVK.,.YLGEEYVK.,sp|P02787|TRFE_HUMAN,"E+42,4[Propyl]",E+42[Propyl],1000.0,2.0,P02787,P02787,1,True,184,0.5476190476190477,0.4523809523809524,30,0.5172413793103449,25.049932593201575,25.30605568078252
223,.VDNALQSGN+38.940SQESVTEQDSK.,0.000423489398745487,abundance,.VDNALQSGN+38.940SQESVTEQDSK.,.VDNALQSGNSQESVTEQDSK.,sp|P01834|IGKC_HUMAN,"N+39,9[Deamidated+Cation:K]",N+39[Deamidated+Cation:K],48.084,3.0,P01834,P01834,1,True,260,0.7738095238095238,0.2261904761904762,42,0.7241379310344828,26.061680708173785,25.75959231426749
224,.EQLGPVTQEFWDNLEK+42.047.,0.0004226298798979519,abundance,.EQLGPVTQEFWDNLEK+42.047.,.EQLGPVTQEFWDNLEK.,sp|P02647|APOA1_HUMAN;tr|F8W696|F8W696_HUMAN,"Z+42,16[Propyl]",Z+42[Propyl],1000.0,2.0,P02647,P02647;F8W696,2,False,240,0.7142857142857143,0.2857142857142857,37,0.6379310344827587,26.420977664392083,26.253505774081187
225,.TDTS+13.979HHDQDHPTFNK.,0.0004190784297520847,abundance,.TDTS+13.979HHDQDHPTFNK.,.TDTSHHDQDHPTFNK.,sp|P01009-2|A1AT_HUMAN;sp|P01009-3|A1AT_HUMAN;sp|P01009|A1AT_HUMAN;tr|A0A024R6I7|A0A024R6I7_HUMAN;tr|A0A0B4J278|A0A0B4J278_HUMAN;tr|A0A0G2JRN3|A0A0G2JRN3_HUMAN;tr|G3V387|G3V387_HUMAN;tr|G3V544|G3V544_HUMAN;tr|G3V5R8|G3V5R8_HUMAN,"S+14,4[Carbonyl]",S+14[Carbonyl],30.217,3.0,P01009,P01009;A0A024R6I7;A0A0B4J278;A0A0G2JRN3;G3V387;G3V544;G3V5R8,7,False,245,0.7291666666666666,0.2708333333333333,40,0.6896551724137931,24.543627603733185,24.223815808607192
226,.YAASSYLSLTPE+42.047QWK.,0.0004177610940695551,abundance,.YAASSYLSLTPE+42.047QWK.,.YAASSYLSLTPEQWK.,sp|A0M8Q6|IGLC7_HUMAN;sp|B9A064|IGLL5_HUMAN;sp|P0CF74|IGLC6_HUMAN;sp|P0CG04|IGLC1_HUMAN;sp|P0DOY2|IGLC2_HUMAN;sp|P0DOY3|IGLC3_HUMAN;tr|A0A0B4J231|A0A0B4J231_HUMAN,"E+42,12[Propyl]",E+42[Propyl],1000.0,2.0,A0M8Q6,A0M8Q6;B9A064;P0CF74;P0CG04;P0DOY2;P0DOY3;A0A0B4J231,7,False,255,0.7589285714285714,0.24107142857142858,42,0.7241379310344828,25.68427033659754,25.741865450256814
227,.TYLPAVDEK+42.047.,0.0004176428680802305,abundance,.TYLPAVDEK+42.047.,.TYLPAVDEK.,sp|P02655|APOC2_HUMAN;tr|A0A024R0T9|A0A024R0T9_HUMAN;tr|K7ER74|K7ER74_HUMAN;tr|Q6P163|Q6P163_HUMAN,"Z+42,9[Propyl]",Z+42[Propyl],1000.0,2.0,P02655,P02655;A0A024R0T9;K7ER74;Q6P163,4,False,243,0.7232142857142857,0.2767857142857143,37,0.6379310344827587,25.89119964054618,25.852842760413036
228,.IYH+57.021SHIDAPK.,0.00041594983285530733,abundance,.IYH+57.021SHIDAPK.,.IYHSHIDAPK.,sp|P00450|CERU_HUMAN;tr|E9PFZ2|E9PFZ2_HUMAN,"H+57,3[Carbamidomethyl]",H+57[Carbamidomethyl],1000.0,2.0,P00450,P00450;E9PFZ2,2,False,261,0.7767857142857143,0.22321428571428573,46,0.7931034482758621,27.593181014822356,27.585273756645282
229,.H+10.010KVYAC+372.142EVTHQGLSSPVTK.,0.00041336197063275034,abundance,.H+10.010KVYAC+372.142EVTHQGLSSPVTK.,.HKVYACEVTHQGLSSPVTK.,sp|P01834|IGKC_HUMAN,"H+10,1[H->F/2] & C+372,6[4AcAllylGal]",H+10[H->F/2],0.0,2.0,P01834,P01834,1,True,214,0.6369047619047619,0.3630952380952381,40,0.6896551724137931,27.177615547424608,27.033173928198217
230,.-17.027QVQLVESGGGVVQPGGSLR.,0.0004115328528202051,abundance,.-17.027QVQLVESGGGVVQPGGSLR.,.QVQLVESGGGVVQPGGSLR.,tr|A0A0J9YY99|A0A0J9YY99_HUMAN,"Q-17,1[Gln->pyro-Glu]",Q-17[Gln->pyro-Glu],31.044,2.0,A0A0J9YY99,A0A0J9YY99,1,True,317,0.9434523809523809,0.05654761904761905,52,0.896551724137931,25.96240489095267,26.117550038110412
231,.SMGGKEDLIW+15.995ELLNQAQEHFGK.,0.0004098181646703625,abundance,.SMGGKEDLIW+15.995ELLNQAQEHFGK.,.SMGGKEDLIWELLNQAQEHFGK.,sp|P02787|TRFE_HUMAN,"W+16,10[Oxidation]",W+16[Oxidation],62.884,3.0,P02787,P02787,1,True,173,0.5148809523809523,0.4851190476190476,37,0.6379310344827587,24.27021996073113,24.327318347343372
232,.+43.006AKPALEDLR.,0.0004075044785540264,abundance,.+43.006AKPALEDLR.,.AKPALEDLR.,sp|P02647|APOA1_HUMAN;tr|F8W696|F8W696_HUMAN,"X+43,1[Carbamyl]",X+43[Carbamyl],1000.0,2.0,P02647,P02647;F8W696,2,False,189,0.5625,0.4375,38,0.6551724137931034,25.067792773596576,25.114707212574242
233,.SMGGKEDLIW+31.990ELLNQAQEHFGK.__missing,0.0004074895654944748,missingness,.SMGGKEDLIW+31.990ELLNQAQEHFGK,,,,,,,,,0,False,0,0.0,1.0,0,0.0,,
234,.ALGISPFHEH+57.021AEVVFTANDSGPR.,0.000406267280760567,abundance,.ALGISPFHEH+57.021AEVVFTANDSGPR.,.ALGISPFHEHAEVVFTANDSGPR.,sp|P02766|TTHY_HUMAN;tr|A0A087WV45|A0A087WV45_HUMAN,"H+57,10[Carbamidomethyl]",H+57[Carbamidomethyl],1000.0,2.0,P02766,P02766;A0A087WV45,2,False,193,0.5744047619047619,0.4255952380952381,37,0.6379310344827587,25.387791544306108,25.612173318787903
235,.VTISV-42.047DTSK.,0.00040241772979092546,abundance,.VTISV-42.047DTSK.,.VTISVDTSK.,sp|A0A0C4DH41|HV461_HUMAN;sp|P01824|HV206_HUMAN;sp|P01825|HV459_HUMAN;sp|P06331|HV209_HUMAN;sp|P0DP06|HVD34_HUMAN;sp|P0DP07|HV431_HUMAN;sp|P0DP08|HVD82_HUMAN;tr|A0A0J9YWU9|A0A0J9YWU9_HUMAN,"V-42,5[V->G/1]",V-42[V->G/1],1000.0,2.0,A0A0C4DH41,A0A0C4DH41;P01824;P01825;P06331;P0DP06;P0DP07;P0DP08;A0A0J9YWU9,8,False,307,0.9136904761904762,0.08630952380952381,50,0.8620689655172413,25.82784041813155,25.741593975818514
236,.DLGE+42.047ENFK.,0.0003988060396725723,abundance,.DLGE+42.047ENFK.,.DLGEENFK.,sp|P02768-2|ALBU_HUMAN;sp|P02768-3|ALBU_HUMAN;sp|P02768|ALBU_HUMAN;tr|A0A087WWT3|A0A087WWT3_HUMAN;tr|A0A0C4DGB6|A0A0C4DGB6_HUMAN;tr|B7WNR0|B7WNR0_HUMAN;tr|C9JKR2|C9JKR2_HUMAN;tr|H7C013|H7C013_HUMAN,"E+42,4[Propyl]",E+42[Propyl],1000.0,2.0,P02768,P02768;A0A087WWT3;A0A0C4DGB6;B7WNR0;C9JKR2;H7C013,6,False,270,0.8035714285714286,0.19642857142857142,44,0.7586206896551724,27.677087243315732,27.86791355141243
237,.GLEWVGF-33.984IR.__missing,0.00039856812515511785,missingness,.GLEWVGF-33.984IR,,,,,,,,,0,False,0,0.0,1.0,0,0.0,,
238,.FSGSSSQ+0.984GEK.,0.00039637381485105604,abundance,.FSGSSSQ+0.984GEK.,.FSGSSSQGEK.,tr|H0YMJ0|H0YMJ0_HUMAN,"Q+1,7[Deamidated]",Q+1[Deamidated],0.0,2.0,H0YMJ0,H0YMJ0,1,True,240,0.7142857142857143,0.2857142857142857,42,0.7241379310344828,24.863826534301545,24.869664450233348
239,.ASSLES-30.011GVPSR.,0.00039433350926519677,abundance,.ASSLES-30.011GVPSR.,.ASSLESGVPSR.,sp|A0A0B4J2D9|KVD13_HUMAN;sp|P01602|KV105_HUMAN;sp|P0DP09|KV113_HUMAN,"S-30,6[S->G/1]",S-30[S->G/1],11.651,2.0,A0A0B4J2D9,A0A0B4J2D9;P01602;P0DP09,3,False,315,0.9375,0.0625,51,0.8793103448275862,25.278188672396286,25.240430157119572
240,.VHTEC+57.021C+57.021HG+74.019DLLEC+57.021ADDRADLAK.,0.0003878380253867409,abundance,.VHTEC+57.021C+57.021HG+74.019DLLEC+57.021ADDRADLAK.,.VHTECCHGDLLECADDRADLAK.,sp|P02768-2|ALBU_HUMAN;sp|P02768|ALBU_HUMAN;tr|A0A0C4DGB6|A0A0C4DGB6_HUMAN;tr|B7WNR0|B7WNR0_HUMAN;tr|C9JKR2|C9JKR2_HUMAN;tr|D6RHD5|D6RHD5_HUMAN;tr|H0YA55|H0YA55_HUMAN,"G+74,8[G->M/2]",G+74[G->M/2],0.0,3.0,P02768,P02768;A0A0C4DGB6;B7WNR0;C9JKR2;D6RHD5;H0YA55,6,False,268,0.7976190476190477,0.20238095238095238,48,0.8275862068965517,26.902597047050516,27.14385649777128
241,.VDNALQSGN+38.931SQESVTEQDSK.,0.00038619592727527993,abundance,.VDNALQSGN+38.931SQESVTEQDSK.,.VDNALQSGNSQESVTEQDSK.,sp|P01834|IGKC_HUMAN,"N+39,9[Deamidated+Cation:Ca[II]]",N+39[Deamidated+Cation:Ca[II]],50.16,3.0,P01834,P01834,1,True,228,0.6785714285714286,0.32142857142857145,46,0.7931034482758621,25.862931598199737,25.658633313233498
242,.-18.011EFSHLGK.__missing,0.0003817276937496781,missingness,.-18.011EFSHLGK,,,,,,,,,0,False,0,0.0,1.0,0,0.0,,
243,.GLEWVGF-33.984IR.,0.0003803367063136441,abundance,.GLEWVGF-33.984IR.,.GLEWVGFIR.,sp|A0A0A0MS15|HV349_HUMAN,"F-34,7[F->IL/1]",F-34[F->IL/1],1000.0,2.0,A0A0A0MS15,A0A0A0MS15,1,True,201,0.5982142857142857,0.4017857142857143,33,0.5689655172413793,24.77278694324806,24.699710749210166
244,.SGAQATWTELPWPHEK+42.047.,0.00037897291427834025,abundance,.SGAQATWTELPWPHEK+42.047.,.SGAQATWTELPWPHEK.,sp|P02790|HEMO_HUMAN,"Z+42,16[Propyl]",Z+42[Propyl],23.709,2.0,P02790,P02790,1,True,253,0.7529761904761905,0.24702380952380953,40,0.6896551724137931,26.255812134006717,26.262224879906302
245,.DIVMTQSPDSLA+30.011VSLGER.,0.0003778349309428545,abundance,.DIVMTQSPDSLA+30.011VSLGER.,.DIVMTQSPDSLAVSLGER.,sp|P06312|KV401_HUMAN,"A+30,12[A->T/1]",A+30[A->T/1],29.371,2.0,P06312,P06312,1,True,193,0.5744047619047619,0.4255952380952381,35,0.603448275862069,25.129971058626168,24.951140138832766
246,.GHMLEN+0.984HVER.,0.00037694682678848427,abundance,.GHMLEN+0.984HVER.,.GHMLENHVER.,sp|P19827-2|ITIH1_HUMAN;sp|P19827-3|ITIH1_HUMAN;sp|P19827|ITIH1_HUMAN;tr|H7C0N0|H7C0N0_HUMAN,"N+1,6[Deamidated]",N+1[Deamidated],1000.0,3.0,P19827,P19827;H7C0N0,2,False,249,0.7410714285714286,0.25892857142857145,45,0.7758620689655172,24.570569141748507,24.60669909799595
247,.VLGAFSDGLAHLDN+0.984LK.,0.000372435735310716,abundance,.VLGAFSDGLAHLDN+0.984LK.,.VLGAFSDGLAHLDNLK.,sp|P02042|HBD_HUMAN;sp|P68871|HBB_HUMAN;tr|A0A2R8Y7R2|A0A2R8Y7R2_HUMAN;tr|E9PEW8|E9PEW8_HUMAN;tr|E9PFT6|E9PFT6_HUMAN;tr|F8W6P5|F8W6P5_HUMAN,"N+1,14[Deamidated]",N+1[Deamidated],24.183,2.0,P02042,P02042;P68871;A0A2R8Y7R2;E9PEW8;E9PFT6;F8W6P5,6,False,257,0.7648809523809523,0.23511904761904762,42,0.7241379310344828,24.32020930872035,24.279668658718823
248,.-18.011EALKLEEKK.,0.0003663633065112638,abundance,.-18.011EALKLEEKK.,.EALKLEEKK.,sp|P01024|CO3_HUMAN;tr|M0QXZ3|M0QXZ3_HUMAN,"E-18,1[Glu->pyro-Glu]",E-18[Glu->pyro-Glu],27.282,3.0,P01024,P01024;M0QXZ3,2,False,197,0.5863095238095238,0.41369047619047616,33,0.5689655172413793,24.803362944620456,24.67171673868483
249,.LM+15.995IYEGSK.,0.00036612658466696603,abundance,.LM+15.995IYEGSK.,.LMIYEGSK.,sp|P01705|LV223_HUMAN,"M+16,2[Oxidation]",M+16[Oxidation],1000.0,2.0,P01705,P01705,1,True,264,0.7857142857142857,0.21428571428571427,44,0.7586206896551724,25.10402353469117,25.065193129101242
250,.-18.011EFYLFPTVFDENESLLLEDNIR.,0.0003637597727050964,abundance,.-18.011EFYLFPTVFDENESLLLEDNIR.,.EFYLFPTVFDENESLLLEDNIR.,sp|P00450|CERU_HUMAN;tr|E9PFZ2|E9PFZ2_HUMAN;tr|H7C5R1|H7C5R1_HUMAN,"E-18,1[Glu->pyro-Glu]",E-18[Glu->pyro-Glu],40.192,2.0,P00450,P00450;E9PFZ2;H7C5R1,3,False,235,0.6994047619047619,0.3005952380952381,41,0.7068965517241379,21.705775799346313,21.791997878730946
251,.QLGLP+15.995GPPDVPDHAAYHPFR.,0.00036144621977489996,abundance,.QLGLP+15.995GPPDVPDHAAYHPFR.,.QLGLPGPPDVPDHAAYHPFR.,sp|Q14624-2|ITIH4_HUMAN;sp|Q14624-3|ITIH4_HUMAN;sp|Q14624-4|ITIH4_HUMAN;sp|Q14624|ITIH4_HUMAN;tr|B7ZKJ8|B7ZKJ8_HUMAN;tr|H7C0L5|H7C0L5_HUMAN,"P+16,5[Oxidation]",P+16[Oxidation],26.607,2.0,Q14624,Q14624;B7ZKJ8;H7C0L5,3,False,306,0.9107142857142857,0.08928571428571429,53,0.9137931034482759,25.691579682629623,25.60729097206665
252,.+56.026LDELRDEGK.,0.00035827527217665623,abundance,.+56.026LDELRDEGK.,.LDELRDEGK.,sp|P02768|ALBU_HUMAN;tr|A0A0C4DGB6|A0A0C4DGB6_HUMAN;tr|B7WNR0|B7WNR0_HUMAN;tr|D6RHD5|D6RHD5_HUMAN;tr|H0YA55|H0YA55_HUMAN,"X+56,1[Propionyl]",X+56[Propionyl],1000.0,2.0,P02768,P02768;A0A0C4DGB6;B7WNR0;D6RHD5;H0YA55,5,False,176,0.5238095238095238,0.47619047619047616,34,0.5862068965517241,24.181580829310626,24.265390653380187
253,.EDLIW+15.995ELLNQAQEHFGK.__missing,0.00035797577081822534,missingness,.EDLIW+15.995ELLNQAQEHFGK,,,,,,,,,0,False,0,0.0,1.0,0,0.0,,
254,.LMIY-15.995DVSK.,0.00035745485855881903,abundance,.LMIY-15.995DVSK.,.LMIYDVSK.,sp|P01706|LV211_HUMAN,"Y-16,4[Y->F/1]",Y-16[Y->F/1],1000.0,2.0,P01706,P01706,1,True,199,0.5922619047619048,0.40773809523809523,34,0.5862068965517241,22.968080694596647,22.89420852578293
255,.-17.027QGVN+0.984DNEEGFFSAR.,0.000354845881712938,abundance,.-17.027QGVN+0.984DNEEGFFSAR.,.QGVNDNEEGFFSAR.,sp|P02675|FIBB_HUMAN,"Q-17,1[Gln->pyro-Glu] & N+1,4[Deamidated]",Q-17[Gln->pyro-Glu],16.226,2.0,P02675,P02675,1,True,230,0.6845238095238095,0.31547619047619047,38,0.6551724137931034,27.51753443042083,27.313656992097744
256,.SASDLTWDNLK+42.047.,0.0003543431332807564,abundance,.SASDLTWDNLK+42.047.,.SASDLTWDNLK.,sp|P02787|TRFE_HUMAN;tr|H7C5E8|H7C5E8_HUMAN,"K+42,11[Trimethyl]",K+42[Trimethyl],1000.0,2.0,P02787,P02787;H7C5E8,2,False,249,0.7410714285714286,0.25892857142857145,42,0.7241379310344828,27.460999123470327,27.127885171663277
257,.N+0.984NQRPSGVPDR.,0.00035255994688991957,abundance,.N+0.984NQRPSGVPDR.,.NNQRPSGVPDR.,sp|P01699|LV144_HUMAN;sp|P01700|LV147_HUMAN,"N+1,1[Deamidated]",N+1[Deamidated],6.408,3.0,P01699,P01699;P01700,2,False,180,0.5357142857142857,0.4642857142857143,37,0.6379310344827587,26.186955996871276,26.226321958651077
258,.VADALTN+0.984AVAHVDDMPNALSALSDLHAHK.,0.0003498807781558001,abundance,.VADALTN+0.984AVAHVDDMPNALSALSDLHAHK.,.VADALTNAVAHVDDMPNALSALSDLHAHK.,sp|P69905|HBA_HUMAN;tr|A0A2R8Y7C0|A0A2R8Y7C0_HUMAN;tr|G3V1N2|G3V1N2_HUMAN,"N+1,7[Deamidated]",N+1[Deamidated],84.594,3.0,P69905,P69905;A0A2R8Y7C0;G3V1N2,3,False,188,0.5595238095238095,0.44047619047619047,30,0.5172413793103449,25.34996829803923,25.330020539201836
259,.QGH+57.021NSVFLIK.,0.00034865418632018107,abundance,.QGH+57.021NSVFLIK.,.QGHNSVFLIK.,sp|P02790|HEMO_HUMAN;tr|Q9BS19|Q9BS19_HUMAN,"H+57,3[Carbamidomethyl]",H+57[Carbamidomethyl],1000.0,2.0,P02790,P02790;Q9BS19,2,False,230,0.6845238095238095,0.31547619047619047,42,0.7241379310344828,24.31237654689692,24.420753133435788
260,.FDPAKLDQIESVITATSANTQLVLETLAQM+15.995DDLQDFLSK.,0.00034733625384158676,abundance,.FDPAKLDQIESVITATSANTQLVLETLAQM+15.995DDLQDFLSK.,.FDPAKLDQIESVITATSANTQLVLETLAQMDDLQDFLSK.,sp|P19823|ITIH2_HUMAN;tr|Q5T985|Q5T985_HUMAN,"M+16,30[Oxidation]",M+16[Oxidation],124.47,3.0,P19823,P19823;Q5T985,2,False,205,0.6101190476190477,0.3898809523809524,38,0.6551724137931034,24.347225843483173,24.460102894889975
261,.GLEWVA+15.995FIR.,0.0003460460284963643,abundance,.GLEWVA+15.995FIR.,.GLEWVAFIR.,tr|A0A0J9YY99|A0A0J9YY99_HUMAN,"A+16,6[A->S/1]",A+16[A->S/1],9.087,2.0,A0A0J9YY99,A0A0J9YY99,1,True,182,0.5416666666666666,0.4583333333333333,33,0.5689655172413793,23.861143119574223,23.814798152258824
262,.AEFAEVSK+43.006LVTDLTK.,0.0003422348767984435,abundance,.AEFAEVSK+43.006LVTDLTK.,.AEFAEVSKLVTDLTK.,sp|P02768-2|ALBU_HUMAN;sp|P02768|ALBU_HUMAN;tr|A0A0C4DGB6|A0A0C4DGB6_HUMAN;tr|B7WNR0|B7WNR0_HUMAN;tr|C9JKR2|C9JKR2_HUMAN;tr|D6RHD5|D6RHD5_HUMAN;tr|H0YA55|H0YA55_HUMAN,"K+43,8[Carbamyl]",K+43[Carbamyl],24.675,2.0,P02768,P02768;A0A0C4DGB6;B7WNR0;C9JKR2;D6RHD5;H0YA55,6,False,230,0.6845238095238095,0.31547619047619047,39,0.6724137931034483,23.717240252443744,23.728925055395628
263,.ASS-30.011LESGVPSR.,0.00033806674152013705,abundance,.ASS-30.011LESGVPSR.,.ASSLESGVPSR.,sp|A0A0B4J2D9|KVD13_HUMAN;sp|P01602|KV105_HUMAN;sp|P0DP09|KV113_HUMAN,"S-30,3[S->G/1]",S-30[S->G/1],13.01,2.0,A0A0B4J2D9,A0A0B4J2D9;P01602;P0DP09,3,False,301,0.8958333333333334,0.10416666666666667,50,0.8620689655172413,24.631911179723275,24.763182075509786
264,.LISVDTEHSNIYLQN-17.027GPDR.,0.0003377499643670682,abundance,.LISVDTEHSNIYLQN-17.027GPDR.,.LISVDTEHSNIYLQNGPDR.,sp|P00450|CERU_HUMAN;tr|E9PFZ2|E9PFZ2_HUMAN,"N-17,15[Ammonia-loss]",N-17[Ammonia-loss],34.366,2.0,P00450,P00450;E9PFZ2,2,False,257,0.7648809523809523,0.23511904761904762,46,0.7931034482758621,24.79098532631147,24.865377070266963
265,.-18.011EHSSLAFWK.,0.00033723368336778135,abundance,.-18.011EHSSLAFWK.,.EHSSLAFWK.,sp|P02749|APOH_HUMAN;tr|J3KS17|J3KS17_HUMAN,"E-18,1[Glu->pyro-Glu]",E-18[Glu->pyro-Glu],1000.0,2.0,P02749,P02749;J3KS17,2,False,257,0.7648809523809523,0.23511904761904762,47,0.8103448275862069,24.722887768512546,24.660971929479008
266,.EDPQGDAAQK+57.021TDTSHHDQDHPTFNK.,0.0003340578416241644,abundance,.EDPQGDAAQK+57.021TDTSHHDQDHPTFNK.,.EDPQGDAAQKTDTSHHDQDHPTFNK.,sp|P01009-2|A1AT_HUMAN;sp|P01009-3|A1AT_HUMAN;sp|P01009|A1AT_HUMAN;tr|A0A024R6I7|A0A024R6I7_HUMAN;tr|A0A0B4J278|A0A0B4J278_HUMAN;tr|A0A0G2JRN3|A0A0G2JRN3_HUMAN;tr|G3V387|G3V387_HUMAN;tr|G3V544|G3V544_HUMAN;tr|G3V5R8|G3V5R8_HUMAN,"K+57,10[Carbamidomethyl]",K+57[Carbamidomethyl],66.485,3.0,P01009,P01009;A0A024R6I7;A0A0B4J278;A0A0G2JRN3;G3V387;G3V544;G3V5R8,7,False,197,0.5863095238095238,0.41369047619047616,34,0.5862068965517241,24.21789529641472,24.33762099983871
267,.PEVQFNWYVDGV+31.972EVHNAK.,0.0003337175754651266,abundance,.PEVQFNWYVDGV+31.972EVHNAK.,.PEVQFNWYVDGVEVHNAK.,sp|P01859|IGHG2_HUMAN;sp|P01861|IGHG4_HUMAN;tr|A0A286YEY4|A0A286YEY4_HUMAN;tr|A0A286YFJ8|A0A286YFJ8_HUMAN,"V+32,12[V->M/1]",V+32[V->M/1],48.149,2.0,P01859,P01859;P01861;A0A286YEY4;A0A286YFJ8,4,False,234,0.6964285714285714,0.30357142857142855,40,0.6896551724137931,26.70915810106642,26.526327576426123
268,.ASGVPDRFSGSGSGTDFTLK+28.006.,0.000333383508650364,abundance,.ASGVPDRFSGSGSGTDFTLK+28.006.,.ASGVPDRFSGSGSGTDFTLK.,sp|A0A075B6P5|KV228_HUMAN;sp|A0A087WW87|KV240_HUMAN;sp|P01614|KVD40_HUMAN;sp|P01615|KV202_HUMAN;tr|A0A087X0Q4|A0A087X0Q4_HUMAN,"K+28,20[K->R/1]",K+28[K->R/1],37.888,3.0,A0A075B6P5,A0A075B6P5;A0A087WW87;P01614;P01615;A0A087X0Q4,5,False,298,0.8869047619047619,0.1130952380952381,47,0.8103448275862069,25.804802010194095,25.76119534017271
269,.TEGD-18.011GVYTLNNEK.,0.00033208233733833195,abundance,.TEGD-18.011GVYTLNNEK.,.TEGDGVYTLNNEK.,sp|P00738-2|HPT_HUMAN;sp|P00738|HPT_HUMAN;tr|H3BMJ7|H3BMJ7_HUMAN;tr|H3BS21|H3BS21_HUMAN;tr|J3KRH2|J3KRH2_HUMAN;tr|J3KSV1|J3KSV1_HUMAN;tr|J3QLC9|J3QLC9_HUMAN;tr|J3QQI8|J3QQI8_HUMAN,"D-18,4[Dehydrated]",D-18[Dehydrated],17.045,2.0,P00738,P00738;H3BMJ7;H3BS21;J3KRH2;J3KSV1;J3QLC9;J3QQI8,7,False,305,0.9077380952380952,0.09226190476190477,51,0.8793103448275862,26.56325129834074,26.537676349060032
270,.MGPTELLIEMEDWKGD-18.011K.,0.00033031089959289833,abundance,.MGPTELLIEMEDWKGD-18.011K.,.MGPTELLIEMEDWKGDK.,sp|P02675|FIBB_HUMAN;tr|D6REL8|D6REL8_HUMAN,"D-18,16[Dehydrated]",D-18[Dehydrated],1000.0,3.0,P02675,P02675;D6REL8,2,False,222,0.6607142857142857,0.3392857142857143,38,0.6551724137931034,24.791374080055373,24.603528415504915
271,.ETC+119.004FAEEGKK.,0.00032900047981651093,abundance,.ETC+119.004FAEEGKK.,.ETCFAEEGKK.,sp|P02768-2|ALBU_HUMAN;sp|P02768-3|ALBU_HUMAN;sp|P02768|ALBU_HUMAN;tr|A0A087WWT3|A0A087WWT3_HUMAN;tr|B7WNR0|B7WNR0_HUMAN;tr|C9JKR2|C9JKR2_HUMAN;tr|D6RHD5|D6RHD5_HUMAN;tr|H0YA55|H0YA55_HUMAN,"C+119,3[Cysteinyl]",C+119[Cysteinyl],14.965,2.0,P02768,P02768;A0A087WWT3;B7WNR0;C9JKR2;D6RHD5;H0YA55,6,False,318,0.9464285714285714,0.05357142857142857,52,0.896551724137931,27.19772601839486,27.069530896343455
272,.SMGGKEDLIWELLN+0.984QAQEHFGK.,0.00032676647425455623,abundance,.SMGGKEDLIWELLN+0.984QAQEHFGK.,.SMGGKEDLIWELLNQAQEHFGK.,sp|P02787|TRFE_HUMAN,"N+1,14[Deamidated]",N+1[Deamidated],42.399,3.0,P02787,P02787,1,True,289,0.8601190476190477,0.13988095238095238,49,0.8448275862068966,25.867864931924792,26.000062816814456
273,.N+0.984GMLHGDK.,0.00032666673090545425,abundance,.N+0.984GMLHGDK.,.NGMLHGDK.,sp|P02749|APOH_HUMAN,"N+1,1[Deamidated]",N+1[Deamidated],1000.0,2.0,P02749,P02749,1,True,267,0.7946428571428571,0.20535714285714285,48,0.8275862068965517,25.018235587234912,25.05937992771803
274,.EDLIW+15.995ELLNQAQEHFGK.,0.0003224404829631024,abundance,.EDLIW+15.995ELLNQAQEHFGK.,.EDLIWELLNQAQEHFGK.,sp|P02787|TRFE_HUMAN,"W+16,5[Oxidation]",W+16[Oxidation],48.614,3.0,P02787,P02787,1,True,185,0.5505952380952381,0.4494047619047619,31,0.5344827586206896,22.911630439315914,22.751851758406534
275,.FTI-14.016SRDDSK.,0.000321289182046139,abundance,.FTI-14.016SRDDSK.,.FTISRDDSK.,sp|A0A0A0MS15|HV349_HUMAN;sp|A0A0B4J1V0|HV315_HUMAN;sp|A0A0B4J1V6|HV373_HUMAN;sp|A0A0B4J1Y9|HV372_HUMAN,"I-14,3[I->V/1]",I-14[I->V/1],1000.0,2.0,A0A0A0MS15,A0A0A0MS15;A0A0B4J1V0;A0A0B4J1V6;A0A0B4J1Y9,4,False,267,0.7946428571428571,0.20535714285714285,43,0.7413793103448276,24.880483944242794,24.80219378719073
276,.-18.011EPQVYTLPPSREEMTK.,0.00031817174438525094,abundance,.-18.011EPQVYTLPPSREEMTK.,.EPQVYTLPPSREEMTK.,sp|P01859|IGHG2_HUMAN;sp|P01860|IGHG3_HUMAN;tr|A0A286YES1|A0A286YES1_HUMAN;tr|A0A286YEY4|A0A286YEY4_HUMAN,"E-18,1[Glu->pyro-Glu]",E-18[Glu->pyro-Glu],29.924,2.0,P01859,P01859;P01860;A0A286YES1;A0A286YEY4,4,False,194,0.5773809523809523,0.4226190476190476,38,0.6551724137931034,27.20517702363639,27.015972935707953
277,.ALVLIAFAQYLQQC+57.021P+15.995F+15.995EDHVK.,0.00031816774366843576,abundance,.ALVLIAFAQYLQQC+57.021P+15.995F+15.995EDHVK.,.ALVLIAFAQYLQQCPFEDHVK.,sp|P02768-3|ALBU_HUMAN;sp|P02768|ALBU_HUMAN;tr|A0A087WWT3|A0A087WWT3_HUMAN;tr|A0A0C4DGB6|A0A0C4DGB6_HUMAN;tr|H7C013|H7C013_HUMAN,"P+16,15[Oxidation] & F+16,16[Oxidation]",P+16[Oxidation],1000.0,3.0,P02768,P02768;A0A087WWT3;A0A0C4DGB6;H7C013,4,False,204,0.6071428571428571,0.39285714285714285,44,0.7586206896551724,27.413371212203508,27.25598724840251
278,.LLVVYPW+15.995TQR.,0.0003171831809098752,abundance,.LLVVYPW+15.995TQR.,.LLVVYPWTQR.,sp|P02042|HBD_HUMAN;sp|P02100|HBE_HUMAN;sp|P68871|HBB_HUMAN;sp|P69891|HBG1_HUMAN;sp|P69892|HBG2_HUMAN;tr|A0A2R8Y7R2|A0A2R8Y7R2_HUMAN;tr|A0A2R8Y7X9|A0A2R8Y7X9_HUMAN;tr|A8MUF7|A8MUF7_HUMAN;tr|E9PEW8|E9PEW8_HUMAN;tr|E9PFT6|E9PFT6_HUMAN [further mapped to 1 additional proteins],"W+16,7[Oxidation]",W+16[Oxidation],1000.0,2.0,P02042,P02042;P02100;P68871;P69891;P69892;A0A2R8Y7R2;A0A2R8Y7X9;A8MUF7;E9PEW8;E9PFT6,10,False,232,0.6904761904761905,0.30952380952380953,37,0.6379310344827587,24.190291486213805,24.005105264903104
279,.SGTSASLAIT+55.053.__missing,0.00031579906077145765,missingness,.SGTSASLAIT+55.053,,,,,,,,,0,False,0,0.0,1.0,0,0.0,,
280,.ADDKET+236.214C+47.944FAEEGK.,0.0003122099479550784,abundance,.ADDKET+236.214C+47.944FAEEGK.,.ADDKETCFAEEGK.,sp|P02768-2|ALBU_HUMAN;sp|P02768-3|ALBU_HUMAN;sp|P02768|ALBU_HUMAN;tr|A0A087WWT3|A0A087WWT3_HUMAN;tr|B7WNR0|B7WNR0_HUMAN;tr|C9JKR2|C9JKR2_HUMAN;tr|D6RHD5|D6RHD5_HUMAN;tr|H0YA55|H0YA55_HUMAN,"T+236,6[Palmitoleyl] & C+48,7[Delta:S(-1)Se(1)]",T+236[Palmitoleyl],22.981,3.0,P02768,P02768;A0A087WWT3;B7WNR0;C9JKR2;D6RHD5;H0YA55,6,False,180,0.5357142857142857,0.4642857142857143,32,0.5517241379310345,24.82225046567804,24.660017466194656
281,.LLIYDA+15.995SNR.__missing,0.000308824548202801,missingness,.LLIYDA+15.995SNR,,,,,,,,,0,False,0,0.0,1.0,0,0.0,,
282,.N+0.984SLYLQMNSLR.,0.0003079155765310782,abundance,.N+0.984SLYLQMNSLR.,.NSLYLQMNSLR.,sp|A0A0B4J1V1|HV321_HUMAN;sp|A0A0B4J1X8|HV343_HUMAN;sp|A0A0C4DH32|HV320_HUMAN;sp|P01762|HV301_HUMAN;sp|P01763|HV302_HUMAN;sp|P01766|HV313_HUMAN;sp|P01780|HV307_HUMAN;sp|P01782|HV309_HUMAN;sp|P0DP04|HV43D_HUMAN;tr|A0A075B7F0|A0A075B7F0_HUMAN [further mapped to 2 additional proteins],"N+1,1[Deamidated]",N+1[Deamidated],1000.0,2.0,A0A0B4J1V1,A0A0B4J1V1;A0A0B4J1X8;A0A0C4DH32;P01762;P01763;P01766;P01780;P01782;P0DP04;A0A075B7F0,10,False,231,0.6875,0.3125,36,0.6206896551724138,25.11163684449219,25.059014823943784
283,.EVTKEVVTSEDGSDC+120.021PEAMDLGTLSGIGTLDGFR.,0.0003043298995534304,abundance,.EVTKEVVTSEDGSDC+120.021PEAMDLGTLSGIGTLDGFR.,.EVTKEVVTSEDGSDCPEAMDLGTLSGIGTLDGFR.,sp|P02671-2|FIBA_HUMAN;sp|P02671|FIBA_HUMAN,"C+120,15[PS_Hapten]",C+120[PS_Hapten],0.0,3.0,P02671,P02671,1,True,273,0.8125,0.1875,49,0.8448275862068966,31.553618100239646,31.30124490815249
284,.TEGD-18.011GVYTLNDKK.,0.00029372605548096136,abundance,.TEGD-18.011GVYTLNDKK.,.TEGDGVYTLNDKK.,sp|P00738|HPT_HUMAN;sp|P00739-2|HPTR_HUMAN;sp|P00739|HPTR_HUMAN;tr|A0A0C4DGL8|A0A0C4DGL8_HUMAN;tr|H0Y300|H0Y300_HUMAN;tr|J3KRH2|J3KRH2_HUMAN;tr|J3KTC3|J3KTC3_HUMAN;tr|J3QLC9|J3QLC9_HUMAN;tr|J3QR68|J3QR68_HUMAN,"D-18,4[Dehydrated]",D-18[Dehydrated],22.579,2.0,P00738,P00738;P00739;A0A0C4DGL8;H0Y300;J3KRH2;J3KTC3;J3QLC9;J3QR68,8,False,259,0.7708333333333334,0.22916666666666666,46,0.7931034482758621,24.71908811741758,24.534027089870474
285,.LM-17.956IYDVSK.,0.0002927882955165493,abundance,.LM-17.956IYDVSK.,.LMIYDVSK.,sp|P01706|LV211_HUMAN,"M-18,2[M->IL/1]",M-18[M->IL/1],7.987,2.0,P01706,P01706,1,True,230,0.6845238095238095,0.31547619047619047,48,0.8275862068965517,25.496385686506898,25.40440495847581
286,.ILSGDPYC+15.995EKDAQEVHCDEATK.__missing,0.0002899090433873218,missingness,.ILSGDPYC+15.995EKDAQEVHCDEATK,,,,,,,,,0,False,0,0.0,1.0,0,0.0,,
287,.C+24.995TESLVNR.,0.0002896995634889448,abundance,.C+24.995TESLVNR.,.CTESLVNR.,sp|P02768-2|ALBU_HUMAN;sp|P02768-3|ALBU_HUMAN;sp|P02768|ALBU_HUMAN;tr|A0A087WWT3|A0A087WWT3_HUMAN;tr|A0A0C4DGB6|A0A0C4DGB6_HUMAN;tr|B7WNR0|B7WNR0_HUMAN;tr|C9JKR2|C9JKR2_HUMAN;tr|D6RHD5|D6RHD5_HUMAN;tr|H0YA55|H0YA55_HUMAN,"C+25,1[Cyano]",C+25[Cyano],6.397,2.0,P02768,P02768;A0A087WWT3;A0A0C4DGB6;B7WNR0;C9JKR2;D6RHD5;H0YA55,7,False,215,0.6398809523809523,0.3601190476190476,36,0.6206896551724138,27.137413935596417,26.72135000506951
288,.IITHPNFNGNTLDNDIMLIK+28.031LSSPATLNSR.,0.0002892670721454356,abundance,.IITHPNFNGNTLDNDIMLIK+28.031LSSPATLNSR.,.IITHPNFNGNTLDNDIMLIKLSSPATLNSR.,TRYP_PIG,"K+28,20[Dimethyl]",K+28[Dimethyl],0.0,3.0,,,0,False,241,0.7172619047619048,0.28273809523809523,41,0.7068965517241379,25.554879451132937,25.54151466409658
289,.GW+15.995VTDGFSSLK.__missing,0.0002886876969646205,missingness,.GW+15.995VTDGFSSLK,,,,,,,,,0,False,0,0.0,1.0,0,0.0,,
290,.HPYFYAPELLFFAK+43.006R.,0.00028791473517169566,abundance,.HPYFYAPELLFFAK+43.006R.,.HPYFYAPELLFFAKR.,sp|P02768|ALBU_HUMAN;tr|A0A0C4DGB6|A0A0C4DGB6_HUMAN;tr|B7WNR0|B7WNR0_HUMAN;tr|D6RHD5|D6RHD5_HUMAN;tr|H0YA55|H0YA55_HUMAN;tr|H7C013|H7C013_HUMAN,"K+43,14[Carbamyl]",K+43[Carbamyl],13.029,3.0,P02768,P02768;A0A0C4DGB6;B7WNR0;D6RHD5;H0YA55;H7C013,6,False,230,0.6845238095238095,0.31547619047619047,38,0.6551724137931034,25.59769414418715,25.298213880325306
291,.SDVVYTDW+31.990KK.,0.0002875034191010735,abundance,.SDVVYTDW+31.990KK.,.SDVVYTDWKK.,sp|P02763|A1AG1_HUMAN,"W+32,8[Dioxidation]",W+32[Dioxidation],1000.0,2.0,P02763,P02763,1,True,244,0.7261904761904762,0.27380952380952384,43,0.7413793103448276,24.044904630356232,23.98701138724541
292,.NLGK+27.995VGSK.,0.00028711336415257997,abundance,.NLGK+27.995VGSK.,.NLGKVGSK.,sp|P02768-2|ALBU_HUMAN;sp|P02768-3|ALBU_HUMAN;sp|P02768|ALBU_HUMAN;tr|A0A087WWT3|A0A087WWT3_HUMAN;tr|A0A0C4DGB6|A0A0C4DGB6_HUMAN;tr|B7WNR0|B7WNR0_HUMAN;tr|C9JKR2|C9JKR2_HUMAN;tr|D6RHD5|D6RHD5_HUMAN;tr|H0YA55|H0YA55_HUMAN,"K+28,4[Formyl]",K+28[Formyl],1000.0,2.0,P02768,P02768;A0A087WWT3;A0A0C4DGB6;B7WNR0;C9JKR2;D6RHD5;H0YA55,7,False,214,0.6369047619047619,0.3630952380952381,38,0.6551724137931034,25.83992892540511,25.843867082781163
293,.TEHPFTVEEFVLPK+42.047.,0.00028543688446955025,abundance,.TEHPFTVEEFVLPK+42.047.,.TEHPFTVEEFVLPK.,sp|P01023|A2MG_HUMAN,"Z+42,14[Propyl]",Z+42[Propyl],1000.0,3.0,P01023,P01023,1,True,241,0.7172619047619048,0.28273809523809523,40,0.6896551724137931,23.38719169672461,23.334950051495653
294,.DAHK+43.006SEVAHR.,0.00028476605501889205,abundance,.DAHK+43.006SEVAHR.,.DAHKSEVAHR.,sp|P02768-2|ALBU_HUMAN;sp|P02768-3|ALBU_HUMAN;sp|P02768|ALBU_HUMAN;tr|A0A087WWT3|A0A087WWT3_HUMAN;tr|A0A0C4DGB6|A0A0C4DGB6_HUMAN;tr|B7WNR0|B7WNR0_HUMAN;tr|C9JKR2|C9JKR2_HUMAN;tr|H7C013|H7C013_HUMAN,"K+43,4[Carbamyl]",K+43[Carbamyl],18.839,2.0,P02768,P02768;A0A087WWT3;A0A0C4DGB6;B7WNR0;C9JKR2;H7C013,6,False,318,0.9464285714285714,0.05357142857142857,52,0.896551724137931,24.942349772599403,25.358260189978832
295,.VPTADLEDVLPLAEDITNILSK+42.047.,0.00028218013736154183,abundance,.VPTADLEDVLPLAEDITNILSK+42.047.,.VPTADLEDVLPLAEDITNILSK.,sp|P02774-2|VTDB_HUMAN;sp|P02774-3|VTDB_HUMAN;sp|P02774|VTDB_HUMAN;tr|D6RBJ7|D6RBJ7_HUMAN;tr|D6RF35|D6RF35_HUMAN,"Z+42,22[Propyl]",Z+42[Propyl],1000.0,2.0,P02774,P02774;D6RBJ7;D6RF35,3,False,260,0.7738095238095238,0.2261904761904762,46,0.7931034482758621,22.62696825748214,22.502767343763182
296,.ATLYALSHAVN+0.984NYHK.,0.00028133625585869066,abundance,.ATLYALSHAVN+0.984NYHK.,.ATLYALSHAVNNYHK.,sp|P04114|APOB_HUMAN;tr|A8MUN2|A8MUN2_HUMAN,"N+1,11[Deamidated]",N+1[Deamidated],1000.0,2.0,P04114,P04114;A8MUN2,2,False,297,0.8839285714285714,0.11607142857142858,52,0.896551724137931,25.54288851700917,25.484897548483826
297,.GSLHAN+0.984GR.,0.00028048558852560067,abundance,.GSLHAN+0.984GR.,.GSLHANGR.,sp|P00450|CERU_HUMAN;tr|E9PFZ2|E9PFZ2_HUMAN;tr|H7C5R1|H7C5R1_HUMAN,"N+1,6[Deamidated]",N+1[Deamidated],1000.0,2.0,P00450,P00450;E9PFZ2;H7C5R1,3,False,307,0.9136904761904762,0.08630952380952381,54,0.9310344827586207,28.224400922401287,28.020053827564823
298,.LVRPEVDVM+31.990C+57.021TAFHDNEETFLKK.,0.0002791108671499702,abundance,.LVRPEVDVM+31.990C+57.021TAFHDNEETFLKK.,.LVRPEVDVMCTAFHDNEETFLKK.,sp|P02768-3|ALBU_HUMAN;sp|P02768|ALBU_HUMAN;tr|A0A087WWT3|A0A087WWT3_HUMAN;tr|A0A0C4DGB6|A0A0C4DGB6_HUMAN;tr|H7C013|H7C013_HUMAN,"M+32,9[Dioxidation]",M+32[Dioxidation],62.296,3.0,P02768,P02768;A0A087WWT3;A0A0C4DGB6;H7C013,4,False,279,0.8303571428571429,0.16964285714285715,46,0.7931034482758621,27.95774201556238,27.69724137233154
299,.LGPHAGDVEGHLSFLEK+42.047.,0.0002777765263203267,abundance,.LGPHAGDVEGHLSFLEK+42.047.,.LGPHAGDVEGHLSFLEK.,sp|P06727|APOA4_HUMAN,"Z+42,17[Propyl]",Z+42[Propyl],1000.0,3.0,P06727,P06727,1,True,242,0.7202380952380952,0.27976190476190477,39,0.6724137931034483,24.968291108283225,24.986994729597747
300,.MGPTELLIEMEDW+31.990KGDK.,0.00027651151376065675,abundance,.MGPTELLIEMEDW+31.990KGDK.,.MGPTELLIEMEDWKGDK.,sp|P02675|FIBB_HUMAN;tr|D6REL8|D6REL8_HUMAN,"W+32,13[Dioxidation]",W+32[Dioxidation],1000.0,3.0,P02675,P02675;D6REL8,2,False,194,0.5773809523809523,0.4226190476190476,33,0.5689655172413793,25.072815474649907,24.974516667763858
301,.SMGGKEDLIWE+37.956LLNQAQEHFGK.,0.0002729443944232884,abundance,.SMGGKEDLIWE+37.956LLNQAQEHFGK.,.SMGGKEDLIWELLNQAQEHFGK.,sp|P02787|TRFE_HUMAN,"E+38,11[Cation:K]",E+38[Cation:K],55.725,4.0,P02787,P02787,1,True,190,0.5654761904761905,0.43452380952380953,35,0.603448275862069,24.210047375092575,24.139759769747243
302,.QEPERNE+31.990C+57.021FLQHK.,0.0002717014201267771,abundance,.QEPERNE+31.990C+57.021FLQHK.,.QEPERNECFLQHK.,sp|P02768-3|ALBU_HUMAN;sp|P02768|ALBU_HUMAN;tr|A0A087WWT3|A0A087WWT3_HUMAN;tr|A0A0C4DGB6|A0A0C4DGB6_HUMAN;tr|H7C013|H7C013_HUMAN,"E+32,7[Dioxidation]",E+32[Dioxidation],1000.0,2.0,P02768,P02768;A0A087WWT3;A0A0C4DGB6;H7C013,4,False,249,0.7410714285714286,0.25892857142857145,48,0.8275862068965517,28.243126177179942,28.034094934232787
303,.+43.006SLHTLFGDK.,0.0002714382342984698,abundance,.+43.006SLHTLFGDK.,.SLHTLFGDK.,sp|P02768-3|ALBU_HUMAN;sp|P02768|ALBU_HUMAN;tr|A0A087WWT3|A0A087WWT3_HUMAN;tr|A0A0C4DGB6|A0A0C4DGB6_HUMAN;tr|H7C013|H7C013_HUMAN,"X+43,1[Carbamyl]",X+43[Carbamyl],1000.0,2.0,P02768,P02768;A0A087WWT3;A0A0C4DGB6;H7C013,4,False,294,0.875,0.125,48,0.8275862068965517,25.426786188373104,25.393402055929407
304,.TLPPSREEM+15.995TK.,0.0002711919867389014,abundance,.TLPPSREEM+15.995TK.,.TLPPSREEMTK.,sp|P01859|IGHG2_HUMAN;sp|P01860|IGHG3_HUMAN;tr|A0A286YES1|A0A286YES1_HUMAN;tr|A0A286YEY4|A0A286YEY4_HUMAN,"M+16,9[Oxidation]",M+16[Oxidation],9.353,2.0,P01859,P01859;P01860;A0A286YES1;A0A286YEY4,4,False,169,0.5029761904761905,0.49702380952380953,30,0.5172413793103449,22.236780345402362,22.191967821983088
305,.YIC+316.138ENQDSISSK.,0.0002709734917952802,abundance,.YIC+316.138ENQDSISSK.,.YICENQDSISSK.,sp|P02768-2|ALBU_HUMAN;sp|P02768|ALBU_HUMAN;tr|A0A0C4DGB6|A0A0C4DGB6_HUMAN;tr|B7WNR0|B7WNR0_HUMAN;tr|C9JKR2|C9JKR2_HUMAN;tr|D6RHD5|D6RHD5_HUMAN;tr|H0YA55|H0YA55_HUMAN,"C+316,3[IBTP]",C+316[IBTP],17.311,2.0,P02768,P02768;A0A0C4DGB6;B7WNR0;C9JKR2;D6RHD5;H0YA55,6,False,248,0.7380952380952381,0.2619047619047619,40,0.6896551724137931,24.58328757534428,24.657890779651503
306,.S+79.957HCIAEVENDEMPADLPSLAADFVESK.,0.00026991662809253434,abundance,.S+79.957HCIAEVENDEMPADLPSLAADFVESK.,.SHCIAEVENDEMPADLPSLAADFVESK.,sp|P02768-2|ALBU_HUMAN;sp|P02768|ALBU_HUMAN;tr|A0A0C4DGB6|A0A0C4DGB6_HUMAN;tr|B7WNR0|B7WNR0_HUMAN;tr|C9JKR2|C9JKR2_HUMAN;tr|D6RHD5|D6RHD5_HUMAN;tr|H0YA55|H0YA55_HUMAN,"S+80,1[Sulfo] & C+0,3[De-Carbamidomethyl]",S+80[Sulfo],12.594,2.0,P02768,P02768;A0A0C4DGB6;B7WNR0;C9JKR2;D6RHD5;H0YA55,6,False,222,0.6607142857142857,0.3392857142857143,36,0.6206896551724138,25.535458360749494,25.539316807839867
307,.LTYAYFAGGDAGD+37.956AFDGFDFGDDPSDK.,0.00026889348571253007,abundance,.LTYAYFAGGDAGD+37.956AFDGFDFGDDPSDK.,.LTYAYFAGGDAGDAFDGFDFGDDPSDK.,sp|P02679-2|FIBG_HUMAN;sp|P02679|FIBG_HUMAN;tr|C9JC84|C9JC84_HUMAN;tr|C9JEU5|C9JEU5_HUMAN,"D+38,13[Cation:K]",D+38[Cation:K],52.767,3.0,P02679,P02679;C9JC84;C9JEU5,3,False,193,0.5744047619047619,0.4255952380952381,35,0.603448275862069,24.35527110520764,24.134873392363115
308,.LYHSEAFTVNFGDTEEAK+42.047.,0.000267610797791944,abundance,.LYHSEAFTVNFGDTEEAK+42.047.,.LYHSEAFTVNFGDTEEAK.,sp|P01009-2|A1AT_HUMAN;sp|P01009-3|A1AT_HUMAN;sp|P01009|A1AT_HUMAN;tr|A0A024R6I7|A0A024R6I7_HUMAN;tr|A0A0G2JRN3|A0A0G2JRN3_HUMAN;tr|G3V2B9|G3V2B9_HUMAN,"Z+42,18[Propyl]",Z+42[Propyl],1000.0,2.0,P01009,P01009;A0A024R6I7;A0A0G2JRN3;G3V2B9,4,False,270,0.8035714285714286,0.19642857142857142,49,0.8448275862068966,26.59695812927193,26.481012443913006
309,.THTC-33.988PPC+31.990PAPELLGGPSVFLFPPK.,0.0002655841682910838,abundance,.THTC-33.988PPC+31.990PAPELLGGPSVFLFPPK.,.THTCPPCPAPELLGGPSVFLFPPK.,sp|P01857|IGHG1_HUMAN;tr|A0A0A0MS07|A0A0A0MS07_HUMAN;tr|A0A0A0MS08|A0A0A0MS08_HUMAN,"C-34,4[Cys->Dha] & C+32,7[Dioxidation]",C-34[Cys->Dha],0.0,3.0,P01857,P01857;A0A0A0MS07;A0A0A0MS08,3,False,206,0.6130952380952381,0.3869047619047619,34,0.5862068965517241,26.401549713332976,26.31027614693277
310,.PFVFLM+15.995IEQNTK.,0.00026286686688164573,abundance,.PFVFLM+15.995IEQNTK.,.PFVFLMIEQNTK.,sp|P01009|A1AT_HUMAN;tr|A0A024R6I7|A0A024R6I7_HUMAN,"M+16,6[Oxidation]",M+16[Oxidation],23.914,2.0,P01009,P01009;A0A024R6I7,2,False,283,0.8422619047619048,0.15773809523809523,48,0.8275862068965517,25.65823632977388,25.61303004912969
311,.VGFYESDVM-48.003GR.,0.0002624740845391901,abundance,.VGFYESDVM-48.003GR.,.VGFYESDVMGR.,sp|P01023|A2MG_HUMAN,"M-48,9[Dethiomethyl]",M-48[Dethiomethyl],21.959,3.0,P01023,P01023,1,True,265,0.7886904761904762,0.2113095238095238,48,0.8275862068965517,24.40470605709643,24.37185126865649
312,.-17.027QLANGVDR.,0.00026174100732280703,abundance,.-17.027QLANGVDR.,.QLANGVDR.,sp|P01024|CO3_HUMAN;tr|M0QYC8|M0QYC8_HUMAN,"Q-17,1[Gln->pyro-Glu]",Q-17[Gln->pyro-Glu],9.938,2.0,P01024,P01024;M0QYC8,2,False,317,0.9434523809523809,0.05654761904761905,53,0.9137931034482759,27.027542206741625,26.959418400311325
313,.K+57.021QELSEAEQATR.,0.0002613355956891176,abundance,.K+57.021QELSEAEQATR.,.KQELSEAEQATR.,sp|P01024|CO3_HUMAN,"K+57,1[Carbamidomethyl]",K+57[Carbamidomethyl],19.389,2.0,P01024,P01024,1,True,215,0.6398809523809523,0.3601190476190476,40,0.6896551724137931,24.464703592804437,24.323224863530573
314,.FPLSLC+57.021STQPDGN-16.990VVIAC+57.021LVQGFFPQEPLSVTWSESGQGVTAR.,0.0002611597950208479,abundance,.FPLSLC+57.021STQPDGN-16.990VVIAC+57.021LVQGFFPQEPLSVTWSESGQGVTAR.,.FPLSLCSTQPDGNVVIACLVQGFFPQEPLSVTWSESGQGVTAR.,sp|P01876|IGHA1_HUMAN;tr|A0A286YEY1|A0A286YEY1_HUMAN,"N-17,13[N->P/2]",N-17[N->P/2],0.0,3.0,P01876,P01876;A0A286YEY1,2,False,277,0.8244047619047619,0.17559523809523808,49,0.8448275862068966,24.96297479398711,24.935294445359837
315,.LDELRDEGK+42.011ASSAK.,0.0002583606609478549,abundance,.LDELRDEGK+42.011ASSAK.,.LDELRDEGKASSAK.,sp|P02768|ALBU_HUMAN;tr|A0A0C4DGB6|A0A0C4DGB6_HUMAN;tr|B7WNR0|B7WNR0_HUMAN;tr|D6RHD5|D6RHD5_HUMAN;tr|H0YA55|H0YA55_HUMAN,"K+42,9[Acetyl]",K+42[Acetyl],28.612,2.0,P02768,P02768;A0A0C4DGB6;B7WNR0;D6RHD5;H0YA55,5,False,318,0.9464285714285714,0.05357142857142857,52,0.896551724137931,27.56050432222712,28.05760678632961
316,.EVQLV+29.974QSGAEVK.,0.0002582918875983037,abundance,.EVQLV+29.974QSGAEVK.,.EVQLVQSGAEVK.,sp|A0A0C4DH38|HV551_HUMAN;sp|A0A0G2JMI3|HV692_HUMAN;sp|A0A0J9YXX1|HV5X1_HUMAN,"V+30,5[V->E/1]",V+30[V->E/1],17.994,2.0,A0A0C4DH38,A0A0C4DH38;A0A0G2JMI3;A0A0J9YXX1,3,False,276,0.8214285714285714,0.17857142857142858,47,0.8103448275862069,26.104651388255217,26.092988816552158
317,.K+28.006MADEAGSEADHEGTHSTK.,0.0002559428361146059,abundance,.K+28.006MADEAGSEADHEGTHSTK.,.KMADEAGSEADHEGTHSTK.,sp|P02671-2|FIBA_HUMAN;sp|P02671|FIBA_HUMAN,"K+28,1[K->R/1]",K+28[K->R/1],7.193,3.0,P02671,P02671,1,True,316,0.9404761904761905,0.05952380952380952,52,0.896551724137931,27.166966118655505,26.913527303767214
318,.AAC-33.988LLPKLDELR.,0.000255423459460636,abundance,.AAC-33.988LLPKLDELR.,.AACLLPKLDELR.,sp|P02768|ALBU_HUMAN;tr|A0A0C4DGB6|A0A0C4DGB6_HUMAN;tr|B7WNR0|B7WNR0_HUMAN;tr|D6RHD5|D6RHD5_HUMAN;tr|H0YA55|H0YA55_HUMAN,"C-34,3[Cys->Dha]",C-34[Cys->Dha],0.0,3.0,P02768,P02768;A0A0C4DGB6;B7WNR0;D6RHD5;H0YA55,5,False,245,0.7291666666666666,0.2708333333333333,40,0.6896551724137931,23.002433049577586,22.892739421001142
319,.Q+0.984GHNSVFLIK.,0.0002541909995963381,abundance,.Q+0.984GHNSVFLIK.,.QGHNSVFLIK.,sp|P02790|HEMO_HUMAN;tr|Q9BS19|Q9BS19_HUMAN,"Q+1,1[Deamidated]",Q+1[Deamidated],1000.0,2.0,P02790,P02790;Q9BS19,2,False,296,0.8809523809523809,0.11904761904761904,50,0.8620689655172413,24.576770365397962,24.718397907211337
320,.EKLS+14.016PLGEEMR.,0.00025347492367170017,abundance,.EKLS+14.016PLGEEMR.,.EKLSPLGEEMR.,sp|P02647|APOA1_HUMAN;tr|F8W696|F8W696_HUMAN,"S+14,4[S->T/1]",S+14[S->T/1],0.0,3.0,P02647,P02647;F8W696,2,False,170,0.5059523809523809,0.49404761904761907,30,0.5172413793103449,25.62343494394672,25.514612888054966
321,.EDLIWELLN+0.984QAQEHFGK.,0.00025298781831442705,abundance,.EDLIWELLN+0.984QAQEHFGK.,.EDLIWELLNQAQEHFGK.,sp|P02787|TRFE_HUMAN,"N+1,9[Deamidated]",N+1[Deamidated],1000.0,3.0,P02787,P02787,1,True,256,0.7619047619047619,0.23809523809523808,42,0.7241379310344828,24.2471134052982,24.23253318719451
322,.TVAAPSVFIFPPSDEQLKS+69.069.,0.00025209720406416125,abundance,.TVAAPSVFIFPPSDEQLKS+69.069.,.TVAAPSVFIFPPSDEQLKS.,sp|P01834|IGKC_HUMAN,"S+69,19[S->R/1]",S+69[S->R/1],16.104,3.0,P01834,P01834,1,True,199,0.5922619047619048,0.40773809523809523,38,0.6551724137931034,29.142215563620923,28.909101224062184
323,.NVVFVIDK+42.047.,0.00025189028051668085,abundance,.NVVFVIDK+42.047.,.NVVFVIDK.,sp|Q14624-2|ITIH4_HUMAN;sp|Q14624-3|ITIH4_HUMAN;sp|Q14624-4|ITIH4_HUMAN;sp|Q14624|ITIH4_HUMAN;tr|B7ZKJ8|B7ZKJ8_HUMAN;tr|H7C0L5|H7C0L5_HUMAN,"Z+42,8[Propyl]",Z+42[Propyl],1000.0,2.0,Q14624,Q14624;B7ZKJ8;H7C0L5,3,False,176,0.5238095238095238,0.47619047619047616,33,0.5689655172413793,25.344608337914433,25.20906434350974
324,.FSGSNSGN+0.984TATLTISR.,0.00025022562932834906,abundance,.FSGSNSGN+0.984TATLTISR.,.FSGSNSGNTATLTISR.,sp|A0A075B6K5|LV39_HUMAN;sp|P80748|LV302_HUMAN,"N+1,8[Deamidated]",N+1[Deamidated],1000.0,2.0,A0A075B6K5,A0A075B6K5;P80748,2,False,316,0.9404761904761905,0.05952380952380952,52,0.896551724137931,26.927563861360206,26.838853023493254
325,.VKSPELQ+0.984AEAK.,0.00024941948645967383,abundance,.VKSPELQ+0.984AEAK.,.VKSPELQAEAK.,sp|P02652|APOA2_HUMAN;tr|V9GYC1|V9GYC1_HUMAN;tr|V9GYE3|V9GYE3_HUMAN;tr|V9GYG9|V9GYG9_HUMAN;tr|V9GYM3|V9GYM3_HUMAN;tr|V9GYS1|V9GYS1_HUMAN,"Q+1,7[Deamidated]",Q+1[Deamidated],1000.0,2.0,P02652,P02652;V9GYC1;V9GYE3;V9GYG9;V9GYM3;V9GYS1,6,False,288,0.8571428571428571,0.14285714285714285,49,0.8448275862068966,24.925859685987568,24.759880782157566
326,.SST+29.993SPTTNVLLSPLSVATALSALSLGAEQR.,0.00024797407463138834,abundance,.SST+29.993SPTTNVLLSPLSVATALSALSLGAEQR.,.SSTSPTTNVLLSPLSVATALSALSLGAEQR.,sp|P36955|PEDF_HUMAN;tr|I3L2R7|I3L2R7_HUMAN;tr|I3L3Z3|I3L3Z3_HUMAN;tr|I3L4Z0|I3L4Z0_HUMAN,"T+30,3[T->M/1]",T+30[T->M/1],0.0,3.0,P36955,P36955;I3L2R7;I3L3Z3;I3L4Z0,4,False,255,0.7589285714285714,0.24107142857142858,43,0.7413793103448276,23.768502580645265,23.861574245731987
327,.LLVVYPW+3.995TQR.,0.0002474221102372137,abundance,.LLVVYPW+3.995TQR.,.LLVVYPWTQR.,sp|P02042|HBD_HUMAN;sp|P02100|HBE_HUMAN;sp|P68871|HBB_HUMAN;sp|P69891|HBG1_HUMAN;sp|P69892|HBG2_HUMAN;tr|A0A2R8Y7R2|A0A2R8Y7R2_HUMAN;tr|A0A2R8Y7X9|A0A2R8Y7X9_HUMAN;tr|A8MUF7|A8MUF7_HUMAN;tr|E9PEW8|E9PEW8_HUMAN;tr|E9PFT6|E9PFT6_HUMAN [further mapped to 1 additional proteins],"W+4,7[Trp->Kynurenin]",W+4[Trp->Kynurenin],1000.0,2.0,P02042,P02042;P02100;P68871;P69891;P69892;A0A2R8Y7R2;A0A2R8Y7X9;A8MUF7;E9PEW8;E9PFT6,10,False,295,0.8779761904761905,0.12202380952380952,47,0.8103448275862069,24.418194975171687,24.36462489056079
328,.GATYNV+14.016IVEALK.,0.000245977275642358,abundance,.GATYNV+14.016IVEALK.,.GATYNVIVEALK.,sp|P02751-10|FINC_HUMAN;sp|P02751-11|FINC_HUMAN;sp|P02751-12|FINC_HUMAN;sp|P02751-13|FINC_HUMAN;sp|P02751-14|FINC_HUMAN;sp|P02751-15|FINC_HUMAN;sp|P02751-17|FINC_HUMAN;sp|P02751-3|FINC_HUMAN;sp|P02751-5|FINC_HUMAN;sp|P02751-7|FINC_HUMAN [further mapped to 4 additional proteins],"V+14,6[V->IL/1]",V+14[V->IL/1],0.0,2.0,P02751,P02751,1,True,272,0.8095238095238095,0.19047619047619047,47,0.8103448275862069,25.20939186260405,25.777645027472577
329,.LIC-33.988QATGFSPR.,0.0002459344265249573,abundance,.LIC-33.988QATGFSPR.,.LICQATGFSPR.,sp|P01871-2|IGHM_HUMAN;sp|P01871|IGHM_HUMAN;tr|A0A1B0GUU9|A0A1B0GUU9_HUMAN,"C-34,3[Cys->Dha]",C-34[Cys->Dha],1000.0,2.0,P01871,P01871;A0A1B0GUU9,2,False,318,0.9464285714285714,0.05357142857142857,52,0.896551724137931,25.885019707014095,25.937438805997154
330,.EQLGPVTQEFWDNLEK+42.047.__missing,0.00024410157185125682,missingness,.EQLGPVTQEFWDNLEK+42.047,,,,,,,,,0,False,0,0.0,1.0,0,0.0,,
331,.EFNAETFTFHADIC+119.004T-30.011LSEK.,0.00024395141390284135,abundance,.EFNAETFTFHADIC+119.004T-30.011LSEK.,.EFNAETFTFHADICTLSEK.,sp|P02768-2|ALBU_HUMAN;sp|P02768-3|ALBU_HUMAN;sp|P02768|ALBU_HUMAN;tr|A0A087WWT3|A0A087WWT3_HUMAN;tr|A0A0C4DGB6|A0A0C4DGB6_HUMAN;tr|B7WNR0|B7WNR0_HUMAN;tr|C9JKR2|C9JKR2_HUMAN;tr|D6RHD5|D6RHD5_HUMAN;tr|H0YA55|H0YA55_HUMAN,"C+119,14[Cysteinyl] & T-30,15[T->A/1]",C+119[Cysteinyl],1000.0,2.0,P02768,P02768;A0A087WWT3;A0A0C4DGB6;B7WNR0;C9JKR2;D6RHD5;H0YA55,7,False,206,0.6130952380952381,0.3869047619047619,42,0.7241379310344828,28.10833069310295,27.86685216015388
332,.LVRPEVDVMC+47.985TAFHDNEETFLK.,0.00024164843880814196,abundance,.LVRPEVDVMC+47.985TAFHDNEETFLK.,.LVRPEVDVMCTAFHDNEETFLK.,sp|P02768-3|ALBU_HUMAN;sp|P02768|ALBU_HUMAN;tr|A0A087WWT3|A0A087WWT3_HUMAN;tr|A0A0C4DGB6|A0A0C4DGB6_HUMAN;tr|H7C013|H7C013_HUMAN,"C+48,10[Trioxidation]",C+48[Trioxidation],61.484,3.0,P02768,P02768;A0A087WWT3;A0A0C4DGB6;H7C013,4,False,225,0.6696428571428571,0.33035714285714285,40,0.6896551724137931,26.899019646233118,26.69674418590721
333,.AIQLTYNPDESSKPN+0.984MIDAATLK.,0.00023856166960389017,abundance,.AIQLTYNPDESSKPN+0.984MIDAATLK.,.AIQLTYNPDESSKPNMIDAATLK.,sp|P02679-2|FIBG_HUMAN;sp|P02679|FIBG_HUMAN;tr|C9JC84|C9JC84_HUMAN;tr|C9JEU5|C9JEU5_HUMAN,"N+1,15[Deamidated]",N+1[Deamidated],1000.0,2.0,P02679,P02679;C9JC84;C9JEU5,3,False,305,0.9077380952380952,0.09226190476190477,49,0.8448275862068966,27.445048789958786,26.983276888975922
334,.IMQSSQSM+15.995SK.,0.00023829086016238806,abundance,.IMQSSQSM+15.995SK.,.IMQSSQSMSK.,sp|O75882-2|ATRN_HUMAN;sp|O75882-3|ATRN_HUMAN;sp|O75882|ATRN_HUMAN,"M+16,8[Oxidation]",M+16[Oxidation],12.212,2.0,O75882,O75882,1,True,220,0.6547619047619048,0.34523809523809523,41,0.7068965517241379,22.276990063934278,22.149135223254987
335,.QNC-33.988ELFEQLGEYKFQNALLVR.__missing,0.00023785824094123484,missingness,.QNC-33.988ELFEQLGEYKFQNALLVR,,,,,,,,,0,False,0,0.0,1.0,0,0.0,,
336,.GPEVQLVAH+57.021SPWLK.,0.00023578357936251357,abundance,.GPEVQLVAH+57.021SPWLK.,.GPEVQLVAHSPWLK.,sp|P0C0L4-2|CO4A_HUMAN;sp|P0C0L4|CO4A_HUMAN;sp|P0C0L5|CO4B_HUMAN;tr|A0A0G2JL54|A0A0G2JL54_HUMAN;tr|A0A0G2JPR0|A0A0G2JPR0_HUMAN;tr|A0A140TA29|A0A140TA29_HUMAN;tr|A0A140TA32|A0A140TA32_HUMAN;tr|A0A140TA44|A0A140TA44_HUMAN;tr|A0A140TA49|A0A140TA49_HUMAN;tr|F5GXS0|F5GXS0_HUMAN,"H+57,9[Carbamidomethyl]",H+57[Carbamidomethyl],31.52,2.0,P0C0L4,P0C0L4;P0C0L5;A0A0G2JL54;A0A0G2JPR0;A0A140TA29;A0A140TA32;A0A140TA44;A0A140TA49;F5GXS0,9,False,280,0.8333333333333334,0.16666666666666666,52,0.896551724137931,24.376325277837033,24.233859526146773
337,.IWDVVEKADIGC-33.988TPGSGK.,0.00023562240959814588,abundance,.IWDVVEKADIGC-33.988TPGSGK.,.IWDVVEKADIGCTPGSGK.,sp|P01024|CO3_HUMAN,"C-34,12[Cys->Dha]",C-34[Cys->Dha],0.0,3.0,P01024,P01024,1,True,210,0.625,0.375,36,0.6206896551724138,24.447686661866236,24.41813185443227
338,.FNW+15.995YVDGVEVHNAK.,0.0002342804603205415,abundance,.FNW+15.995YVDGVEVHNAK.,.FNWYVDGVEVHNAK.,sp|P01857|IGHG1_HUMAN;sp|P01859|IGHG2_HUMAN;sp|P01861|IGHG4_HUMAN;tr|A0A0A0MS08|A0A0A0MS08_HUMAN;tr|A0A286YEY4|A0A286YEY4_HUMAN;tr|A0A286YFJ8|A0A286YFJ8_HUMAN,"W+16,3[Oxidation]",W+16[Oxidation],30.543,2.0,P01857,P01857;P01859;P01861;A0A0A0MS08;A0A286YEY4;A0A286YFJ8,6,False,317,0.9434523809523809,0.05654761904761905,52,0.896551724137931,26.002462322912066,26.0914919146515
339,.+57.021ILGGHLDAK.,0.0002339110439136285,abundance,.+57.021ILGGHLDAK.,.ILGGHLDAK.,sp|P00738-2|HPT_HUMAN;sp|P00738|HPT_HUMAN;sp|P00739-2|HPTR_HUMAN;sp|P00739|HPTR_HUMAN;tr|A0A087WU08|A0A087WU08_HUMAN;tr|A0A0A0MRD9|A0A0A0MRD9_HUMAN;tr|A0A0C4DGL8|A0A0C4DGL8_HUMAN;tr|H0Y300|H0Y300_HUMAN;tr|J3QR68|J3QR68_HUMAN,"X+57,1[Carbamidomethyl]",X+57[Carbamidomethyl],1000.0,2.0,P00738,P00738;P00739;A0A087WU08;A0A0A0MRD9;A0A0C4DGL8;H0Y300;J3QR68,7,False,325,0.9672619047619048,0.03273809523809524,55,0.9482758620689655,28.430308098947258,28.277638761291904
340,.YNPIPSVQLMGN+0.984GFHFLAGEPR.__missing,0.00023377435475802297,missingness,.YNPIPSVQLMGN+0.984GFHFLAGEPR,,,,,,,,,0,False,0,0.0,1.0,0,0.0,,
341,.EIVMTQSPATLSVSPGE-14.016R.,0.00023249946290584693,abundance,.EIVMTQSPATLSVSPGE-14.016R.,.EIVMTQSPATLSVSPGER.,sp|A0A087WSY6|KVD15_HUMAN;sp|P01624|KV315_HUMAN,"E-14,17[E->D/1]",E-14[E->D/1],1000.0,2.0,A0A087WSY6,A0A087WSY6;P01624,2,False,233,0.6934523809523809,0.30654761904761907,39,0.6724137931034483,25.5422243437261,25.613197023039113
342,.LRTEGD-18.011GVYTLNNEK.,0.00023053455526780346,abundance,.LRTEGD-18.011GVYTLNNEK.,.LRTEGDGVYTLNNEK.,sp|P00738-2|HPT_HUMAN;sp|P00738|HPT_HUMAN;tr|H3BMJ7|H3BMJ7_HUMAN;tr|H3BS21|H3BS21_HUMAN;tr|J3KRH2|J3KRH2_HUMAN;tr|J3KSV1|J3KSV1_HUMAN;tr|J3QLC9|J3QLC9_HUMAN;tr|J3QQI8|J3QQI8_HUMAN,"D-18,6[Dehydrated]",D-18[Dehydrated],26.648,2.0,P00738,P00738;H3BMJ7;H3BS21;J3KRH2;J3KSV1;J3QLC9;J3QQI8,7,False,300,0.8928571428571429,0.10714285714285714,49,0.8448275862068966,26.51799057239993,26.480360695294195
343,.ADLFYDVE+37.956ALDLESPK.,0.00023041246243563112,abundance,.ADLFYDVE+37.956ALDLESPK.,.ADLFYDVEALDLESPK.,sp|P04196|HRG_HUMAN,"E+38,8[Cation:K]",E+38[Cation:K],31.054,3.0,P04196,P04196,1,True,204,0.6071428571428571,0.39285714285714285,38,0.6551724137931034,23.311034636392066,23.241127012567585
344,.LSPLGEEM-48.003R.,0.0002296674595836329,abundance,.LSPLGEEM-48.003R.,.LSPLGEEMR.,sp|P02647|APOA1_HUMAN;tr|F8W696|F8W696_HUMAN,"M-48,8[Dethiomethyl]",M-48[Dethiomethyl],9.032,3.0,P02647,P02647;F8W696,2,False,261,0.7767857142857143,0.22321428571428573,46,0.7931034482758621,24.788189158297772,24.857532190929746
345,.+12.000HPDYSVVLLLR.,0.0002287512609368458,abundance,.+12.000HPDYSVVLLLR.,.HPDYSVVLLLR.,sp|P02768-2|ALBU_HUMAN;sp|P02768|ALBU_HUMAN;tr|A0A0C4DGB6|A0A0C4DGB6_HUMAN;tr|B7WNR0|B7WNR0_HUMAN;tr|C9JKR2|C9JKR2_HUMAN;tr|D6RHD5|D6RHD5_HUMAN;tr|H0YA55|H0YA55_HUMAN,"X+12,1[Thiazolidine]",X+12[Thiazolidine],1000.0,3.0,P02768,P02768;A0A0C4DGB6;B7WNR0;C9JKR2;D6RHD5;H0YA55,6,False,215,0.6398809523809523,0.3601190476190476,36,0.6206896551724138,23.33270749664244,23.424319041341636
346,.VLLD-18.011GVQNPR.,0.0002284993921224516,abundance,.VLLD-18.011GVQNPR.,.VLLDGVQNPR.,sp|P01024|CO3_HUMAN,"D-18,4[Dehydrated]",D-18[Dehydrated],10.118,2.0,P01024,P01024,1,True,288,0.8571428571428571,0.14285714285714285,49,0.8448275862068966,26.25354580512647,26.009878005127636
347,.M-1.998ELERPGGNEITR.,0.00022831034305560081,abundance,.M-1.998ELERPGGNEITR.,.MELERPGGNEITR.,sp|P02671-2|FIBA_HUMAN;sp|P02671|FIBA_HUMAN,"M-2,1[M->E/2]",M-2[M->E/2],16.654,3.0,P02671,P02671,1,True,250,0.7440476190476191,0.25595238095238093,41,0.7068965517241379,25.37113408274056,25.432545345605877
348,.+43.006HQTVPQNTGGK.,0.0002270866008373861,abundance,.+43.006HQTVPQNTGGK.,.HQTVPQNTGGK.,sp|P02787|TRFE_HUMAN,"X+43,1[Carbamyl]",X+43[Carbamyl],10.644,2.0,P02787,P02787,1,True,273,0.8125,0.1875,47,0.8103448275862069,23.744400475559683,23.61070228992657
349,.L+0.959V-2.016NEVTEFAK.,0.00022704686975042655,abundance,.L+0.959V-2.016NEVTEFAK.,.LVNEVTEFAK.,sp|P02768-3|ALBU_HUMAN;sp|P02768|ALBU_HUMAN;tr|A0A087WWT3|A0A087WWT3_HUMAN;tr|A0A0C4DGB6|A0A0C4DGB6_HUMAN;tr|H7C013|H7C013_HUMAN,"L+1,1[L->N/2] & V-2,2[V->P/2]",L+1[L->N/2],1000.0,2.0,P02768,P02768;A0A087WWT3;A0A0C4DGB6;H7C013,4,False,176,0.5238095238095238,0.47619047619047616,30,0.5172413793103449,26.0282570176668,25.845286959957438
350,.LTIGEGQQHHLGGAK+42.047.,0.00022696519904329054,abundance,.LTIGEGQQHHLGGAK+42.047.,.LTIGEGQQHHLGGAK.,sp|P02679-2|FIBG_HUMAN;sp|P02679|FIBG_HUMAN;tr|C9JC84|C9JC84_HUMAN;tr|C9JEU5|C9JEU5_HUMAN,"Z+42,15[Propyl]",Z+42[Propyl],1000.0,3.0,P02679,P02679;C9JC84;C9JEU5,3,False,240,0.7142857142857143,0.2857142857142857,43,0.7413793103448276,25.20688996637441,25.206599273383723
351,.DIVM-31.972TQSPDSLAVSLGER.,0.00022571866152312135,abundance,.DIVM-31.972TQSPDSLAVSLGER.,.DIVMTQSPDSLAVSLGER.,sp|P06312|KV401_HUMAN,"M-32,4[M->V/1]",M-32[M->V/1],1000.0,2.0,P06312,P06312,1,True,226,0.6726190476190477,0.3273809523809524,42,0.7241379310344828,25.318145440532824,25.169068043023284
352,.EQLGEFYEALDC+119.004LR.,0.0002250576952971504,abundance,.EQLGEFYEALDC+119.004LR.,.EQLGEFYEALDCLR.,sp|P02763|A1AG1_HUMAN,"C+119,12[Cysteinyl]",C+119[Cysteinyl],15.127,3.0,P02763,P02763,1,True,261,0.7767857142857143,0.22321428571428573,45,0.7758620689655172,24.136257080599126,23.952453150599574
353,.WC+24.995AVSEHEATK.,0.0002250187325311192,abundance,.WC+24.995AVSEHEATK.,.WCAVSEHEATK.,sp|P02787|TRFE_HUMAN;tr|F8WC57|F8WC57_HUMAN;tr|F8WCI6|F8WCI6_HUMAN;tr|F8WEK9|F8WEK9_HUMAN,"C+25,2[Cyano]",C+25[Cyano],11.175,2.0,P02787,P02787;F8WC57;F8WCI6;F8WEK9,4,False,184,0.5476190476190477,0.4523809523809524,38,0.6551724137931034,23.89097790978294,23.90264352775024
354,.TC+119.004VADESAENC+57.021DK.,0.00022496459461086304,abundance,.TC+119.004VADESAENC+57.021DK.,.TCVADESAENCDK.,sp|P02768-3|ALBU_HUMAN;sp|P02768|ALBU_HUMAN;tr|A0A087WWT3|A0A087WWT3_HUMAN;tr|A0A0C4DGB6|A0A0C4DGB6_HUMAN;tr|H7C013|H7C013_HUMAN,"C+119,2[Cysteinyl]",C+119[Cysteinyl],12.241,2.0,P02768,P02768;A0A087WWT3;A0A0C4DGB6;H7C013,4,False,191,0.5684523809523809,0.43154761904761907,39,0.6724137931034483,21.979839635963494,21.96023112379917
355,.SM+15.995GGKEDLIW+3.995ELLNQAQEHFGK.,0.00022397046353813324,abundance,.SM+15.995GGKEDLIW+3.995ELLNQAQEHFGK.,.SMGGKEDLIWELLNQAQEHFGK.,sp|P02787|TRFE_HUMAN,"M+16,2[Oxidation] & W+4,10[Trp->Kynurenin]",M+16[Oxidation],27.731,3.0,P02787,P02787,1,True,288,0.8571428571428571,0.14285714285714285,48,0.8275862068965517,26.44982416791638,26.321855167925776
356,.TEVSSNHVLIYLDK+42.047.,0.00022279035932756217,abundance,.TEVSSNHVLIYLDK+42.047.,.TEVSSNHVLIYLDK.,sp|P01023|A2MG_HUMAN,"K+42,14[Trimethyl]",K+42[Trimethyl],1000.0,3.0,P01023,P01023,1,True,286,0.8511904761904762,0.1488095238095238,47,0.8103448275862069,25.404796228246603,25.245643126236363
357,.YVMLPVADQDQC-33.988IRHYEGSTVPEK.,0.00022223854698205956,abundance,.YVMLPVADQDQC-33.988IRHYEGSTVPEK.,.YVMLPVADQDQCIRHYEGSTVPEK.,sp|P00738-2|HPT_HUMAN;sp|P00738|HPT_HUMAN;tr|A0A087WU08|A0A087WU08_HUMAN;tr|A0A0C4DGL8|A0A0C4DGL8_HUMAN;tr|H0Y300|H0Y300_HUMAN;tr|H3BS21|H3BS21_HUMAN;tr|J3QLC9|J3QLC9_HUMAN;tr|J3QR68|J3QR68_HUMAN,"C-34,12[Cys->Dha]",C-34[Cys->Dha],0.0,3.0,P00738,P00738;A0A087WU08;A0A0C4DGL8;H0Y300;H3BS21;J3QLC9;J3QR68,7,False,292,0.8690476190476191,0.13095238095238096,48,0.8275862068965517,26.657994248642915,26.59046637352908
358,.EDPQGDAAQKTDTSH+57.021HDQDHPTFNK.__missing,0.00022182586072839775,missingness,.EDPQGDAAQKTDTSH+57.021HDQDHPTFNK,,,,,,,,,0,False,0,0.0,1.0,0,0.0,,
359,.+56.026LDELRDEGK.__missing,0.00022159122057031563,missingness,.+56.026LDELRDEGK,,,,,,,,,0,False,0,0.0,1.0,0,0.0,,
360,.+12.000WYVDGVEVHNAK.,0.00022056267080287846,abundance,.+12.000WYVDGVEVHNAK.,.WYVDGVEVHNAK.,sp|P01857|IGHG1_HUMAN;sp|P01859|IGHG2_HUMAN;sp|P01860|IGHG3_HUMAN;sp|P01861|IGHG4_HUMAN;tr|A0A0A0MS08|A0A0A0MS08_HUMAN;tr|A0A286YES1|A0A286YES1_HUMAN;tr|A0A286YEY4|A0A286YEY4_HUMAN;tr|A0A286YFJ8|A0A286YFJ8_HUMAN,"X+12,1[Thiazolidine]",X+12[Thiazolidine],1000.0,2.0,P01857,P01857;P01859;P01860;P01861;A0A0A0MS08;A0A286YES1;A0A286YEY4;A0A286YFJ8,8,False,199,0.5922619047619048,0.40773809523809523,34,0.5862068965517241,26.80868293804395,26.69061615882764
361,.LLQDEFPGIPSPLDAAVEC-33.988HRGEC+31.990QAEGVLFFQGDR.,0.0002205367128129468,abundance,.LLQDEFPGIPSPLDAAVEC-33.988HRGEC+31.990QAEGVLFFQGDR.,.LLQDEFPGIPSPLDAAVECHRGECQAEGVLFFQGDR.,sp|P02790|HEMO_HUMAN;tr|Q9BS19|Q9BS19_HUMAN,"C-34,19[Cys->Dha] & C+32,24[Dioxidation]",C-34[Cys->Dha],0.0,3.0,P02790,P02790;Q9BS19,2,False,219,0.6517857142857143,0.3482142857142857,35,0.603448275862069,27.467284596701525,27.329774257375462
362,.-18.011EAVEHLQK.__missing,0.0002186943063121793,missingness,.-18.011EAVEHLQK,,,,,,,,,0,False,0,0.0,1.0,0,0.0,,
363,.FAHNVVTM+15.995R.,0.0002165467808484811,abundance,.FAHNVVTM+15.995R.,.FAHNVVTMR.,sp|Q06033-2|ITIH3_HUMAN;sp|Q06033|ITIH3_HUMAN;tr|A0A087WW43|A0A087WW43_HUMAN;tr|E7ET33|E7ET33_HUMAN,"M+16,8[Oxidation]",M+16[Oxidation],13.633,3.0,Q06033,Q06033;A0A087WW43;E7ET33,3,False,255,0.7589285714285714,0.24107142857142858,42,0.7241379310344828,24.171144798082562,24.202989482313086
364,.GW+15.995VTDGFSSLK.,0.00021619233786079203,abundance,.GW+15.995VTDGFSSLK.,.GWVTDGFSSLK.,sp|P02656|APOC3_HUMAN;tr|B0YIW2|B0YIW2_HUMAN,"W+16,2[Oxidation]",W+16[Oxidation],1000.0,2.0,P02656,P02656;B0YIW2,2,False,202,0.6011904761904762,0.39880952380952384,33,0.5689655172413793,24.336389536199405,24.332041159691247
365,.+12.000HYEGSTVPEKK.,0.00021598814988903995,abundance,.+12.000HYEGSTVPEKK.,.HYEGSTVPEKK.,sp|P00738-2|HPT_HUMAN;sp|P00738|HPT_HUMAN;tr|A0A087WU08|A0A087WU08_HUMAN;tr|A0A0C4DGL8|A0A0C4DGL8_HUMAN;tr|H0Y300|H0Y300_HUMAN;tr|J3QLC9|J3QLC9_HUMAN;tr|J3QR68|J3QR68_HUMAN,"X+12,1[Thiazolidine]",X+12[Thiazolidine],20.625,2.0,P00738,P00738;A0A087WU08;A0A0C4DGL8;H0Y300;J3QLC9;J3QR68,6,False,216,0.6428571428571429,0.35714285714285715,40,0.6896551724137931,25.24637518875368,24.711752331499245
366,.HGGLYHEN+0.984MR.__missing,0.0002137432320620731,missingness,.HGGLYHEN+0.984MR,,,,,,,,,0,False,0,0.0,1.0,0,0.0,,
367,.QNC-33.988ELFEQLGEYKFQNALLVR.,0.00021249359415056286,abundance,.QNC-33.988ELFEQLGEYKFQNALLVR.,.QNCELFEQLGEYKFQNALLVR.,sp|P02768-2|ALBU_HUMAN;sp|P02768-3|ALBU_HUMAN;sp|P02768|ALBU_HUMAN;tr|A0A087WWT3|A0A087WWT3_HUMAN;tr|A0A0C4DGB6|A0A0C4DGB6_HUMAN;tr|B7WNR0|B7WNR0_HUMAN;tr|C9JKR2|C9JKR2_HUMAN;tr|D6RHD5|D6RHD5_HUMAN;tr|H0YA55|H0YA55_HUMAN,"C-34,3[Cys->Dha]",C-34[Cys->Dha],0.0,3.0,P02768,P02768;A0A087WWT3;A0A0C4DGB6;B7WNR0;C9JKR2;D6RHD5;H0YA55,7,False,261,0.7767857142857143,0.22321428571428573,40,0.6896551724137931,26.68997102694158,26.65622917662714
368,.LNN-17.027GEITQHR.,0.00021119841928719614,abundance,.LNN-17.027GEITQHR.,.LNNGEITQHR.,sp|P04003|C4BPA_HUMAN,"N-17,3[Ammonia-loss]",N-17[Ammonia-loss],14.311,2.0,P04003,P04003,1,True,183,0.5446428571428571,0.45535714285714285,34,0.5862068965517241,23.788081248415832,23.556131206462652
369,.SSQSVLY-76.031SSNNK.,0.00021033962741627213,abundance,.SSQSVLY-76.031SSNNK.,.SSQSVLYSSNNK.,sp|P06312|KV401_HUMAN,"Y-76,7[Y->S/1]",Y-76[Y->S/1],1000.0,2.0,P06312,P06312,1,True,228,0.6785714285714286,0.32142857142857145,42,0.7241379310344828,25.353725829606972,25.109354987687183
370,.EQLQD+21.982MGLVDLFSPEK.,0.00020953345605410277,abundance,.EQLQD+21.982MGLVDLFSPEK.,.EQLQDMGLVDLFSPEK.,sp|P01008|ANT3_HUMAN,"D+22,5[Cation:Na]",D+22[Cation:Na],34.595,3.0,P01008,P01008,1,True,207,0.6160714285714286,0.38392857142857145,39,0.6724137931034483,22.855259728517012,22.96173370625439
371,.LREQLGPVTQE+42.047FWDNLEK.,0.0002091260720601384,abundance,.LREQLGPVTQE+42.047FWDNLEK.,.LREQLGPVTQEFWDNLEK.,sp|P02647|APOA1_HUMAN;tr|F8W696|F8W696_HUMAN,"E+42,11[Propyl]",E+42[Propyl],1000.0,3.0,P02647,P02647;F8W696,2,False,254,0.7559523809523809,0.24404761904761904,48,0.8275862068965517,25.147654427915757,25.596675974739487
372,.SGN+0.984TNYAQK.,0.00020833025139484166,abundance,.SGN+0.984TNYAQK.,.SGNTNYAQK.,sp|A0A0C4DH39|HV158_HUMAN,"N+1,3[Deamidated]",N+1[Deamidated],0.0,2.0,A0A0C4DH39,A0A0C4DH39,1,True,201,0.5982142857142857,0.4017857142857143,37,0.6379310344827587,22.523080443929192,22.575967025157865
373,.-17.027QKVSVNER.,0.0002069227746280911,abundance,.-17.027QKVSVNER.,.QKVSVNER.,sp|P00738-2|HPT_HUMAN;sp|P00738|HPT_HUMAN;tr|A0A087WU08|A0A087WU08_HUMAN;tr|A0A0C4DGL8|A0A0C4DGL8_HUMAN;tr|H0Y300|H0Y300_HUMAN;tr|H3BS21|H3BS21_HUMAN;tr|J3QLC9|J3QLC9_HUMAN;tr|J3QR68|J3QR68_HUMAN,"Q-17,1[Gln->pyro-Glu]",Q-17[Gln->pyro-Glu],13.835,2.0,P00738,P00738;A0A087WU08;A0A0C4DGL8;H0Y300;H3BS21;J3QLC9;J3QR68,7,False,234,0.6964285714285714,0.30357142857142855,40,0.6896551724137931,24.185077493814948,24.16264262304447
374,.LGEHNIDVLEGNEQFINAAK+28.031.,0.000205475705258919,abundance,.LGEHNIDVLEGNEQFINAAK+28.031.,.LGEHNIDVLEGNEQFINAAK.,TRYP_PIG,"K+28,20[Dimethyl]",K+28[Dimethyl],1000.0,2.0,,,0,False,312,0.9285714285714286,0.07142857142857142,53,0.9137931034482759,25.732930763105934,25.899274350784268
375,.SSQSVLY-26.004SSNNK.,0.00020492361502570962,abundance,.SSQSVLY-26.004SSNNK.,.SSQSVLYSSNNK.,sp|P06312|KV401_HUMAN,"Y-26,7[Y->H/1]",Y-26[Y->H/1],1000.0,2.0,P06312,P06312,1,True,266,0.7916666666666666,0.20833333333333334,49,0.8448275862068966,23.433662501806467,23.362711563059534
376,.SYSC+63.962QVTHEGSTVEK.,0.00020175552248016782,abundance,.SYSC+63.962QVTHEGSTVEK.,.SYSCQVTHEGSTVEK.,sp|B9A064|IGLL5_HUMAN;sp|P0CF74|IGLC6_HUMAN;sp|P0CG04|IGLC1_HUMAN;sp|P0DOY2|IGLC2_HUMAN;sp|P0DOY3|IGLC3_HUMAN;tr|A0A0B4J231|A0A0B4J231_HUMAN,"C+64,4[SulfurDioxide]",C+64[SulfurDioxide],1000.0,2.0,B9A064,B9A064;P0CF74;P0CG04;P0DOY2;P0DOY3;A0A0B4J231,6,False,297,0.8839285714285714,0.11607142857142858,49,0.8448275862068966,24.2168746053109,24.12251456349711
377,.+27.995KM+15.995ADEAGSEADHEGTHSTK.,0.0002013973720160724,abundance,.+27.995KM+15.995ADEAGSEADHEGTHSTK.,.KMADEAGSEADHEGTHSTK.,sp|P02671-2|FIBA_HUMAN;sp|P02671|FIBA_HUMAN,"X+28,1[Formyl] & M+16,2[Oxidation]",X+28[Formyl],15.084,4.0,P02671,P02671,1,True,175,0.5208333333333334,0.4791666666666667,35,0.603448275862069,27.017290640290874,26.692573449285998
378,.+27.995KYLYEIAR.,0.0002006912475577262,abundance,.+27.995KYLYEIAR.,.KYLYEIAR.,sp|P02768|ALBU_HUMAN;tr|A0A0C4DGB6|A0A0C4DGB6_HUMAN;tr|H7C013|H7C013_HUMAN,"X+28,1[Formyl]",X+28[Formyl],1000.0,2.0,P02768,P02768;A0A0C4DGB6;H7C013,3,False,267,0.7946428571428571,0.20535714285714285,44,0.7586206896551724,24.335108987069425,24.429337732305846
379,.AIQLTYNPDESSKPNMIDAATLK+42.047.,0.0002002404019221018,abundance,.AIQLTYNPDESSKPNMIDAATLK+42.047.,.AIQLTYNPDESSKPNMIDAATLK.,sp|P02679-2|FIBG_HUMAN;sp|P02679|FIBG_HUMAN;tr|C9JC84|C9JC84_HUMAN;tr|C9JEU5|C9JEU5_HUMAN,"K+42,23[Trimethyl]",K+42[Trimethyl],1000.0,3.0,P02679,P02679;C9JC84;C9JEU5,3,False,302,0.8988095238095238,0.10119047619047619,51,0.8793103448275862,27.033754185100292,26.969515964755157
380,.LVN-17.027GQSHISLSK.,0.00019920956523208777,abundance,.LVN-17.027GQSHISLSK.,.LVNGQSHISLSK.,sp|P0C0L4-2|CO4A_HUMAN;sp|P0C0L4|CO4A_HUMAN;sp|P0C0L5|CO4B_HUMAN;tr|A0A0G2JL54|A0A0G2JL54_HUMAN;tr|A0A0G2JPR0|A0A0G2JPR0_HUMAN;tr|A0A140TA29|A0A140TA29_HUMAN;tr|A0A140TA32|A0A140TA32_HUMAN;tr|A0A140TA44|A0A140TA44_HUMAN;tr|A0A140TA49|A0A140TA49_HUMAN;tr|F5GXS0|F5GXS0_HUMAN,"N-17,3[Ammonia-loss]",N-17[Ammonia-loss],17.724,2.0,P0C0L4,P0C0L4;P0C0L5;A0A0G2JL54;A0A0G2JPR0;A0A140TA29;A0A140TA32;A0A140TA44;A0A140TA49;F5GXS0,9,False,282,0.8392857142857143,0.16071428571428573,50,0.8620689655172413,25.605171319993005,25.51373272740272
381,.VFDEFKPLVEE+57.021PQNLIK.,0.0001990244529620605,abundance,.VFDEFKPLVEE+57.021PQNLIK.,.VFDEFKPLVEEPQNLIK.,sp|P02768-2|ALBU_HUMAN;sp|P02768-3|ALBU_HUMAN;sp|P02768|ALBU_HUMAN;tr|A0A087WWT3|A0A087WWT3_HUMAN;tr|A0A0C4DGB6|A0A0C4DGB6_HUMAN;tr|B7WNR0|B7WNR0_HUMAN;tr|C9JKR2|C9JKR2_HUMAN;tr|D6RHD5|D6RHD5_HUMAN;tr|H0YA55|H0YA55_HUMAN,"E+57,11[Carbamidomethyl]",E+57[Carbamidomethyl],1000.0,2.0,P02768,P02768;A0A087WWT3;A0A0C4DGB6;B7WNR0;C9JKR2;D6RHD5;H0YA55,7,False,176,0.5238095238095238,0.47619047619047616,41,0.7068965517241379,28.840744467880697,28.970028995513225
382,.HGGLYH+57.021ENMR.__missing,0.0001990079801835144,missingness,.HGGLYH+57.021ENMR,,,,,,,,,0,False,0,0.0,1.0,0,0.0,,
383,.ISLPESLK+42.047.,0.000198882576890618,abundance,.ISLPESLK+42.047.,.ISLPESLK.,sp|P01024|CO3_HUMAN;sp|Q9BXY5-2|CAYP2_HUMAN;sp|Q9BXY5-3|CAYP2_HUMAN;sp|Q9BXY5|CAYP2_HUMAN;tr|B9A061|B9A061_HUMAN,"Z+42,8[Propyl]",Z+42[Propyl],9.107,2.0,P01024,P01024;Q9BXY5;B9A061,3,False,277,0.8244047619047619,0.17559523809523808,48,0.8275862068965517,24.42571532950984,24.420943871825532
384,.GFM+15.995QTYYDDHLR.,0.0001969105723052137,abundance,.GFM+15.995QTYYDDHLR.,.GFMQTYYDDHLR.,sp|P55056|APOC4_HUMAN,"M+16,3[Oxidation]",M+16[Oxidation],17.139,2.0,P55056,P55056,1,True,170,0.5059523809523809,0.49404761904761907,31,0.5344827586206896,24.663166887499127,24.616314524748514
385,.DLGEENF+15.995K.,0.00019627662358630553,abundance,.DLGEENF+15.995K.,.DLGEENFK.,sp|P02768-2|ALBU_HUMAN;sp|P02768-3|ALBU_HUMAN;sp|P02768|ALBU_HUMAN;tr|A0A087WWT3|A0A087WWT3_HUMAN;tr|A0A0C4DGB6|A0A0C4DGB6_HUMAN;tr|B7WNR0|B7WNR0_HUMAN;tr|C9JKR2|C9JKR2_HUMAN;tr|H7C013|H7C013_HUMAN,"F+16,7[Oxidation]",F+16[Oxidation],1000.0,2.0,P02768,P02768;A0A087WWT3;A0A0C4DGB6;B7WNR0;C9JKR2;H7C013,6,False,256,0.7619047619047619,0.23809523809523808,46,0.7931034482758621,24.42900603454747,24.818743241906546
386,.LAAYLMLM+15.995R.,0.00019577477171599947,abundance,.LAAYLMLM+15.995R.,.LAAYLMLMR.,sp|P04114|APOB_HUMAN;tr|A8MUN2|A8MUN2_HUMAN,"M+16,8[Oxidation]",M+16[Oxidation],8.985,2.0,P04114,P04114;A8MUN2,2,False,312,0.9285714285714286,0.07142857142857142,51,0.8793103448275862,24.523178089478826,24.50981866991134
387,.NSVDELNNNVE+37.956AVSQTSSSSFQYMYLLK.,0.0001950854467675806,abundance,.NSVDELNNNVE+37.956AVSQTSSSSFQYMYLLK.,.NSVDELNNNVEAVSQTSSSSFQYMYLLK.,sp|P02675|FIBB_HUMAN,"E+38,11[Cation:K]",E+38[Cation:K],82.002,3.0,P02675,P02675,1,True,242,0.7202380952380952,0.27976190476190477,41,0.7068965517241379,26.140519515433613,26.053142307357856
388,.LGEHNIDVLEGNEQFINAAK+28.031IITHPN.,0.00019488237174879915,abundance,.LGEHNIDVLEGNEQFINAAK+28.031IITHPN.,.LGEHNIDVLEGNEQFINAAKIITHPN.,TRYP_PIG,"K+28,20[Dimethyl]",K+28[Dimethyl],0.0,3.0,,,0,False,303,0.9017857142857143,0.09821428571428571,51,0.8793103448275862,25.89656723694163,26.03808438448425
389,.STSESTAALGC+119.004LVK.,0.0001944516519831249,abundance,.STSESTAALGC+119.004LVK.,.STSESTAALGCLVK.,sp|P01859|IGHG2_HUMAN;sp|P01861|IGHG4_HUMAN;tr|A0A286YEY4|A0A286YEY4_HUMAN;tr|A0A286YFJ8|A0A286YFJ8_HUMAN,"C+119,11[Cysteinyl]",C+119[Cysteinyl],1000.0,2.0,P01859,P01859;P01861;A0A286YEY4;A0A286YFJ8,4,False,188,0.5595238095238095,0.44047619047619047,36,0.6206896551724138,24.859866668591977,24.824713457345112
390,.TDTSHHD-18.011QDHPTFNK.,0.00019435837316114906,abundance,.TDTSHHD-18.011QDHPTFNK.,.TDTSHHDQDHPTFNK.,sp|P01009-2|A1AT_HUMAN;sp|P01009-3|A1AT_HUMAN;sp|P01009|A1AT_HUMAN;tr|A0A024R6I7|A0A024R6I7_HUMAN;tr|A0A0B4J278|A0A0B4J278_HUMAN;tr|A0A0G2JRN3|A0A0G2JRN3_HUMAN;tr|G3V387|G3V387_HUMAN;tr|G3V544|G3V544_HUMAN;tr|G3V5R8|G3V5R8_HUMAN,"D-18,7[Dehydrated]",D-18[Dehydrated],1000.0,2.0,P01009,P01009;A0A024R6I7;A0A0B4J278;A0A0G2JRN3;G3V387;G3V544;G3V5R8,7,False,243,0.7232142857142857,0.2767857142857143,47,0.8103448275862069,25.254758470412572,25.01127767034315
391,.GFYPSDIAVEWESNGQPENNYK+42.047.,0.0001937787246651139,abundance,.GFYPSDIAVEWESNGQPENNYK+42.047.,.GFYPSDIAVEWESNGQPENNYK.,sp|P01857|IGHG1_HUMAN;sp|P01861|IGHG4_HUMAN;tr|A0A0A0MS07|A0A0A0MS07_HUMAN;tr|A0A0A0MS08|A0A0A0MS08_HUMAN;tr|A0A286YFJ8|A0A286YFJ8_HUMAN,"K+42,22[Trimethyl]",K+42[Trimethyl],40.375,2.0,P01857,P01857;P01861;A0A0A0MS07;A0A0A0MS08;A0A286YFJ8,5,False,238,0.7083333333333334,0.2916666666666667,40,0.6896551724137931,26.134873662074,25.92491821073978
392,.VTQEFHM+15.995K.,0.00019299288387020417,abundance,.VTQEFHM+15.995K.,.VTQEFHMK.,sp|P04114|APOB_HUMAN,"M+16,7[Oxidation]",M+16[Oxidation],8.344,2.0,P04114,P04114,1,True,212,0.6309523809523809,0.36904761904761907,43,0.7413793103448276,23.58576339187018,23.5785834691165
393,.W+15.995FYIASAFR.,0.0001920794305040133,abundance,.W+15.995FYIASAFR.,.WFYIASAFR.,sp|P02763|A1AG1_HUMAN;sp|P19652|A1AG2_HUMAN,"W+16,1[Oxidation]",W+16[Oxidation],11.419,2.0,P02763,P02763;P19652,2,False,191,0.5684523809523809,0.43154761904761907,34,0.5862068965517241,22.804344740927803,22.631459430046565
394,.TDTSHHDQ+13.979DHPTFNK.,0.00019173084182392714,abundance,.TDTSHHDQ+13.979DHPTFNK.,.TDTSHHDQDHPTFNK.,sp|P01009-2|A1AT_HUMAN;sp|P01009-3|A1AT_HUMAN;sp|P01009|A1AT_HUMAN;tr|A0A024R6I7|A0A024R6I7_HUMAN;tr|A0A0B4J278|A0A0B4J278_HUMAN;tr|A0A0G2JRN3|A0A0G2JRN3_HUMAN;tr|G3V387|G3V387_HUMAN;tr|G3V544|G3V544_HUMAN;tr|G3V5R8|G3V5R8_HUMAN,"Q+14,8[Carbonyl]",Q+14[Carbonyl],34.075,3.0,P01009,P01009;A0A024R6I7;A0A0B4J278;A0A0G2JRN3;G3V387;G3V544;G3V5R8,7,False,172,0.5119047619047619,0.4880952380952381,34,0.5862068965517241,23.95688718335803,23.83609251388158
395,.+43.006RTPEVTC+57.021VVVDVSQEDPEVQFNWYVDGVEVHNAK.,0.00019040673732242618,abundance,.+43.006RTPEVTC+57.021VVVDVSQEDPEVQFNWYVDGVEVHNAK.,.RTPEVTCVVVDVSQEDPEVQFNWYVDGVEVHNAK.,sp|P01861|IGHG4_HUMAN;tr|A0A286YFJ8|A0A286YFJ8_HUMAN,"X+43,1[Carbamyl]",X+43[Carbamyl],0.0,4.0,P01861,P01861;A0A286YFJ8,2,False,173,0.5148809523809523,0.4851190476190476,38,0.6551724137931034,26.693727998880075,26.59327915209475
396,.SMGGKEDLIW+15.995ELLNQAQEHFGK.__missing,0.0001903117026598653,missingness,.SMGGKEDLIW+15.995ELLNQAQEHFGK,,,,,,,,,0,False,0,0.0,1.0,0,0.0,,
397,.STSESTAALGC+57.021LVKDYFP+3.995EP.,0.0001890667089864866,abundance,.STSESTAALGC+57.021LVKDYFP+3.995EP.,.STSESTAALGCLVKDYFPEP.,sp|P01859|IGHG2_HUMAN;sp|P01861|IGHG4_HUMAN;tr|A0A286YEY4|A0A286YEY4_HUMAN;tr|A0A286YFJ8|A0A286YFJ8_HUMAN,"P+4,18[P->T/1]",P+4[P->T/1],0.0,3.0,P01859,P01859;P01861;A0A286YEY4;A0A286YFJ8,4,False,274,0.8154761904761905,0.18452380952380953,50,0.8620689655172413,27.66562546661282,27.561676553662206
398,.TDTSHHDQ+13.979DHPTFNK.__missing,0.00018836441257643832,missingness,.TDTSHHDQ+13.979DHPTFNK,,,,,,,,,0,False,0,0.0,1.0,0,0.0,,
399,.THLPEVFLSK+42.047.,0.0001881194286113496,abundance,.THLPEVFLSK+42.047.,.THLPEVFLSK.,sp|P02774-2|VTDB_HUMAN;sp|P02774-3|VTDB_HUMAN;sp|P02774|VTDB_HUMAN;tr|D6RF35|D6RF35_HUMAN,"Z+42,10[Propyl]",Z+42[Propyl],1000.0,2.0,P02774,P02774;D6RF35,2,False,251,0.7470238095238095,0.25297619047619047,49,0.8448275862068966,22.81953243066746,22.887226476866488
400,.APN-17.027HAVVTR.,0.00018785422624851913,abundance,.APN-17.027HAVVTR.,.APNHAVVTR.,sp|P02787|TRFE_HUMAN,"N-17,3[Ammonia-loss]",N-17[Ammonia-loss],6.406,2.0,P02787,P02787,1,True,251,0.7470238095238095,0.25297619047619047,41,0.7068965517241379,23.679015050587104,23.526705421649666
401,.MGPTELLIEMEDW+3.995KGDK.,0.00018746658213139513,abundance,.MGPTELLIEMEDW+3.995KGDK.,.MGPTELLIEMEDWKGDK.,sp|P02675|FIBB_HUMAN;tr|D6REL8|D6REL8_HUMAN,"W+4,13[Trp->Kynurenin]",W+4[Trp->Kynurenin],1000.0,3.0,P02675,P02675;D6REL8,2,False,183,0.5446428571428571,0.45535714285714285,30,0.5172413793103449,24.367697086583423,24.23954210305276
402,.LLIYDN-14.975NK.__missing,0.00018551715348437474,missingness,.LLIYDN-14.975NK,,,,,,,,,0,False,0,0.0,1.0,0,0.0,,
403,.HDAHLN+0.984GK.,0.00018541965755034299,abundance,.HDAHLN+0.984GK.,.HDAHLNGK.,sp|P04114|APOB_HUMAN,"N+1,6[Deamidated]",N+1[Deamidated],1000.0,2.0,P04114,P04114,1,True,172,0.5119047619047619,0.4880952380952381,38,0.6551724137931034,22.033508515103208,22.078651302519106
404,.IH+57.021WESASLLR.,0.0001850829803981163,abundance,.IH+57.021WESASLLR.,.IHWESASLLR.,sp|P01024|CO3_HUMAN;tr|M0QYC8|M0QYC8_HUMAN,"H+57,2[Carbamidomethyl]",H+57[Carbamidomethyl],15.312,2.0,P01024,P01024;M0QYC8,2,False,296,0.8809523809523809,0.11904761904761904,51,0.8793103448275862,24.233124834467354,24.217983633374956
405,.NALFC-33.988LESAWK.,0.0001840010428698484,abundance,.NALFC-33.988LESAWK.,.NALFCLESAWK.,sp|P01023|A2MG_HUMAN,"C-34,5[Cys->Dha]",C-34[Cys->Dha],0.0,2.0,P01023,P01023,1,True,216,0.6428571428571429,0.35714285714285715,39,0.6724137931034483,24.618885775194283,24.588678102110094
406,.DIVM-31.972TQSPDSLAVSLGER.__missing,0.00018329746250447747,missingness,.DIVM-31.972TQSPDSLAVSLGER,,,,,,,,,0,False,0,0.0,1.0,0,0.0,,
407,.TVAAPSVFIFPPSD+21.982EQLK.,0.0001831819585423978,abundance,.TVAAPSVFIFPPSD+21.982EQLK.,.TVAAPSVFIFPPSDEQLK.,sp|P01834|IGKC_HUMAN,"D+22,14[Cation:Na]",D+22[Cation:Na],21.762,2.0,P01834,P01834,1,True,286,0.8511904761904762,0.1488095238095238,46,0.7931034482758621,25.064805886948896,25.177413851512735
408,.D+42.047DNPNLPR.,0.00018316710630869395,abundance,.D+42.047DNPNLPR.,.DDNPNLPR.,sp|P02768-3|ALBU_HUMAN;sp|P02768|ALBU_HUMAN;tr|A0A087WWT3|A0A087WWT3_HUMAN;tr|A0A0C4DGB6|A0A0C4DGB6_HUMAN;tr|H7C013|H7C013_HUMAN,"D+42,1[Propyl]",D+42[Propyl],9.107,2.0,P02768,P02768;A0A087WWT3;A0A0C4DGB6;H7C013,4,False,289,0.8601190476190477,0.13988095238095238,48,0.8275862068965517,25.857417707229644,25.772853265512314
409,.EFNLQNM+15.995GLPDFHIPENLFLK.,0.00018310303451404242,abundance,.EFNLQNM+15.995GLPDFHIPENLFLK.,.EFNLQNMGLPDFHIPENLFLK.,sp|P04114|APOB_HUMAN,"M+16,7[Oxidation]",M+16[Oxidation],30.774,2.0,P04114,P04114,1,True,210,0.625,0.375,44,0.7586206896551724,25.66141419901139,25.650313715701166
410,.LDEL+15.995R+42.011DEGK.,0.0001828440661905351,abundance,.LDEL+15.995R+42.011DEGK.,.LDELRDEGK.,sp|P02768|ALBU_HUMAN;tr|A0A0C4DGB6|A0A0C4DGB6_HUMAN;tr|B7WNR0|B7WNR0_HUMAN;tr|D6RHD5|D6RHD5_HUMAN;tr|H0YA55|H0YA55_HUMAN,"L+16,4[Oxidation] & R+42,5[Acetyl]",L+16[Oxidation],1000.0,2.0,P02768,P02768;A0A0C4DGB6;B7WNR0;D6RHD5;H0YA55,5,False,242,0.7202380952380952,0.27976190476190477,44,0.7586206896551724,24.733599351672055,24.76779972582341
411,.NPSDPM+15.995PQAPALWIETTAYALLHLLLHEGKAEMADQAAAWLTR.,0.000182825164200071,abundance,.NPSDPM+15.995PQAPALWIETTAYALLHLLLHEGKAEMADQAAAWLTR.,.NPSDPMPQAPALWIETTAYALLHLLLHEGKAEMADQAAAWLTR.,sp|P0C0L5|CO4B_HUMAN;tr|A0A0G2JL54|A0A0G2JL54_HUMAN;tr|A0A0G2JPR0|A0A0G2JPR0_HUMAN;tr|A0A140TA29|A0A140TA29_HUMAN;tr|A0A140TA32|A0A140TA32_HUMAN;tr|A0A140TA44|A0A140TA44_HUMAN;tr|A0A140TA49|A0A140TA49_HUMAN;tr|A0A3B3ISA6|A0A3B3ISA6_HUMAN;tr|F5GXS0|F5GXS0_HUMAN,"M+16,6[Oxidation]",M+16[Oxidation],85.464,4.0,P0C0L5,P0C0L5;A0A0G2JL54;A0A0G2JPR0;A0A140TA29;A0A140TA32;A0A140TA44;A0A140TA49;A0A3B3ISA6;F5GXS0,9,False,211,0.6279761904761905,0.37202380952380953,39,0.6724137931034483,23.4187976391284,23.39872542971765
412,.SE-0.948LEDNIR.,0.00018219257186286605,abundance,.SE-0.948LEDNIR.,.SELEDNIR.,sp|O14791-2|APOL1_HUMAN;sp|O14791-3|APOL1_HUMAN;sp|O14791|APOL1_HUMAN;tr|B1AH96|B1AH96_HUMAN,"E-1,2[E->K/1]",E-1[E->K/1],0.0,2.0,O14791,O14791;B1AH96,2,False,290,0.8630952380952381,0.13690476190476192,50,0.8620689655172413,26.646128097687388,26.54370455164853
413,.QEPERNEC+57.021F+31.990LQHK.,0.0001810863899792015,abundance,.QEPERNEC+57.021F+31.990LQHK.,.QEPERNECFLQHK.,sp|P02768-3|ALBU_HUMAN;sp|P02768|ALBU_HUMAN;tr|A0A087WWT3|A0A087WWT3_HUMAN;tr|A0A0C4DGB6|A0A0C4DGB6_HUMAN;tr|H7C013|H7C013_HUMAN,"F+32,9[Dioxidation]",F+32[Dioxidation],1000.0,2.0,P02768,P02768;A0A087WWT3;A0A0C4DGB6;H7C013,4,False,169,0.5029761904761905,0.49702380952380953,32,0.5517241379310345,27.310340270403483,27.486718644145572
414,.DIVMTQSPDSLA+26.016VSLGER.,0.00018105068468633105,abundance,.DIVMTQSPDSLA+26.016VSLGER.,.DIVMTQSPDSLAVSLGER.,sp|P06312|KV401_HUMAN,"A+26,12[A->P/1]",A+26[A->P/1],36.496,2.0,P06312,P06312,1,True,202,0.6011904761904762,0.39880952380952384,38,0.6551724137931034,25.33554736447287,25.301804523086204
415,.+27.995LQHLENELTHDIITK.,0.00017979676636349908,abundance,.+27.995LQHLENELTHDIITK.,.LQHLENELTHDIITK.,sp|P01009-2|A1AT_HUMAN;sp|P01009-3|A1AT_HUMAN;sp|P01009|A1AT_HUMAN;tr|A0A024R6I7|A0A024R6I7_HUMAN;tr|A0A0G2JRN3|A0A0G2JRN3_HUMAN,"X+28,1[Formyl]",X+28[Formyl],1000.0,3.0,P01009,P01009;A0A024R6I7;A0A0G2JRN3,3,False,281,0.8363095238095238,0.1636904761904762,48,0.8275862068965517,24.464176469835305,24.439637616473846
416,.TDTSHH+57.021DQDHPTFNK.,0.0001785033419509705,abundance,.TDTSHH+57.021DQDHPTFNK.,.TDTSHHDQDHPTFNK.,sp|P01009-2|A1AT_HUMAN;sp|P01009-3|A1AT_HUMAN;sp|P01009|A1AT_HUMAN;tr|A0A024R6I7|A0A024R6I7_HUMAN;tr|A0A0B4J278|A0A0B4J278_HUMAN;tr|A0A0G2JRN3|A0A0G2JRN3_HUMAN;tr|G3V387|G3V387_HUMAN;tr|G3V544|G3V544_HUMAN;tr|G3V5R8|G3V5R8_HUMAN,"H+57,6[Carbamidomethyl]",H+57[Carbamidomethyl],1000.0,3.0,P01009,P01009;A0A024R6I7;A0A0B4J278;A0A0G2JRN3;G3V387;G3V544;G3V5R8,7,False,321,0.9553571428571429,0.044642857142857144,53,0.9137931034482759,29.16021292363626,28.938161549013532
417,.IMN-17.027GEADAMSLDGGFVYIAGK.,0.00017760550463167272,abundance,.IMN-17.027GEADAMSLDGGFVYIAGK.,.IMNGEADAMSLDGGFVYIAGK.,sp|P02787|TRFE_HUMAN,"N-17,3[Ammonia-loss]",N-17[Ammonia-loss],33.197,2.0,P02787,P02787,1,True,249,0.7410714285714286,0.25892857142857145,39,0.6724137931034483,26.09136928293844,25.955382508727073
418,.EVQLVESGGG+58.005LVKPGGSLR.,0.00017744347566638264,abundance,.EVQLVESGGG+58.005LVKPGGSLR.,.EVQLVESGGGLVKPGGSLR.,sp|A0A0B4J1V0|HV315_HUMAN;sp|A0A0B4J1V1|HV321_HUMAN,"G+58,10[G->D/1]",G+58[G->D/1],35.183,2.0,A0A0B4J1V0,A0A0B4J1V0;A0A0B4J1V1,2,False,269,0.8005952380952381,0.19940476190476192,47,0.8103448275862069,26.272095233393937,26.424212839273412
419,.SASDLTW+3.995DNLK.,0.00017728603004865112,abundance,.SASDLTW+3.995DNLK.,.SASDLTWDNLK.,sp|P02787|TRFE_HUMAN;tr|H7C5E8|H7C5E8_HUMAN,"W+4,7[Trp->Kynurenin]",W+4[Trp->Kynurenin],1000.0,2.0,P02787,P02787;H7C5E8,2,False,284,0.8452380952380952,0.15476190476190477,48,0.8275862068965517,25.991360666936657,25.909082008842326
420,.QEPERN-17.027EC-33.988FLQHKDDNPNLPR.,0.00017654433949350812,abundance,.QEPERN-17.027EC-33.988FLQHKDDNPNLPR.,.QEPERNECFLQHKDDNPNLPR.,sp|P02768-3|ALBU_HUMAN;sp|P02768|ALBU_HUMAN;tr|A0A087WWT3|A0A087WWT3_HUMAN;tr|A0A0C4DGB6|A0A0C4DGB6_HUMAN;tr|H7C013|H7C013_HUMAN,"N-17,6[Ammonia-loss] & C-34,8[Cys->Dha]",N-17[Ammonia-loss],38.432,3.0,P02768,P02768;A0A087WWT3;A0A0C4DGB6;H7C013,4,False,281,0.8363095238095238,0.1636904761904762,48,0.8275862068965517,29.162099443772973,28.96604219754532
421,.ALVEQGFTVPEIK+42.047.,0.00017624360488002462,abundance,.ALVEQGFTVPEIK+42.047.,.ALVEQGFTVPEIK.,sp|P04114|APOB_HUMAN,"Z+42,13[Propyl]",Z+42[Propyl],31.225,2.0,P04114,P04114,1,True,172,0.5119047619047619,0.4880952380952381,36,0.6206896551724138,24.149803418673727,24.024858853249555
422,.HGGLYHEN+0.984MR.,0.00017549095940099147,abundance,.HGGLYHEN+0.984MR.,.HGGLYHENMR.,sp|P08603-2|CFAH_HUMAN;sp|P08603|CFAH_HUMAN;tr|A0A0D9SG88|A0A0D9SG88_HUMAN;tr|Q5TFM2|Q5TFM2_HUMAN,"N+1,8[Deamidated]",N+1[Deamidated],1000.0,2.0,P08603,P08603;A0A0D9SG88;Q5TFM2,3,False,233,0.6934523809523809,0.30654761904761907,42,0.7241379310344828,25.395201913042364,25.444148483456047
423,.FDPAKLDQIESVITATSANTQLVLETLAQM+15.995DDLQDFLSK.__missing,0.00017545284755096877,missingness,.FDPAKLDQIESVITATSANTQLVLETLAQM+15.995DDLQDFLSK,,,,,,,,,0,False,0,0.0,1.0,0,0.0,,
424,.SPELQAEAK+42.047.,0.00017475267552598804,abundance,.SPELQAEAK+42.047.,.SPELQAEAK.,sp|P02652|APOA2_HUMAN;tr|V9GYC1|V9GYC1_HUMAN;tr|V9GYE3|V9GYE3_HUMAN;tr|V9GYG9|V9GYG9_HUMAN;tr|V9GYM3|V9GYM3_HUMAN;tr|V9GYS1|V9GYS1_HUMAN,"Z+42,9[Propyl]",Z+42[Propyl],14.291,2.0,P02652,P02652;V9GYC1;V9GYE3;V9GYG9;V9GYM3;V9GYS1,6,False,275,0.8184523809523809,0.18154761904761904,47,0.8103448275862069,29.11538629195751,28.762741302423233
425,.+27.995FQNALLVR.,0.0001745556149660866,abundance,.+27.995FQNALLVR.,.FQNALLVR.,sp|P02768-2|ALBU_HUMAN;sp|P02768-3|ALBU_HUMAN;sp|P02768|ALBU_HUMAN;tr|A0A087WWT3|A0A087WWT3_HUMAN;tr|A0A0C4DGB6|A0A0C4DGB6_HUMAN;tr|B7WNR0|B7WNR0_HUMAN;tr|C9JKR2|C9JKR2_HUMAN;tr|D6RHD5|D6RHD5_HUMAN;tr|H0YA55|H0YA55_HUMAN,"X+28,1[Formyl]",X+28[Formyl],7.105,2.0,P02768,P02768;A0A087WWT3;A0A0C4DGB6;B7WNR0;C9JKR2;D6RHD5;H0YA55,7,False,231,0.6875,0.3125,43,0.7413793103448276,23.525997685533603,23.30001493969797
426,.SSGSLLNN+0.984AIK.,0.0001739491554905465,abundance,.SSGSLLNN+0.984AIK.,.SSGSLLNNAIK.,sp|P01023|A2MG_HUMAN;sp|P20742-2|PZP_HUMAN;sp|P20742|PZP_HUMAN,"N+1,8[Deamidated]",N+1[Deamidated],1000.0,2.0,P01023,P01023;P20742,2,False,175,0.5208333333333334,0.4791666666666667,38,0.6551724137931034,25.51857344168135,25.45486207588542
427,.KDKC-33.988EPLEK.,0.00017380642525517982,abundance,.KDKC-33.988EPLEK.,.KDKCEPLEK.,sp|P02763|A1AG1_HUMAN;sp|P19652|A1AG2_HUMAN,"C-34,4[Cys->Dha]",C-34[Cys->Dha],0.0,2.0,P02763,P02763;P19652,2,False,242,0.7202380952380952,0.27976190476190477,42,0.7241379310344828,23.490184715151628,23.454403334223322
428,.TPLTATLSK+42.047.,0.00017331013074204765,abundance,.TPLTATLSK+42.047.,.TPLTATLSK.,sp|P01876|IGHA1_HUMAN;tr|A0A286YEY1|A0A286YEY1_HUMAN,"Z+42,9[Propyl]",Z+42[Propyl],12.672,2.0,P01876,P01876;A0A286YEY1,2,False,196,0.5833333333333334,0.4166666666666667,35,0.603448275862069,25.405166278756212,25.32699979144644
429,.VDNALQSGNSQE+37.956SVTEQDSK.,0.00017325205500937343,abundance,.VDNALQSGNSQE+37.956SVTEQDSK.,.VDNALQSGNSQESVTEQDSK.,sp|P01834|IGKC_HUMAN,"E+38,12[Cation:K]",E+38[Cation:K],39.655,2.0,P01834,P01834,1,True,310,0.9226190476190477,0.07738095238095238,51,0.8793103448275862,27.900140284480614,27.761415327911916
430,.TDTSHHDQD+37.956HPTFNK.,0.00017278338805341427,abundance,.TDTSHHDQD+37.956HPTFNK.,.TDTSHHDQDHPTFNK.,sp|P01009-2|A1AT_HUMAN;sp|P01009-3|A1AT_HUMAN;sp|P01009|A1AT_HUMAN;tr|A0A024R6I7|A0A024R6I7_HUMAN;tr|A0A0B4J278|A0A0B4J278_HUMAN;tr|A0A0G2JRN3|A0A0G2JRN3_HUMAN;tr|G3V387|G3V387_HUMAN;tr|G3V544|G3V544_HUMAN;tr|G3V5R8|G3V5R8_HUMAN,"D+38,9[Cation:K]",D+38[Cation:K],1000.0,3.0,P01009,P01009;A0A024R6I7;A0A0B4J278;A0A0G2JRN3;G3V387;G3V544;G3V5R8,7,False,222,0.6607142857142857,0.3392857142857143,43,0.7413793103448276,25.57682883531165,25.30248245810649
431,.NHLQLEGLFFTN+0.984GEHTSK.,0.00017260790034369274,abundance,.NHLQLEGLFFTN+0.984GEHTSK.,.NHLQLEGLFFTNGEHTSK.,sp|P04114|APOB_HUMAN,"N+1,12[Deamidated]",N+1[Deamidated],41.434,2.0,P04114,P04114,1,True,327,0.9732142857142857,0.026785714285714284,55,0.9482758620689655,25.93115148000357,26.014922174244692
432,.TPLGDTTHTCPRC+15.995PEPK.,0.0001722021180763495,abundance,.TPLGDTTHTCPRC+15.995PEPK.,.TPLGDTTHTCPRCPEPK.,sp|P01860|IGHG3_HUMAN;tr|A0A286YES1|A0A286YES1_HUMAN,"C+0,10[De-Carbamidomethyl] & C+16,13[Oxidation]",C+0[De-Carbamidomethyl],0.0,2.0,P01860,P01860;A0A286YES1,2,False,312,0.9285714285714286,0.07142857142857142,51,0.8793103448275862,26.882099648322328,26.768834307678382
433,.SGS-18.011GLVGR.,0.00017138853500294932,abundance,.SGS-18.011GLVGR.,.SGSGLVGR.,sp|P10909-2|CLUS_HUMAN;sp|P10909-4|CLUS_HUMAN;sp|P10909-5|CLUS_HUMAN;sp|P10909|CLUS_HUMAN;tr|E5RJZ5|E5RJZ5_HUMAN;tr|E7ERK6|E7ERK6_HUMAN;tr|E7ETB4|E7ETB4_HUMAN;tr|H0YLK8|H0YLK8_HUMAN,"S-18,3[Dehydrated]",S-18[Dehydrated],5.824,2.0,P10909,P10909;E5RJZ5;E7ERK6;E7ETB4;H0YLK8,5,False,204,0.6071428571428571,0.39285714285714285,36,0.6206896551724138,23.348209307430878,23.319190827829072
434,.DVMQGTDEHVVC+57.021KVQHPN+0.984GNKEK.,0.00016994872038779158,abundance,.DVMQGTDEHVVC+57.021KVQHPN+0.984GNKEK.,.DVMQGTDEHVVCKVQHPNGNKEK.,sp|P01871-2|IGHM_HUMAN;sp|P01871|IGHM_HUMAN;tr|A0A1B0GUU9|A0A1B0GUU9_HUMAN,"N+1,18[Deamidated]",N+1[Deamidated],0.0,3.0,P01871,P01871;A0A1B0GUU9,2,False,239,0.7113095238095238,0.28869047619047616,47,0.8103448275862069,27.0725516742026,26.994466043673082
435,.EHVAH+57.021LLFLR.,0.000167750707903434,abundance,.EHVAH+57.021LLFLR.,.EHVAHLLFLR.,sp|P19652|A1AG2_HUMAN,"H+57,5[Carbamidomethyl]",H+57[Carbamidomethyl],1000.0,3.0,P19652,P19652,1,True,266,0.7916666666666666,0.20833333333333334,48,0.8275862068965517,24.543013644059755,24.479812150007554
436,.FN-17.027WYVDGVEVHNAK.,0.00016749445874541076,abundance,.FN-17.027WYVDGVEVHNAK.,.FNWYVDGVEVHNAK.,sp|P01857|IGHG1_HUMAN;sp|P01859|IGHG2_HUMAN;sp|P01861|IGHG4_HUMAN;tr|A0A0A0MS08|A0A0A0MS08_HUMAN;tr|A0A286YEY4|A0A286YEY4_HUMAN;tr|A0A286YFJ8|A0A286YFJ8_HUMAN,"N-17,2[Ammonia-loss]",N-17[Ammonia-loss],24.318,2.0,P01857,P01857;P01859;P01861;A0A0A0MS08;A0A286YEY4;A0A286YFJ8,6,False,227,0.6755952380952381,0.3244047619047619,41,0.7068965517241379,25.778876524707997,25.53237098830299
437,.AGTELVNFLSYF+15.995VELGTQPATQ.,0.00016735959370517122,abundance,.AGTELVNFLSYF+15.995VELGTQPATQ.,.AGTELVNFLSYFVELGTQPATQ.,sp|P02652|APOA2_HUMAN;tr|V9GYE3|V9GYE3_HUMAN;tr|V9GYM3|V9GYM3_HUMAN,"F+16,12[Oxidation]",F+16[Oxidation],1000.0,3.0,P02652,P02652;V9GYE3;V9GYM3,3,False,256,0.7619047619047619,0.23809523809523808,44,0.7586206896551724,21.886904528092654,21.79502526288125
438,.NPSDPM+15.995PQAPALWIETTAYALLHLLLHEGK.,0.0001672990638184667,abundance,.NPSDPM+15.995PQAPALWIETTAYALLHLLLHEGK.,.NPSDPMPQAPALWIETTAYALLHLLLHEGK.,sp|P0C0L4-2|CO4A_HUMAN;sp|P0C0L4|CO4A_HUMAN;sp|P0C0L5|CO4B_HUMAN;tr|A0A0G2JL54|A0A0G2JL54_HUMAN;tr|A0A0G2JPR0|A0A0G2JPR0_HUMAN;tr|A0A140TA29|A0A140TA29_HUMAN;tr|A0A140TA32|A0A140TA32_HUMAN;tr|A0A140TA44|A0A140TA44_HUMAN;tr|A0A140TA49|A0A140TA49_HUMAN;tr|A0A3B3ISA6|A0A3B3ISA6_HUMAN [further mapped to 1 additional proteins],"M+16,6[Oxidation]",M+16[Oxidation],101.207,3.0,P0C0L4,P0C0L4;P0C0L5;A0A0G2JL54;A0A0G2JPR0;A0A140TA29;A0A140TA32;A0A140TA44;A0A140TA49;A0A3B3ISA6,9,False,327,0.9732142857142857,0.026785714285714284,55,0.9482758620689655,23.800438030212835,23.857382053746502
439,.GD-18.011STFESK.__missing,0.00016616592244199626,missingness,.GD-18.011STFESK,,,,,,,,,0,False,0,0.0,1.0,0,0.0,,
440,.FQNAL+15.995LVR.,0.00016409058777038603,abundance,.FQNAL+15.995LVR.,.FQNALLVR.,sp|P02768-2|ALBU_HUMAN;sp|P02768-3|ALBU_HUMAN;sp|P02768|ALBU_HUMAN;tr|A0A087WWT3|A0A087WWT3_HUMAN;tr|A0A0C4DGB6|A0A0C4DGB6_HUMAN;tr|B7WNR0|B7WNR0_HUMAN;tr|C9JKR2|C9JKR2_HUMAN;tr|D6RHD5|D6RHD5_HUMAN;tr|H0YA55|H0YA55_HUMAN,"L+16,5[Oxidation]",L+16[Oxidation],1000.0,2.0,P02768,P02768;A0A087WWT3;A0A0C4DGB6;B7WNR0;C9JKR2;D6RHD5;H0YA55,7,False,221,0.6577380952380952,0.34226190476190477,38,0.6551724137931034,23.888027205422304,23.762897171376846
441,.ETEGLRQEM-29.993SK.,0.00016398567652608885,abundance,.ETEGLRQEM-29.993SK.,.ETEGLRQEMSK.,sp|P02647|APOA1_HUMAN;tr|F8W696|F8W696_HUMAN,"M-30,9[M->T/1]",M-30[M->T/1],14.103,2.0,P02647,P02647;F8W696,2,False,247,0.7351190476190477,0.2648809523809524,41,0.7068965517241379,23.626167437014274,23.559019061886538
442,.NSLFEYQKN+0.984NKDSHSLTTNIMEILR.,0.00016398562491363154,abundance,.NSLFEYQKN+0.984NKDSHSLTTNIMEILR.,.NSLFEYQKNNKDSHSLTTNIMEILR.,sp|P02671-2|FIBA_HUMAN;sp|P02671|FIBA_HUMAN;tr|A0A087WUA0|A0A087WUA0_HUMAN,"N+1,9[Deamidated]",N+1[Deamidated],0.0,3.0,P02671,P02671;A0A087WUA0,2,False,185,0.5505952380952381,0.4494047619047619,32,0.5517241379310345,25.593593635347283,25.476073934182548
443,.YVMLPVADQDQC+57.021IRHYEGSTVPEK-27.047K.,0.00016366573337990223,abundance,.YVMLPVADQDQC+57.021IRHYEGSTVPEK-27.047K.,.YVMLPVADQDQCIRHYEGSTVPEKK.,sp|P00738-2|HPT_HUMAN;sp|P00738|HPT_HUMAN;tr|A0A087WU08|A0A087WU08_HUMAN;tr|A0A0C4DGL8|A0A0C4DGL8_HUMAN;tr|H0Y300|H0Y300_HUMAN;tr|J3QLC9|J3QLC9_HUMAN;tr|J3QR68|J3QR68_HUMAN,"K-27,24[K->T/1]",K-27[K->T/1],0.0,3.0,P00738,P00738;A0A087WU08;A0A0C4DGL8;H0Y300;J3QLC9;J3QR68,6,False,252,0.75,0.25,44,0.7586206896551724,30.258789197450394,29.853389165740662
444,.GD-18.011STFESK.,0.0001634042792392238,abundance,.GD-18.011STFESK.,.GDSTFESK.,sp|P02671-2|FIBA_HUMAN;sp|P02671|FIBA_HUMAN,"D-18,2[Dehydrated]",D-18[Dehydrated],7.806,2.0,P02671,P02671,1,True,173,0.5148809523809523,0.4851190476190476,33,0.5689655172413793,24.33651711548948,24.150842039539043
445,.-17.027QYYEGSEIVVAGR.,0.00016292398014520817,abundance,.-17.027QYYEGSEIVVAGR.,.QYYEGSEIVVAGR.,sp|P19827-2|ITIH1_HUMAN;sp|P19827-3|ITIH1_HUMAN;sp|P19827|ITIH1_HUMAN;tr|H7C0N0|H7C0N0_HUMAN,"Q-17,1[Gln->pyro-Glu]",Q-17[Gln->pyro-Glu],18.6,2.0,P19827,P19827;H7C0N0,2,False,274,0.8154761904761905,0.18452380952380953,46,0.7931034482758621,25.01035971367534,24.945502967169574
446,.LESDVSAQMEY-76.031C+57.021RTPC+57.021TVSC+57.021NIPVVSGKEC+57.021EEII.,0.00016274262767649545,abundance,.LESDVSAQMEY-76.031C+57.021RTPC+57.021TVSC+57.021NIPVVSGKEC+57.021EEII.,.LESDVSAQMEYCRTPCTVSCNIPVVSGKECEEII.,sp|P02675|FIBB_HUMAN,"Y-76,11[Y->S/1]",Y-76[Y->S/1],0.0,4.0,P02675,P02675,1,True,243,0.7232142857142857,0.2767857142857143,46,0.7931034482758621,28.136514604185084,27.866688673789557
447,.QGFGN+0.984VATNTDGK.,0.00016251232041983795,abundance,.QGFGN+0.984VATNTDGK.,.QGFGNVATNTDGK.,sp|P02675|FIBB_HUMAN;tr|D6REL8|D6REL8_HUMAN,"N+1,5[Deamidated]",N+1[Deamidated],1000.0,2.0,P02675,P02675;D6REL8,2,False,258,0.7678571428571429,0.23214285714285715,48,0.8275862068965517,25.66716597077151,25.586571228266475
448,.LETPDFQLFKN+0.984GVAQEPVHLDSPAIK.,0.00016251159164247387,abundance,.LETPDFQLFKN+0.984GVAQEPVHLDSPAIK.,.LETPDFQLFKNGVAQEPVHLDSPAIK.,sp|P04217|A1BG_HUMAN;tr|M0R009|M0R009_HUMAN,"N+1,11[Deamidated]",N+1[Deamidated],0.0,3.0,P04217,P04217;M0R009,2,False,311,0.9255952380952381,0.0744047619047619,51,0.8793103448275862,29.310421535109867,29.1212424273341
449,.ETE+42.047GLRQEMSK.,0.00016183456751848096,abundance,.ETE+42.047GLRQEMSK.,.ETEGLRQEMSK.,sp|P02647|APOA1_HUMAN;tr|F8W696|F8W696_HUMAN,"E+42,3[Propyl]",E+42[Propyl],1000.0,2.0,P02647,P02647;F8W696,2,False,172,0.5119047619047619,0.4880952380952381,34,0.5862068965517241,25.13111812795278,25.01632190003999
450,.QEPSQ+0.984GTTTFAVTSILR.,0.0001613019445765417,abundance,.QEPSQ+0.984GTTTFAVTSILR.,.QEPSQGTTTFAVTSILR.,sp|P01876|IGHA1_HUMAN;tr|A0A0G2JMB2|A0A0G2JMB2_HUMAN;tr|A0A286YEY1|A0A286YEY1_HUMAN,"Q+1,5[Deamidated]",Q+1[Deamidated],22.161,3.0,P01876,P01876;A0A0G2JMB2;A0A286YEY1,3,False,263,0.7827380952380952,0.21726190476190477,44,0.7586206896551724,26.095952612808848,26.020921428248357
451,.DAHK+31.990SEVAHR.,0.00016056585411635814,abundance,.DAHK+31.990SEVAHR.,.DAHKSEVAHR.,sp|P02768-2|ALBU_HUMAN;sp|P02768-3|ALBU_HUMAN;sp|P02768|ALBU_HUMAN;tr|A0A087WWT3|A0A087WWT3_HUMAN;tr|A0A0C4DGB6|A0A0C4DGB6_HUMAN;tr|B7WNR0|B7WNR0_HUMAN;tr|C9JKR2|C9JKR2_HUMAN;tr|H7C013|H7C013_HUMAN,"K+32,4[Dioxidation]",K+32[Dioxidation],24.257,2.0,P02768,P02768;A0A087WWT3;A0A0C4DGB6;B7WNR0;C9JKR2;H7C013,6,False,171,0.5089285714285714,0.49107142857142855,35,0.603448275862069,22.965889946933356,22.935574110112462
452,.HYEGSTVPEK+57.021K.,0.00015989320470902635,abundance,.HYEGSTVPEK+57.021K.,.HYEGSTVPEKK.,sp|P00738-2|HPT_HUMAN;sp|P00738|HPT_HUMAN;tr|A0A087WU08|A0A087WU08_HUMAN;tr|A0A0C4DGL8|A0A0C4DGL8_HUMAN;tr|H0Y300|H0Y300_HUMAN;tr|J3QLC9|J3QLC9_HUMAN;tr|J3QR68|J3QR68_HUMAN,"K+57,10[Carbamidomethyl]",K+57[Carbamidomethyl],0.0,2.0,P00738,P00738;A0A087WU08;A0A0C4DGL8;H0Y300;J3QLC9;J3QR68,6,False,201,0.5982142857142857,0.4017857142857143,39,0.6724137931034483,23.717656030110078,23.650124734298736
453,.-17.027QDPPSVVVTSHQAPGEK.,0.00015946784362501235,abundance,.-17.027QDPPSVVVTSHQAPGEK.,.QDPPSVVVTSHQAPGEK.,sp|P25311|ZA2G_HUMAN,"Q-17,1[Gln->pyro-Glu]",Q-17[Gln->pyro-Glu],29.057,2.0,P25311,P25311,1,True,248,0.7380952380952381,0.2619047619047619,51,0.8793103448275862,25.216505215819662,25.233887326067038
454,.LDELR-42.022DEGK.,0.00015848441487886593,abundance,.LDELR-42.022DEGK.,.LDELRDEGK.,sp|P02768|ALBU_HUMAN;tr|A0A0C4DGB6|A0A0C4DGB6_HUMAN;tr|B7WNR0|B7WNR0_HUMAN;tr|D6RHD5|D6RHD5_HUMAN;tr|H0YA55|H0YA55_HUMAN,"R-42,5[Arg->Orn]",R-42[Arg->Orn],1000.0,2.0,P02768,P02768;A0A0C4DGB6;B7WNR0;D6RHD5;H0YA55,5,False,180,0.5357142857142857,0.4642857142857143,40,0.6896551724137931,26.187455967201608,25.988674795671294
455,.+57.021AEFAEVSK.,0.00015832775038821065,abundance,.+57.021AEFAEVSK.,.AEFAEVSK.,sp|P02768-2|ALBU_HUMAN;sp|P02768|ALBU_HUMAN;tr|A0A0C4DGB6|A0A0C4DGB6_HUMAN;tr|B7WNR0|B7WNR0_HUMAN;tr|C9JKR2|C9JKR2_HUMAN;tr|D6RHD5|D6RHD5_HUMAN;tr|H0YA55|H0YA55_HUMAN,"X+57,1[Carbamidomethyl]",X+57[Carbamidomethyl],1000.0,2.0,P02768,P02768;A0A0C4DGB6;B7WNR0;C9JKR2;D6RHD5;H0YA55,6,False,207,0.6160714285714286,0.38392857142857145,41,0.7068965517241379,28.39795097813773,28.05656562003752
456,.DYNLND+21.982ILLQLGIEEAFTSK.,0.00015815345696270727,abundance,.DYNLND+21.982ILLQLGIEEAFTSK.,.DYNLNDILLQLGIEEAFTSK.,sp|P01011|AACT_HUMAN;tr|G3V3A0|G3V3A0_HUMAN,"D+22,6[Cation:Na]",D+22[Cation:Na],49.3,3.0,P01011,P01011;G3V3A0,2,False,178,0.5297619047619048,0.47023809523809523,32,0.5517241379310345,23.280036771677644,23.16804125239934
457,.IMNGEADAMSLD-18.011GGFVYIAGK.,0.00015744330644152713,abundance,.IMNGEADAMSLD-18.011GGFVYIAGK.,.IMNGEADAMSLDGGFVYIAGK.,sp|P02787|TRFE_HUMAN,"D-18,12[Dehydrated]",D-18[Dehydrated],34.849,2.0,P02787,P02787,1,True,209,0.6220238095238095,0.37797619047619047,38,0.6551724137931034,25.730783478825934,25.46684608272273
458,.AGTELVNFLSYFVE+42.047LGTQPATQ.,0.00015713855292624862,abundance,.AGTELVNFLSYFVE+42.047LGTQPATQ.,.AGTELVNFLSYFVELGTQPATQ.,sp|P02652|APOA2_HUMAN;tr|V9GYE3|V9GYE3_HUMAN;tr|V9GYM3|V9GYM3_HUMAN,"E+42,14[Propyl]",E+42[Propyl],1000.0,3.0,P02652,P02652;V9GYE3;V9GYM3,3,False,229,0.6815476190476191,0.31845238095238093,43,0.7413793103448276,22.493652212020333,22.558750383596742
459,.VDSGNDVTDIADD+31.972GC+57.021PKPPEIAHGYVEHSVR.,0.0001559455918920725,abundance,.VDSGNDVTDIADD+31.972GC+57.021PKPPEIAHGYVEHSVR.,.VDSGNDVTDIADDGCPKPPEIAHGYVEHSVR.,sp|P00738-2|HPT_HUMAN;sp|P00738|HPT_HUMAN;tr|A0A0C4DGL8|A0A0C4DGL8_HUMAN;tr|H0Y300|H0Y300_HUMAN;tr|H3BMJ7|H3BMJ7_HUMAN;tr|H3BS21|H3BS21_HUMAN;tr|J3KRH2|J3KRH2_HUMAN;tr|J3KSV1|J3KSV1_HUMAN;tr|J3QLC9|J3QLC9_HUMAN;tr|J3QQI8|J3QQI8_HUMAN [further mapped to 1 additional proteins],"D+32,13[Sulfide]",D+32[Sulfide],58.144,4.0,P00738,P00738;A0A0C4DGL8;H0Y300;H3BMJ7;H3BS21;J3KRH2;J3KSV1;J3QLC9;J3QQI8,9,False,269,0.8005952380952381,0.19940476190476192,46,0.7931034482758621,26.494833494264945,26.374525725806155
460,.LLIYA+43.990ASTLQSGVPSR.,0.00015591899535043508,abundance,.LLIYA+43.990ASTLQSGVPSR.,.LLIYAASTLQSGVPSR.,sp|A0A075B6S5|KV127_HUMAN;sp|A0A087WSZ0|KVD08_HUMAN;sp|A0A0C4DH67|KV108_HUMAN;sp|A0A0C4DH69|KV109_HUMAN;tr|A0A0G2JQJ0|A0A0G2JQJ0_HUMAN,"A+44,5[A->D/1]",A+44[A->D/1],1000.0,2.0,A0A075B6S5,A0A075B6S5;A0A087WSZ0;A0A0C4DH67;A0A0C4DH69;A0A0G2JQJ0,5,False,191,0.5684523809523809,0.43154761904761907,36,0.6206896551724138,24.825303298760993,24.74677898833421
461,.DIVMTQSPD+14.016SLAVSLGER.,0.00015587467161656314,abundance,.DIVMTQSPD+14.016SLAVSLGER.,.DIVMTQSPDSLAVSLGER.,sp|P06312|KV401_HUMAN,"D+14,9[Methyl]",D+14[Methyl],1000.0,2.0,P06312,P06312,1,True,193,0.5744047619047619,0.4255952380952381,35,0.603448275862069,25.630296374584663,25.450472551318025
462,.HQTVPQNTGGK+21.982.,0.00015578025414000947,abundance,.HQTVPQNTGGK+21.982.,.HQTVPQNTGGK.,sp|P02787|TRFE_HUMAN,"Z+22,11[Cation:Na]",Z+22[Cation:Na],9.106,2.0,P02787,P02787,1,True,261,0.7767857142857143,0.22321428571428573,49,0.8448275862068966,24.369728324815686,24.222466641837226
463,.K+58.005VPQVSTPTLVEVSR.__missing,0.00015575945334843884,missingness,.K+58.005VPQVSTPTLVEVSR,,,,,,,,,0,False,0,0.0,1.0,0,0.0,,
464,.LSPLGEEM+31.990RDR.,0.00015469433841420088,abundance,.LSPLGEEM+31.990RDR.,.LSPLGEEMRDR.,sp|P02647|APOA1_HUMAN;tr|F8W696|F8W696_HUMAN,"M+32,8[Dioxidation]",M+32[Dioxidation],5.522,3.0,P02647,P02647;F8W696,2,False,211,0.6279761904761905,0.37202380952380953,39,0.6724137931034483,27.284090974243576,26.41871348576774
465,.-17.027QGFEPPSFVGWFLGWDDDYWSVDPLDR.,0.00015463754050064078,abundance,.-17.027QGFEPPSFVGWFLGWDDDYWSVDPLDR.,.QGFEPPSFVGWFLGWDDDYWSVDPLDR.,sp|P06396-2|GELS_HUMAN;sp|P06396-3|GELS_HUMAN;sp|P06396-4|GELS_HUMAN;sp|P06396|GELS_HUMAN;tr|A0A0A0MS51|A0A0A0MS51_HUMAN;tr|A0A0A0MT01|A0A0A0MT01_HUMAN,"Q-17,1[Gln->pyro-Glu]",Q-17[Gln->pyro-Glu],39.317,2.0,P06396,P06396;A0A0A0MS51;A0A0A0MT01,3,False,283,0.8422619047619048,0.15773809523809523,51,0.8793103448275862,22.341217470216556,22.42226089923765
466,.LLDNWD+21.982SVTSTFSK.,0.00015422938984655437,abundance,.LLDNWD+21.982SVTSTFSK.,.LLDNWDSVTSTFSK.,sp|P02647|APOA1_HUMAN;tr|F8W696|F8W696_HUMAN,"D+22,6[Cation:Na]",D+22[Cation:Na],29.875,3.0,P02647,P02647;F8W696,2,False,196,0.5833333333333334,0.4166666666666667,37,0.6379310344827587,23.694214114691285,23.638703792994733
467,.-17.027QDSLSSQNQLGVLPLSWDIPELVNMGQWK.,0.00015383449663681822,abundance,.-17.027QDSLSSQNQLGVLPLSWDIPELVNMGQWK.,.QDSLSSQNQLGVLPLSWDIPELVNMGQWK.,sp|P01024|CO3_HUMAN,"Q-17,1[Gln->pyro-Glu]",Q-17[Gln->pyro-Glu],1000.0,3.0,P01024,P01024,1,True,257,0.7648809523809523,0.23511904761904762,42,0.7241379310344828,24.882363559228313,25.00512583683696
468,.AAVYHHFISD-18.011GVR.,0.0001535571133780383,abundance,.AAVYHHFISD-18.011GVR.,.AAVYHHFISDGVR.,sp|P01024|CO3_HUMAN,"D-18,10[Dehydrated]",D-18[Dehydrated],29.794,3.0,P01024,P01024,1,True,299,0.8898809523809523,0.11011904761904762,53,0.9137931034482759,24.963029934659605,24.99477919685717
469,.EVGTPHGIILDSVDAAFIC-33.988PGSSR.,0.00015340453578831107,abundance,.EVGTPHGIILDSVDAAFIC-33.988PGSSR.,.EVGTPHGIILDSVDAAFICPGSSR.,sp|P02790|HEMO_HUMAN,"C-34,19[Cys->Dha]",C-34[Cys->Dha],10.5,2.0,P02790,P02790,1,True,257,0.7648809523809523,0.23511904761904762,45,0.7758620689655172,25.52647535958511,25.439914463085696
470,.VVSVLTVLHQDW+31.990LN+0.984GK.,0.00015309048547568525,abundance,.VVSVLTVLHQDW+31.990LN+0.984GK.,.VVSVLTVLHQDWLNGK.,sp|P01857|IGHG1_HUMAN;sp|P01860|IGHG3_HUMAN;sp|P01861|IGHG4_HUMAN;tr|A0A0A0MS08|A0A0A0MS08_HUMAN;tr|A0A286YES1|A0A286YES1_HUMAN;tr|A0A286YFJ8|A0A286YFJ8_HUMAN,"W+32,12[Dioxidation] & N+1,14[Deamidated]",W+32[Dioxidation],1000.0,3.0,P01857,P01857;P01860;P01861;A0A0A0MS08;A0A286YES1;A0A286YFJ8,6,False,228,0.6785714285714286,0.32142857142857145,41,0.7068965517241379,25.50190186802451,25.462834839309313
471,.EVQLVESGGGLVQPGG+72.021SLR.,0.00015290466552986943,abundance,.EVQLVESGGGLVQPGG+72.021SLR.,.EVQLVESGGGLVQPGGSLR.,sp|A0A0B4J1X5|HV374_HUMAN;sp|A0A0B4J1Y9|HV372_HUMAN;sp|A0A0J9YX35|HV64D_HUMAN;sp|P01763|HV302_HUMAN;sp|P01764|HV323_HUMAN;sp|P01766|HV313_HUMAN;sp|P01780|HV307_HUMAN;tr|A0A075B7D8|A0A075B7D8_HUMAN;tr|A0A075B7E8|A0A075B7E8_HUMAN;tr|A0A075B7F1|A0A075B7F1_HUMAN [further mapped to 5 additional proteins],"G+72,16[G->E/1]",G+72[G->E/1],1000.0,2.0,A0A0B4J1X5,A0A0B4J1X5;A0A0B4J1Y9;A0A0J9YX35;P01763;P01764;P01766;P01780;A0A075B7D8;A0A075B7E8;A0A075B7F1,10,False,193,0.5744047619047619,0.4255952380952381,39,0.6724137931034483,24.99263188218158,25.010363798312646
472,.TFPGFFSPMLGE+37.947FVSETESR.,0.00015256436205029393,abundance,.TFPGFFSPMLGE+37.947FVSETESR.,.TFPGFFSPMLGEFVSETESR.,sp|P02671-2|FIBA_HUMAN;sp|P02671|FIBA_HUMAN,"E+38,12[Cation:Ca[II]]",E+38[Cation:Ca[II]],41.48,4.0,P02671,P02671,1,True,208,0.6190476190476191,0.38095238095238093,43,0.7413793103448276,24.12231042132331,24.077219229790487
473,.FNWYVDGVEVHNAK+57.021.,0.00015253222258653458,abundance,.FNWYVDGVEVHNAK+57.021.,.FNWYVDGVEVHNAK.,sp|P01857|IGHG1_HUMAN;sp|P01859|IGHG2_HUMAN;sp|P01861|IGHG4_HUMAN;tr|A0A0A0MS08|A0A0A0MS08_HUMAN;tr|A0A286YEY4|A0A286YEY4_HUMAN;tr|A0A286YFJ8|A0A286YFJ8_HUMAN,"K+57,14[Carbamidomethyl]",K+57[Carbamidomethyl],1000.0,2.0,P01857,P01857;P01859;P01861;A0A0A0MS08;A0A286YEY4;A0A286YFJ8,6,False,302,0.8988095238095238,0.10119047619047619,51,0.8793103448275862,28.43805688963208,28.014486176875884
474,.GTEAAGAMFLE+37.956AIPMSIPPEVK.,0.00015136306498646787,abundance,.GTEAAGAMFLE+37.956AIPMSIPPEVK.,.GTEAAGAMFLEAIPMSIPPEVK.,sp|P01009|A1AT_HUMAN;tr|A0A024R6I7|A0A024R6I7_HUMAN,"E+38,11[Cation:K]",E+38[Cation:K],53.915,3.0,P01009,P01009;A0A024R6I7,2,False,173,0.5148809523809523,0.4851190476190476,31,0.5344827586206896,23.43618044535301,23.37565768475816
475,.VFDEFKPLVEEPQNLIKQN-17.027C-33.988ELFEQLGEYK.,0.00015088539925765492,abundance,.VFDEFKPLVEEPQNLIKQN-17.027C-33.988ELFEQLGEYK.,.VFDEFKPLVEEPQNLIKQNCELFEQLGEYK.,sp|P02768-2|ALBU_HUMAN;sp|P02768-3|ALBU_HUMAN;sp|P02768|ALBU_HUMAN;tr|A0A087WWT3|A0A087WWT3_HUMAN;tr|A0A0C4DGB6|A0A0C4DGB6_HUMAN;tr|B7WNR0|B7WNR0_HUMAN;tr|C9JKR2|C9JKR2_HUMAN;tr|D6RHD5|D6RHD5_HUMAN;tr|H0YA55|H0YA55_HUMAN,"N-17,19[Ammonia-loss] & C-34,20[Cys->Dha]",N-17[Ammonia-loss],0.0,3.0,P02768,P02768;A0A087WWT3;A0A0C4DGB6;B7WNR0;C9JKR2;D6RHD5;H0YA55,7,False,211,0.6279761904761905,0.37202380952380953,36,0.6206896551724138,26.259992181071002,26.125465647873572
476,.AHYGGFTVQNEANK+42.047.,0.00014931094688438876,abundance,.AHYGGFTVQNEANK+42.047.,.AHYGGFTVQNEANK.,sp|P02675|FIBB_HUMAN;tr|D6REL8|D6REL8_HUMAN,"Z+42,14[Propyl]",Z+42[Propyl],37.73,2.0,P02675,P02675;D6REL8,2,False,312,0.9285714285714286,0.07142857142857142,52,0.896551724137931,26.61700939730106,26.554159429076545
477,.SVIPSDGPSVACVKKASYLDC+15.995IR.__missing,0.00014900249812345605,missingness,.SVIPSDGPSVACVKKASYLDC+15.995IR,,,,,,,,,0,False,0,0.0,1.0,0,0.0,,
478,.GHGLGHGH+57.021EQQHGLGHGHK.,0.00014849934946270052,abundance,.GHGLGHGH+57.021EQQHGLGHGHK.,.GHGLGHGHEQQHGLGHGHK.,sp|P01042|KNG1_HUMAN,"H+57,8[Carbamidomethyl]",H+57[Carbamidomethyl],1000.0,3.0,P01042,P01042,1,True,271,0.8065476190476191,0.19345238095238096,52,0.896551724137931,25.87583358476366,25.65357664182466
479,.VNEPSILEM+15.995SR.,0.00014847775569359385,abundance,.VNEPSILEM+15.995SR.,.VNEPSILEMSR.,sp|O14791-2|APOL1_HUMAN;sp|O14791-3|APOL1_HUMAN;sp|O14791|APOL1_HUMAN,"M+16,9[Oxidation]",M+16[Oxidation],14.125,2.0,O14791,O14791,1,True,249,0.7410714285714286,0.25892857142857145,40,0.6896551724137931,26.071208588467897,26.027824984908158
480,.IVEGSDAEIGM+15.995SPWQVMLFR.__missing,0.0001484233292264807,missingness,.IVEGSDAEIGM+15.995SPWQVMLFR,,,,,,,,,0,False,0,0.0,1.0,0,0.0,,
481,.F+15.995QNALLVR.,0.00014740242477493174,abundance,.F+15.995QNALLVR.,.FQNALLVR.,sp|P02768-2|ALBU_HUMAN;sp|P02768-3|ALBU_HUMAN;sp|P02768|ALBU_HUMAN;tr|A0A087WWT3|A0A087WWT3_HUMAN;tr|A0A0C4DGB6|A0A0C4DGB6_HUMAN;tr|B7WNR0|B7WNR0_HUMAN;tr|C9JKR2|C9JKR2_HUMAN;tr|D6RHD5|D6RHD5_HUMAN;tr|H0YA55|H0YA55_HUMAN,"F+16,1[Oxidation]",F+16[Oxidation],10.408,2.0,P02768,P02768;A0A087WWT3;A0A0C4DGB6;B7WNR0;C9JKR2;D6RHD5;H0YA55,7,False,311,0.9255952380952381,0.0744047619047619,51,0.8793103448275862,26.354521946989692,26.32809778488108
482,.FNKPFVFLM+15.995IEQNTK.,0.00014668751739021092,abundance,.FNKPFVFLM+15.995IEQNTK.,.FNKPFVFLMIEQNTK.,sp|P01009|A1AT_HUMAN;tr|A0A024R6I7|A0A024R6I7_HUMAN,"M+16,9[Oxidation]",M+16[Oxidation],19.754,2.0,P01009,P01009;A0A024R6I7,2,False,283,0.8422619047619048,0.15773809523809523,47,0.8103448275862069,26.096019653002504,26.087176841152324
483,.VT-30.011ISVDTSK.,0.0001466742194441019,abundance,.VT-30.011ISVDTSK.,.VTISVDTSK.,sp|A0A0C4DH41|HV461_HUMAN;sp|P01824|HV206_HUMAN;sp|P01825|HV459_HUMAN;sp|P06331|HV209_HUMAN;sp|P0DP06|HVD34_HUMAN;sp|P0DP07|HV431_HUMAN;sp|P0DP08|HVD82_HUMAN;tr|A0A0J9YWU9|A0A0J9YWU9_HUMAN,"T-30,2[T->A/1]",T-30[T->A/1],1000.0,2.0,A0A0C4DH41,A0A0C4DH41;P01824;P01825;P06331;P0DP06;P0DP07;P0DP08;A0A0J9YWU9,8,False,204,0.6071428571428571,0.39285714285714285,44,0.7586206896551724,24.243831751795895,24.230879051413446
484,.GTEAAGAMFLE+37.956AIPMSIPPEVK.__missing,0.0001461152445116599,missingness,.GTEAAGAMFLE+37.956AIPMSIPPEVK,,,,,,,,,0,False,0,0.0,1.0,0,0.0,,
485,.VYDYYETDEFAIAEYNAPC-33.988SK.,0.0001447046806883513,abundance,.VYDYYETDEFAIAEYNAPC-33.988SK.,.VYDYYETDEFAIAEYNAPCSK.,sp|P01023|A2MG_HUMAN,"C-34,19[Cys->Dha]",C-34[Cys->Dha],0.0,2.0,P01023,P01023,1,True,296,0.8809523809523809,0.11904761904761904,50,0.8620689655172413,25.228741066733868,25.202741383868094
486,.ASTPN+0.984GYDNGIIWATWK.,0.0001446606229173493,abundance,.ASTPN+0.984GYDNGIIWATWK.,.ASTPNGYDNGIIWATWK.,sp|P02679-2|FIBG_HUMAN;sp|P02679|FIBG_HUMAN;tr|C9JC84|C9JC84_HUMAN;tr|C9JEU5|C9JEU5_HUMAN,"N+1,5[Deamidated]",N+1[Deamidated],36.049,2.0,P02679,P02679;C9JC84;C9JEU5,3,False,190,0.5654761904761905,0.43452380952380953,34,0.5862068965517241,25.14398574628302,24.955582673156535
487,.NVVFVIDK+42.047.__missing,0.00014455288435554102,missingness,.NVVFVIDK+42.047,,,,,,,,,0,False,0,0.0,1.0,0,0.0,,
488,.TEGDGVYTLNNEK+42.047.,0.0001443343695319084,abundance,.TEGDGVYTLNNEK+42.047.,.TEGDGVYTLNNEK.,sp|P00738-2|HPT_HUMAN;sp|P00738|HPT_HUMAN;tr|H3BMJ7|H3BMJ7_HUMAN;tr|H3BS21|H3BS21_HUMAN;tr|J3KRH2|J3KRH2_HUMAN;tr|J3KSV1|J3KSV1_HUMAN;tr|J3QLC9|J3QLC9_HUMAN;tr|J3QQI8|J3QQI8_HUMAN,"Z+42,13[Propyl]",Z+42[Propyl],24.332,2.0,P00738,P00738;H3BMJ7;H3BS21;J3KRH2;J3KSV1;J3QLC9;J3QQI8,7,False,221,0.6577380952380952,0.34226190476190477,36,0.6206896551724138,26.270955410573162,26.24929890205205
489,.ALGISPFHEH+57.021AEVVFTANDSGPR.__missing,0.00014409891333711923,missingness,.ALGISPFHEH+57.021AEVVFTANDSGPR,,,,,,,,,0,False,0,0.0,1.0,0,0.0,,
490,.N+0.984NQRPSGVPDR.__missing,0.00014316999145316578,missingness,.N+0.984NQRPSGVPDR,,,,,,,,,0,False,0,0.0,1.0,0,0.0,,
491,.QGLLPVLESFK+42.047.,0.0001428139904585729,abundance,.QGLLPVLESFK+42.047.,.QGLLPVLESFK.,sp|P02647|APOA1_HUMAN;tr|F8W696|F8W696_HUMAN,"Z+42,11[Propyl]",Z+42[Propyl],16.913,2.0,P02647,P02647;F8W696,2,False,219,0.6517857142857143,0.3482142857142857,43,0.7413793103448276,26.125576800720875,25.83650529832685
492,.EIVLTQSPGT+12.036LSLSPGER.__missing,0.00014256398536142476,missingness,.EIVLTQSPGT+12.036LSLSPGER,,,,,,,,,0,False,0,0.0,1.0,0,0.0,,
493,.TPLTATLSK+42.047.__missing,0.00014246321352311668,missingness,.TPLTATLSK+42.047,,,,,,,,,0,False,0,0.0,1.0,0,0.0,,
494,.EDPQGDAAQK+57.021TDTSHHDQDHPTFNK.__missing,0.00014147541108441356,missingness,.EDPQGDAAQK+57.021TDTSHHDQDHPTFNK,,,,,,,,,0,False,0,0.0,1.0,0,0.0,,
495,.YLQ+0.984EIYNSNNQK.,0.00014143548370660754,abundance,.YLQ+0.984EIYNSNNQK.,.YLQEIYNSNNQK.,sp|P02679-2|FIBG_HUMAN;sp|P02679|FIBG_HUMAN;tr|C9JC84|C9JC84_HUMAN;tr|C9JEU5|C9JEU5_HUMAN;tr|C9JPQ9|C9JPQ9_HUMAN;tr|C9JU00|C9JU00_HUMAN,"Q+1,3[Deamidated]",Q+1[Deamidated],1000.0,2.0,P02679,P02679;C9JC84;C9JEU5;C9JPQ9;C9JU00,5,False,258,0.7678571428571429,0.23214285714285715,49,0.8448275862068966,25.635151343385957,25.640097611887175
496,.HN+0.984GMWR.,0.00014093656274367634,abundance,.HN+0.984GMWR.,.HNGMWR.,sp|P03952|KLKB1_HUMAN;tr|H0YAC1|H0YAC1_HUMAN,"N+1,2[Deamidated]",N+1[Deamidated],3.603,2.0,P03952,P03952;H0YAC1,2,False,297,0.8839285714285714,0.11607142857142858,49,0.8448275862068966,24.339202285497606,24.325956962160127
497,.AAANQM+15.995R.,0.00013985837841902596,abundance,.AAANQM+15.995R.,.AAANQMR.,sp|P0C0L4-2|CO4A_HUMAN;sp|P0C0L4|CO4A_HUMAN;sp|P0C0L5|CO4B_HUMAN;tr|A0A0G2JL54|A0A0G2JL54_HUMAN;tr|A0A0G2JPR0|A0A0G2JPR0_HUMAN;tr|A0A140TA29|A0A140TA29_HUMAN;tr|A0A140TA32|A0A140TA32_HUMAN;tr|A0A140TA44|A0A140TA44_HUMAN;tr|A0A140TA49|A0A140TA49_HUMAN;tr|A0A3B3ISA6|A0A3B3ISA6_HUMAN [further mapped to 1 additional proteins],"M+16,6[Oxidation]",M+16[Oxidation],0.0,2.0,P0C0L4,P0C0L4;P0C0L5;A0A0G2JL54;A0A0G2JPR0;A0A140TA29;A0A140TA32;A0A140TA44;A0A140TA49;A0A3B3ISA6,9,False,248,0.7380952380952381,0.2619047619047619,45,0.7758620689655172,22.609798665243652,22.671757941323943
498,.K+58.005VPQVSTPTLVEVSR.,0.00013912179906279664,abundance,.K+58.005VPQVSTPTLVEVSR.,.KVPQVSTPTLVEVSR.,sp|P02768-2|ALBU_HUMAN;sp|P02768-3|ALBU_HUMAN;sp|P02768|ALBU_HUMAN;tr|A0A087WWT3|A0A087WWT3_HUMAN;tr|A0A0C4DGB6|A0A0C4DGB6_HUMAN;tr|B7WNR0|B7WNR0_HUMAN;tr|C9JKR2|C9JKR2_HUMAN;tr|D6RHD5|D6RHD5_HUMAN;tr|H0YA55|H0YA55_HUMAN,"K+58,1[Carboxymethyl]",K+58[Carboxymethyl],1000.0,3.0,P02768,P02768;A0A087WWT3;A0A0C4DGB6;B7WNR0;C9JKR2;D6RHD5;H0YA55,7,False,207,0.6160714285714286,0.38392857142857145,34,0.5862068965517241,24.21789529641472,24.158011684295353
499,.DEM+15.995PSPTFLTQVK.,0.00013905160268176353,abundance,.DEM+15.995PSPTFLTQVK.,.DEMPSPTFLTQVK.,sp|P02655|APOC2_HUMAN;tr|A0A024R0T9|A0A024R0T9_HUMAN;tr|K7ER74|K7ER74_HUMAN;tr|Q6P163|Q6P163_HUMAN;tr|V9GYJ8|V9GYJ8_HUMAN,"M+16,3[Oxidation]",M+16[Oxidation],27.322,2.0,P02655,P02655;A0A024R0T9;K7ER74;Q6P163;V9GYJ8,5,False,276,0.8214285714285714,0.17857142857142858,46,0.7931034482758621,25.537090926221495,25.551364397713176
500,.EDPQGDAAQKTDTSH+57.021HDQDHPTFNK.,0.00013901468821156743,abundance,.EDPQGDAAQKTDTSH+57.021HDQDHPTFNK.,.EDPQGDAAQKTDTSHHDQDHPTFNK.,sp|P01009-2|A1AT_HUMAN;sp|P01009-3|A1AT_HUMAN;sp|P01009|A1AT_HUMAN;tr|A0A024R6I7|A0A024R6I7_HUMAN;tr|A0A0B4J278|A0A0B4J278_HUMAN;tr|A0A0G2JRN3|A0A0G2JRN3_HUMAN;tr|G3V387|G3V387_HUMAN;tr|G3V544|G3V544_HUMAN;tr|G3V5R8|G3V5R8_HUMAN,"H+57,15[Carbamidomethyl]",H+57[Carbamidomethyl],1000.0,3.0,P01009,P01009;A0A024R6I7;A0A0B4J278;A0A0G2JRN3;G3V387;G3V544;G3V5R8,7,False,172,0.5119047619047619,0.4880952380952381,34,0.5862068965517241,24.917574470919632,24.93339467623551
501,.QIQVSW+3.995LR.,0.0001380213536147277,abundance,.QIQVSW+3.995LR.,.QIQVSWLR.,sp|P01871-2|IGHM_HUMAN;sp|P01871|IGHM_HUMAN;tr|A0A1B0GUU9|A0A1B0GUU9_HUMAN,"W+4,6[Trp->Kynurenin]",W+4[Trp->Kynurenin],1000.0,2.0,P01871,P01871;A0A1B0GUU9,2,False,304,0.9047619047619048,0.09523809523809523,50,0.8620689655172413,24.08959050913417,24.12516098541284
502,.-17.027QTIIVVLENVQR.,0.00013616225451794763,abundance,.-17.027QTIIVVLENVQR.,.QTIIVVLENVQR.,sp|P04114|APOB_HUMAN,"Q-17,1[Gln->pyro-Glu]",Q-17[Gln->pyro-Glu],8.123,2.0,P04114,P04114,1,True,306,0.9107142857142857,0.08928571428571429,52,0.896551724137931,23.605703335363895,23.47557750784199
503,.LVNEVTEFAK+42.047.,0.0001358034508404865,abundance,.LVNEVTEFAK+42.047.,.LVNEVTEFAK.,sp|P02768-3|ALBU_HUMAN;sp|P02768|ALBU_HUMAN;tr|A0A087WWT3|A0A087WWT3_HUMAN;tr|A0A0C4DGB6|A0A0C4DGB6_HUMAN;tr|H7C013|H7C013_HUMAN,"Z+42,10[Propyl]",Z+42[Propyl],1000.0,2.0,P02768,P02768;A0A087WWT3;A0A0C4DGB6;H7C013,4,False,261,0.7767857142857143,0.22321428571428573,51,0.8793103448275862,31.403160538318712,31.078411587879113
504,.KAGTELVNFLSYFVE+37.956LGTQPAT.,0.00013560965639500638,abundance,.KAGTELVNFLSYFVE+37.956LGTQPAT.,.KAGTELVNFLSYFVELGTQPAT.,sp|P02652|APOA2_HUMAN;tr|V9GYE3|V9GYE3_HUMAN;tr|V9GYM3|V9GYM3_HUMAN,"E+38,15[Cation:K]",E+38[Cation:K],36.157,3.0,P02652,P02652;V9GYE3;V9GYM3,3,False,198,0.5892857142857143,0.4107142857142857,39,0.6724137931034483,24.43712297978839,24.136213118816624
505,.LSN+0.984ENHGIAQR.,0.00013559857213303676,abundance,.LSN+0.984ENHGIAQR.,.LSNENHGIAQR.,sp|P19823|ITIH2_HUMAN;tr|Q5T985|Q5T985_HUMAN,"N+1,3[Deamidated]",N+1[Deamidated],26.021,2.0,P19823,P19823;Q5T985,2,False,304,0.9047619047619048,0.09523809523809523,52,0.896551724137931,24.833184392886928,24.75426309182671
506,.-17.027QGVN+0.984DNEEGFFSAR.__missing,0.00013528269468165413,missingness,.-17.027QGVN+0.984DNEEGFFSAR,,,,,,,,,0,False,0,0.0,1.0,0,0.0,,
507,.AIQ+0.984LTYNPDESSKPNMIDAATLK.,0.00013385224001316107,abundance,.AIQ+0.984LTYNPDESSKPNMIDAATLK.,.AIQLTYNPDESSKPNMIDAATLK.,sp|P02679-2|FIBG_HUMAN;sp|P02679|FIBG_HUMAN;tr|C9JC84|C9JC84_HUMAN;tr|C9JEU5|C9JEU5_HUMAN,"Q+1,3[Deamidated]",Q+1[Deamidated],1000.0,2.0,P02679,P02679;C9JC84;C9JEU5,3,False,205,0.6101190476190477,0.3898809523809524,43,0.7413793103448276,27.567177871343414,27.689039344353052
508,.YHWEHTGLT-18.011LR.,0.000133265334620282,abundance,.YHWEHTGLT-18.011LR.,.YHWEHTGLTLR.,sp|P04114|APOB_HUMAN,"T-18,9[Dehydrated]",T-18[Dehydrated],30.144,4.0,P04114,P04114,1,True,264,0.7857142857142857,0.21428571428571427,47,0.8103448275862069,24.300195110079784,24.328524465794736
509,.VADALTN+0.984AVAHVDDMPNALSALSDLHAHK.__missing,0.00013326174820155212,missingness,.VADALTN+0.984AVAHVDDMPNALSALSDLHAHK,,,,,,,,,0,False,0,0.0,1.0,0,0.0,,
510,.QINDYVEK+57.021GTQGK.,0.00013218980467095547,abundance,.QINDYVEK+57.021GTQGK.,.QINDYVEKGTQGK.,sp|P01009-2|A1AT_HUMAN;sp|P01009-3|A1AT_HUMAN;sp|P01009|A1AT_HUMAN;tr|A0A024R6I7|A0A024R6I7_HUMAN;tr|A0A0G2JRN3|A0A0G2JRN3_HUMAN,"K+57,8[Carbamidomethyl]",K+57[Carbamidomethyl],0.0,2.0,P01009,P01009;A0A024R6I7;A0A0G2JRN3,3,False,255,0.7589285714285714,0.24107142857142858,46,0.7931034482758621,24.718548187649304,24.547524186025008
511,.EFNAETFTFHADIC+449.173TLSEK.,0.00013208201470313717,abundance,.EFNAETFTFHADIC+449.173TLSEK.,.EFNAETFTFHADICTLSEK.,sp|P02768-2|ALBU_HUMAN;sp|P02768-3|ALBU_HUMAN;sp|P02768|ALBU_HUMAN;tr|A0A087WWT3|A0A087WWT3_HUMAN;tr|A0A0C4DGB6|A0A0C4DGB6_HUMAN;tr|B7WNR0|B7WNR0_HUMAN;tr|C9JKR2|C9JKR2_HUMAN;tr|D6RHD5|D6RHD5_HUMAN;tr|H0YA55|H0YA55_HUMAN,"C+449,14[Biotin:Sigma-B1267]",C+449[Biotin:Sigma-B1267],57.53,3.0,P02768,P02768;A0A087WWT3;A0A0C4DGB6;B7WNR0;C9JKR2;D6RHD5;H0YA55,7,False,201,0.5982142857142857,0.4017857142857143,34,0.5862068965517241,25.231802139587508,25.138835672150886
512,.LSITGTY+15.995DLK.,0.00013113459312798288,abundance,.LSITGTY+15.995DLK.,.LSITGTYDLK.,sp|P01009-2|A1AT_HUMAN;sp|P01009|A1AT_HUMAN;tr|A0A024R6I7|A0A024R6I7_HUMAN;tr|A0A0G2JRN3|A0A0G2JRN3_HUMAN,"Y+16,7[Oxidation]",Y+16[Oxidation],1000.0,2.0,P01009,P01009;A0A024R6I7;A0A0G2JRN3,3,False,194,0.5773809523809523,0.4226190476190476,33,0.5689655172413793,24.38788650718856,24.424210173040603
513,.QKVSVN+0.984ER.,0.00013091102278488346,abundance,.QKVSVN+0.984ER.,.QKVSVNER.,sp|P00738-2|HPT_HUMAN;sp|P00738|HPT_HUMAN;tr|A0A087WU08|A0A087WU08_HUMAN;tr|A0A0C4DGL8|A0A0C4DGL8_HUMAN;tr|H0Y300|H0Y300_HUMAN;tr|H3BS21|H3BS21_HUMAN;tr|J3QLC9|J3QLC9_HUMAN;tr|J3QR68|J3QR68_HUMAN,"N+1,6[Deamidated]",N+1[Deamidated],10.408,2.0,P00738,P00738;A0A087WU08;A0A0C4DGL8;H0Y300;H3BS21;J3QLC9;J3QR68,7,False,277,0.8244047619047619,0.17559523809523808,47,0.8103448275862069,23.51125559954484,23.500009255422626
514,.VFDE+42.047FKPLVEEPQNLIK.,0.00013082987418250184,abundance,.VFDE+42.047FKPLVEEPQNLIK.,.VFDEFKPLVEEPQNLIK.,sp|P02768-2|ALBU_HUMAN;sp|P02768-3|ALBU_HUMAN;sp|P02768|ALBU_HUMAN;tr|A0A087WWT3|A0A087WWT3_HUMAN;tr|A0A0C4DGB6|A0A0C4DGB6_HUMAN;tr|B7WNR0|B7WNR0_HUMAN;tr|C9JKR2|C9JKR2_HUMAN;tr|D6RHD5|D6RHD5_HUMAN;tr|H0YA55|H0YA55_HUMAN,"E+42,4[Propyl]",E+42[Propyl],1000.0,2.0,P02768,P02768;A0A087WWT3;A0A0C4DGB6;B7WNR0;C9JKR2;D6RHD5;H0YA55,7,False,283,0.8422619047619048,0.15773809523809523,51,0.8793103448275862,27.194922286377366,27.284981219589124
515,.+43.006AKPALEDLR.__missing,0.0001297265352445235,missingness,.+43.006AKPALEDLR,,,,,,,,,0,False,0,0.0,1.0,0,0.0,,
516,.AATGEC-33.988TATVGKR.,0.0001279399527546386,abundance,.AATGEC-33.988TATVGKR.,.AATGECTATVGKR.,sp|P01042-2|KNG1_HUMAN;sp|P01042-3|KNG1_HUMAN;sp|P01042|KNG1_HUMAN,"C-34,6[Cys->Dha]",C-34[Cys->Dha],0.0,2.0,P01042,P01042,1,True,314,0.9345238095238095,0.06547619047619048,52,0.896551724137931,27.998362733143367,27.56424083965822
517,.VVSVLTVVHQDW+31.990LNGK.,0.0001279302973840297,abundance,.VVSVLTVVHQDW+31.990LNGK.,.VVSVLTVVHQDWLNGK.,sp|P01859|IGHG2_HUMAN;tr|A0A286YEY4|A0A286YEY4_HUMAN,"W+32,12[Dioxidation]",W+32[Dioxidation],1000.0,3.0,P01859,P01859;A0A286YEY4,2,False,318,0.9464285714285714,0.05357142857142857,52,0.896551724137931,26.04531541112928,25.954032947290354
518,.SPVGVQPILNEHTFC-33.988AGM+15.995SK.,0.00012778007546660267,abundance,.SPVGVQPILNEHTFC-33.988AGM+15.995SK.,.SPVGVQPILNEHTFCAGMSK.,sp|P00738-2|HPT_HUMAN;sp|P00738|HPT_HUMAN;tr|A0A087WU08|A0A087WU08_HUMAN;tr|A0A0C4DGL8|A0A0C4DGL8_HUMAN;tr|H0Y300|H0Y300_HUMAN;tr|J3QLC9|J3QLC9_HUMAN;tr|J3QR68|J3QR68_HUMAN,"C-34,15[Cys->Dha] & M+16,18[Oxidation]",C-34[Cys->Dha],43.208,3.0,P00738,P00738;A0A087WU08;A0A0C4DGL8;H0Y300;J3QLC9;J3QR68,6,False,307,0.9136904761904762,0.08630952380952381,50,0.8620689655172413,27.486193234694284,27.306967966010028
519,.VYAC+305.068EVTHQGLSSPVTKSFNR.,0.00012721162012612253,abundance,.VYAC+305.068EVTHQGLSSPVTKSFNR.,.VYACEVTHQGLSSPVTKSFNR.,sp|P01834|IGKC_HUMAN,"C+305,4[Glutathione]",C+305[Glutathione],0.0,3.0,P01834,P01834,1,True,293,0.8720238095238095,0.12797619047619047,45,0.7758620689655172,26.37347942251621,26.2879998881284
520,.SLEVSYVTDHGPM+15.995.__missing,0.00012672572630439475,missingness,.SLEVSYVTDHGPM+15.995,,,,,,,,,0,False,0,0.0,1.0,0,0.0,,
521,.TEGDGVYTLNN+0.984EK.,0.0001264710908455567,abundance,.TEGDGVYTLNN+0.984EK.,.TEGDGVYTLNNEK.,sp|P00738-2|HPT_HUMAN;sp|P00738|HPT_HUMAN;tr|H3BMJ7|H3BMJ7_HUMAN;tr|H3BS21|H3BS21_HUMAN;tr|J3KRH2|J3KRH2_HUMAN;tr|J3KSV1|J3KSV1_HUMAN;tr|J3QLC9|J3QLC9_HUMAN;tr|J3QQI8|J3QQI8_HUMAN,"N+1,11[Deamidated]",N+1[Deamidated],1000.0,2.0,P00738,P00738;H3BMJ7;H3BS21;J3KRH2;J3KSV1;J3QLC9;J3QQI8,7,False,307,0.9136904761904762,0.08630952380952381,51,0.8793103448275862,26.849191271050458,26.811275216811005
522,.INSDGSSTS+14.016YADSVK.__missing,0.0001263987409384361,missingness,.INSDGSSTS+14.016YADSVK,,,,,,,,,0,False,0,0.0,1.0,0,0.0,,
523,.ATLV+31.972C+57.021LISDFYPGAVTVAWK.,0.00012628671220950427,abundance,.ATLV+31.972C+57.021LISDFYPGAVTVAWK.,.ATLVCLISDFYPGAVTVAWK.,sp|B9A064|IGLL5_HUMAN;sp|P0CG04|IGLC1_HUMAN;sp|P0DOY2|IGLC2_HUMAN;sp|P0DOY3|IGLC3_HUMAN;tr|A0A0B4J231|A0A0B4J231_HUMAN,"V+32,4[V->M/1]",V+32[V->M/1],1000.0,3.0,B9A064,B9A064;P0CG04;P0DOY2;P0DOY3;A0A0B4J231,5,False,225,0.6696428571428571,0.33035714285714285,42,0.7241379310344828,24.81068616068187,24.61199684570762
524,.M+15.995RPSTDTITVMVENSHGLR.__missing,0.00012614558386515567,missingness,.M+15.995RPSTDTITVMVENSHGLR,,,,,,,,,0,False,0,0.0,1.0,0,0.0,,
525,.LQHLE+57.021NELTHDIITK.,0.00012545197212472458,abundance,.LQHLE+57.021NELTHDIITK.,.LQHLENELTHDIITK.,sp|P01009-2|A1AT_HUMAN;sp|P01009-3|A1AT_HUMAN;sp|P01009|A1AT_HUMAN;tr|A0A024R6I7|A0A024R6I7_HUMAN;tr|A0A0G2JRN3|A0A0G2JRN3_HUMAN,"E+57,5[Carbamidomethyl]",E+57[Carbamidomethyl],1000.0,3.0,P01009,P01009;A0A024R6I7;A0A0G2JRN3,3,False,299,0.8898809523809523,0.11011904761904762,52,0.896551724137931,26.30962494353606,26.45976243273361
526,.QKPDGVFQEDAPVIHQEM+15.995IGGLR.,0.0001250481217615965,abundance,.QKPDGVFQEDAPVIHQEM+15.995IGGLR.,.QKPDGVFQEDAPVIHQEMIGGLR.,sp|P01024|CO3_HUMAN,"M+16,18[Oxidation]",M+16[Oxidation],71.855,3.0,P01024,P01024,1,True,327,0.9732142857142857,0.026785714285714284,55,0.9482758620689655,27.580025024241348,27.651713390811555
527,.-18.011EETTSHLR.,0.00012467601165058953,abundance,.-18.011EETTSHLR.,.EETTSHLR.,sp|P01042-2|KNG1_HUMAN;sp|P01042-3|KNG1_HUMAN,"E-18,1[Glu->pyro-Glu]",E-18[Glu->pyro-Glu],4.489,2.0,P01042,P01042,1,True,187,0.5565476190476191,0.44345238095238093,38,0.6551724137931034,25.66451607766359,25.469394919681914
528,.EC+57.021C+97.016EKPLLEKSHC+57.021IAEVENDEM+15.995PADLPSLAADFVESK.__missing,0.0001243132404763402,missingness,.EC+57.021C+97.016EKPLLEKSHC+57.021IAEVENDEM+15.995PADLPSLAADFVESK,,,,,,,,,0,False,0,0.0,1.0,0,0.0,,
529,.YVMLPVADQDQC+119.004IR.,0.00012420566724936154,abundance,.YVMLPVADQDQC+119.004IR.,.YVMLPVADQDQCIR.,sp|P00738-2|HPT_HUMAN;sp|P00738|HPT_HUMAN;tr|A0A087WU08|A0A087WU08_HUMAN;tr|A0A0C4DGL8|A0A0C4DGL8_HUMAN;tr|H0Y300|H0Y300_HUMAN;tr|H3BS21|H3BS21_HUMAN;tr|J3QLC9|J3QLC9_HUMAN;tr|J3QR68|J3QR68_HUMAN,"C+119,12[Cysteinyl]",C+119[Cysteinyl],24.257,2.0,P00738,P00738;A0A087WU08;A0A0C4DGL8;H0Y300;H3BS21;J3QLC9;J3QR68,7,False,310,0.9226190476190477,0.07738095238095238,51,0.8793103448275862,26.995820265412238,26.91878205784829
530,.LLIYDN-14.975NK.,0.00012333122810362723,abundance,.LLIYDN-14.975NK.,.LLIYDNNK.,sp|P01701|LV103_HUMAN,"N-15,6[N->V/2]",N-15[N->V/2],7.516,2.0,P01701,P01701,1,True,180,0.5357142857142857,0.4642857142857143,38,0.6551724137931034,24.472167085842603,24.544785223615104
531,.EFNAETFTFHADIC+57.021TLSEK+42.047.,0.00012293888453534136,abundance,.EFNAETFTFHADIC+57.021TLSEK+42.047.,.EFNAETFTFHADICTLSEK.,sp|P02768-2|ALBU_HUMAN;sp|P02768-3|ALBU_HUMAN;sp|P02768|ALBU_HUMAN;tr|A0A087WWT3|A0A087WWT3_HUMAN;tr|A0A0C4DGB6|A0A0C4DGB6_HUMAN;tr|B7WNR0|B7WNR0_HUMAN;tr|C9JKR2|C9JKR2_HUMAN;tr|D6RHD5|D6RHD5_HUMAN;tr|H0YA55|H0YA55_HUMAN,"Z+42,19[Propyl]",Z+42[Propyl],1000.0,3.0,P02768,P02768;A0A087WWT3;A0A0C4DGB6;B7WNR0;C9JKR2;D6RHD5;H0YA55,7,False,210,0.625,0.375,35,0.603448275862069,26.005961657771078,25.866219612758808
532,.SPPEISHGVVAHM+15.995SDSYQYGEEVTYK.,0.00012255223782138945,abundance,.SPPEISHGVVAHM+15.995SDSYQYGEEVTYK.,.SPPEISHGVVAHMSDSYQYGEEVTYK.,sp|P08603|CFAH_HUMAN,"M+16,13[Oxidation]",M+16[Oxidation],98.185,3.0,P08603,P08603,1,True,308,0.9166666666666666,0.08333333333333333,53,0.9137931034482759,26.759259159334036,26.705764691582797
533,.NQVSLTC-33.988LVKGFYPSDIAVEWESNGQPENNYK.,0.00012097672712459188,abundance,.NQVSLTC-33.988LVKGFYPSDIAVEWESNGQPENNYK.,.NQVSLTCLVKGFYPSDIAVEWESNGQPENNYK.,sp|P01857|IGHG1_HUMAN;sp|P01861|IGHG4_HUMAN;tr|A0A0A0MS07|A0A0A0MS07_HUMAN;tr|A0A0A0MS08|A0A0A0MS08_HUMAN;tr|A0A286YFJ8|A0A286YFJ8_HUMAN,"C-34,7[Cys->Dha]",C-34[Cys->Dha],0.0,3.0,P01857,P01857;P01861;A0A0A0MS07;A0A0A0MS08;A0A286YFJ8,5,False,259,0.7708333333333334,0.22916666666666666,41,0.7068965517241379,24.882853284291144,24.68816715603634
534,.LDELRDEGK+28.006ASSAK.,0.00012089856228816822,abundance,.LDELRDEGK+28.006ASSAK.,.LDELRDEGKASSAK.,sp|P02768|ALBU_HUMAN;tr|A0A0C4DGB6|A0A0C4DGB6_HUMAN;tr|B7WNR0|B7WNR0_HUMAN;tr|D6RHD5|D6RHD5_HUMAN;tr|H0YA55|H0YA55_HUMAN,"K+28,9[K->R/1]",K+28[K->R/1],1000.0,2.0,P02768,P02768;A0A0C4DGB6;B7WNR0;D6RHD5;H0YA55,5,False,213,0.6339285714285714,0.36607142857142855,44,0.7586206896551724,28.459534210458127,28.451691740153382
535,.AVHK+57.021AVLTIDEK.,0.0001202737084116158,abundance,.AVHK+57.021AVLTIDEK.,.AVHKAVLTIDEK.,sp|P01009|A1AT_HUMAN;tr|A0A024R6I7|A0A024R6I7_HUMAN,"K+57,4[Carbamidomethyl]",K+57[Carbamidomethyl],0.0,2.0,P01009,P01009;A0A024R6I7,2,False,311,0.9255952380952381,0.0744047619047619,50,0.8620689655172413,26.25664911287846,26.015551825805854
536,.LNN-17.027GEITQHRK.,0.0001201229822774765,abundance,.LNN-17.027GEITQHRK.,.LNNGEITQHRK.,sp|P04003|C4BPA_HUMAN,"N-17,3[Ammonia-loss]",N-17[Ammonia-loss],9.739,3.0,P04003,P04003,1,True,186,0.5535714285714286,0.44642857142857145,30,0.5172413793103449,23.678781920020683,23.585189908670287
537,.MGPTELLIEMEDW+31.990KGDK.__missing,0.00011998607713856882,missingness,.MGPTELLIEMEDW+31.990KGDK,,,,,,,,,0,False,0,0.0,1.0,0,0.0,,
538,.LQHLENE+57.021LTHDIITK.,0.00011936050870373806,abundance,.LQHLENE+57.021LTHDIITK.,.LQHLENELTHDIITK.,sp|P01009-2|A1AT_HUMAN;sp|P01009-3|A1AT_HUMAN;sp|P01009|A1AT_HUMAN;tr|A0A024R6I7|A0A024R6I7_HUMAN;tr|A0A0G2JRN3|A0A0G2JRN3_HUMAN,"E+57,7[Carbamidomethyl]",E+57[Carbamidomethyl],1000.0,2.0,P01009,P01009;A0A024R6I7;A0A0G2JRN3,3,False,297,0.8839285714285714,0.11607142857142858,51,0.8793103448275862,26.301785171027845,26.513116694775952
539,.Q+0.984VGSGVTTDQVQAEAK.,0.0001186768822926763,abundance,.Q+0.984VGSGVTTDQVQAEAK.,.QVGSGVTTDQVQAEAK.,sp|P01871-2|IGHM_HUMAN;sp|P01871|IGHM_HUMAN;tr|A0A1B0GUU9|A0A1B0GUU9_HUMAN,"Q+1,1[Deamidated]",Q+1[Deamidated],1000.0,2.0,P01871,P01871;A0A1B0GUU9,2,False,252,0.75,0.25,45,0.7758620689655172,24.875292029765085,24.88979723603117
540,.LKC-33.988ASLQKFGER.,0.00011835933079398783,abundance,.LKC-33.988ASLQKFGER.,.LKCASLQKFGER.,sp|P02768|ALBU_HUMAN;tr|A0A0C4DGB6|A0A0C4DGB6_HUMAN;tr|B7WNR0|B7WNR0_HUMAN;tr|D6RHD5|D6RHD5_HUMAN;tr|H0YA55|H0YA55_HUMAN,"C-34,3[Cys->Dha]",C-34[Cys->Dha],0.0,2.0,P02768,P02768;A0A0C4DGB6;B7WNR0;D6RHD5;H0YA55,5,False,169,0.5029761904761905,0.49702380952380953,31,0.5344827586206896,24.714937894511475,24.776417413918292
541,.DFHINLFQVLPWLK+42.047.,0.00011815001378336803,abundance,.DFHINLFQVLPWLK+42.047.,.DFHINLFQVLPWLK.,sp|P00751|CFAB_HUMAN;tr|B4E1Z4|B4E1Z4_HUMAN;tr|E7ETN3|E7ETN3_HUMAN;tr|H7C5H1|H7C5H1_HUMAN,"Z+42,14[Propyl]",Z+42[Propyl],1000.0,2.0,P00751,P00751;B4E1Z4;E7ETN3;H7C5H1,4,False,203,0.6041666666666666,0.3958333333333333,40,0.6896551724137931,22.21005891494065,22.08271976981068
542,.SVIPSDGPSVACVKKASYLDC+15.995IR.,0.00011772688231177992,abundance,.SVIPSDGPSVACVKKASYLDC+15.995IR.,.SVIPSDGPSVACVKKASYLDCIR.,sp|P02787|TRFE_HUMAN;tr|C9JB55|C9JB55_HUMAN;tr|F8WCI6|F8WCI6_HUMAN;tr|F8WEK9|F8WEK9_HUMAN,"C+0,12[De-Carbamidomethyl] & C+16,21[Oxidation]",C+0[De-Carbamidomethyl],0.0,4.0,P02787,P02787;C9JB55;F8WCI6;F8WEK9,4,False,186,0.5535714285714286,0.44642857142857145,43,0.7413793103448276,29.12363261528008,28.94465444343166
543,.K+28.006LDELRDEGK.,0.00011755385645367628,abundance,.K+28.006LDELRDEGK.,.KLDELRDEGK.,sp|P02768|ALBU_HUMAN;tr|A0A0C4DGB6|A0A0C4DGB6_HUMAN;tr|B7WNR0|B7WNR0_HUMAN;tr|D6RHD5|D6RHD5_HUMAN;tr|H0YA55|H0YA55_HUMAN,"K+28,1[K->R/1]",K+28[K->R/1],27.479,3.0,P02768,P02768;A0A0C4DGB6;B7WNR0;D6RHD5;H0YA55,5,False,178,0.5297619047619048,0.47023809523809523,32,0.5517241379310345,25.602760432120952,25.45334578134525
544,.ALVLIAFAQYLQQC-17.993PFEDHVK.,0.00011628370190336183,abundance,.ALVLIAFAQYLQQC-17.993PFEDHVK.,.ALVLIAFAQYLQQCPFEDHVK.,sp|P02768-3|ALBU_HUMAN;sp|P02768|ALBU_HUMAN;tr|A0A087WWT3|A0A087WWT3_HUMAN;tr|A0A0C4DGB6|A0A0C4DGB6_HUMAN;tr|H7C013|H7C013_HUMAN,"C-18,14[Cys->Oxoalanine]",C-18[Cys->Oxoalanine],58.04,3.0,P02768,P02768;A0A087WWT3;A0A0C4DGB6;H7C013,4,False,242,0.7202380952380952,0.27976190476190477,44,0.7586206896551724,25.497761866225627,25.308224280087504
545,.VGAH+57.021AGEYGAEALER.,0.00011617177429107156,abundance,.VGAH+57.021AGEYGAEALER.,.VGAHAGEYGAEALER.,sp|P69905|HBA_HUMAN;tr|A0A2R8Y7C0|A0A2R8Y7C0_HUMAN,"H+57,4[Carbamidomethyl]",H+57[Carbamidomethyl],1000.0,2.0,P69905,P69905;A0A2R8Y7C0,2,False,293,0.8720238095238095,0.12797619047619047,49,0.8448275862068966,25.420220688207593,25.44297834341402
546,.-17.027QSVLTQPPSVSGAPGQR.,0.00011601642159727724,abundance,.-17.027QSVLTQPPSVSGAPGQR.,.QSVLTQPPSVSGAPGQR.,sp|P01703|LV140_HUMAN;tr|A0A075B6I6|A0A075B6I6_HUMAN,"Q-17,1[Gln->pyro-Glu]",Q-17[Gln->pyro-Glu],29.338,2.0,P01703,P01703;A0A075B6I6,2,False,271,0.8065476190476191,0.19345238095238096,50,0.8620689655172413,26.769492894635228,26.653471153816078
547,.DVC+119.004DPGNTK.__missing,0.00011601073235318523,missingness,.DVC+119.004DPGNTK,,,,,,,,,0,False,0,0.0,1.0,0,0.0,,
548,.AGTELVNFLSYFVE+21.982LGTQPATQ.,0.00011553420317827911,abundance,.AGTELVNFLSYFVE+21.982LGTQPATQ.,.AGTELVNFLSYFVELGTQPATQ.,sp|P02652|APOA2_HUMAN;tr|V9GYE3|V9GYE3_HUMAN;tr|V9GYM3|V9GYM3_HUMAN,"E+22,14[Cation:Na]",E+22[Cation:Na],30.052,2.0,P02652,P02652;V9GYE3;V9GYM3,3,False,183,0.5446428571428571,0.45535714285714285,31,0.5344827586206896,24.570183055100777,24.441373765361565
549,.SLTSC-33.988LDSK.,0.00011548798467029054,abundance,.SLTSC-33.988LDSK.,.SLTSCLDSK.,sp|O95445-2|APOM_HUMAN;sp|O95445|APOM_HUMAN;tr|Q5SRP5|Q5SRP5_HUMAN,"C-34,5[Cys->Dha]",C-34[Cys->Dha],0.0,2.0,O95445,O95445;Q5SRP5,2,False,186,0.5535714285714286,0.44642857142857145,33,0.5689655172413793,24.267090223537807,24.034523636776655
550,.M+15.995RPSTDTITVMVENSHGLR.,0.00011492713470784884,abundance,.M+15.995RPSTDTITVMVENSHGLR.,.MRPSTDTITVMVENSHGLR.,sp|P0C0L4-2|CO4A_HUMAN;sp|P0C0L4|CO4A_HUMAN;sp|P0C0L5|CO4B_HUMAN;tr|A0A0G2JL54|A0A0G2JL54_HUMAN;tr|A0A0G2JPR0|A0A0G2JPR0_HUMAN;tr|A0A140TA29|A0A140TA29_HUMAN;tr|A0A140TA32|A0A140TA32_HUMAN;tr|A0A140TA44|A0A140TA44_HUMAN;tr|A0A140TA49|A0A140TA49_HUMAN;tr|F5GXS0|F5GXS0_HUMAN,"M+16,1[Oxidation]",M+16[Oxidation],46.361,3.0,P0C0L4,P0C0L4;P0C0L5;A0A0G2JL54;A0A0G2JPR0;A0A140TA29;A0A140TA32;A0A140TA44;A0A140TA49;F5GXS0,9,False,316,0.9404761904761905,0.05952380952380952,52,0.896551724137931,25.53824495416351,25.651606550488747
551,.IVEGSDAEIGM+15.995SPWQVMLFR.,0.00011396415950328208,abundance,.IVEGSDAEIGM+15.995SPWQVMLFR.,.IVEGSDAEIGMSPWQVMLFR.,sp|P00734|THRB_HUMAN;tr|E9PIT3|E9PIT3_HUMAN,"M+16,11[Oxidation]",M+16[Oxidation],53.962,2.0,P00734,P00734;E9PIT3,2,False,171,0.5089285714285714,0.49107142857142855,31,0.5344827586206896,24.7710243345488,24.689995682138374
552,.LLIY-76.031GASTR.,0.00011362132972257665,abundance,.LLIY-76.031GASTR.,.LLIYGASTR.,sp|A0A0C4DH55|KVD07_HUMAN;sp|P01624|KV315_HUMAN;tr|A0A075B6H7|A0A075B6H7_HUMAN;tr|A0A0C4DH90|A0A0C4DH90_HUMAN,"Y-76,4[Y->S/1]",Y-76[Y->S/1],1000.0,2.0,A0A0C4DH55,A0A0C4DH55;P01624;A0A075B6H7;A0A0C4DH90,4,False,222,0.6607142857142857,0.3392857142857143,51,0.8793103448275862,27.51322105064095,27.344428975181955
553,.IYHSH+57.021IDAPK.,0.000113533546182412,abundance,.IYHSH+57.021IDAPK.,.IYHSHIDAPK.,sp|P00450|CERU_HUMAN;tr|E9PFZ2|E9PFZ2_HUMAN,"H+57,5[Carbamidomethyl]",H+57[Carbamidomethyl],1000.0,2.0,P00450,P00450;E9PFZ2,2,False,321,0.9553571428571429,0.044642857142857144,54,0.9310344827586207,25.367274929476473,25.373268885456667
554,.YYWGGQYTWDMAK+42.047.,0.00011319930218777332,abundance,.YYWGGQYTWDMAK+42.047.,.YYWGGQYTWDMAK.,sp|P02675|FIBB_HUMAN;tr|D6REL8|D6REL8_HUMAN,"Z+42,13[Propyl]",Z+42[Propyl],27.863,2.0,P02675,P02675;D6REL8,2,False,241,0.7172619047619048,0.28273809523809523,49,0.8448275862068966,25.833762770267935,25.73268019603688
555,.-18.011ESGPTTYK.,0.00011293386177220054,abundance,.-18.011ESGPTTYK.,.ESGPTTYK.,sp|P01871-2|IGHM_HUMAN;sp|P01871|IGHM_HUMAN;tr|A0A1B0GUU9|A0A1B0GUU9_HUMAN,"E-18,1[Glu->pyro-Glu]",E-18[Glu->pyro-Glu],1000.0,2.0,P01871,P01871;A0A1B0GUU9,2,False,315,0.9375,0.0625,52,0.896551724137931,24.015845479855667,23.987112087058016
556,.LGMFNIQHC+119.004K.,0.00011259172278971318,abundance,.LGMFNIQHC+119.004K.,.LGMFNIQHCK.,sp|P01009-2|A1AT_HUMAN;sp|P01009-3|A1AT_HUMAN;sp|P01009|A1AT_HUMAN;tr|A0A024R6I7|A0A024R6I7_HUMAN;tr|A0A0G2JRN3|A0A0G2JRN3_HUMAN,"C+119,9[Cysteinyl]",C+119[Cysteinyl],1000.0,2.0,P01009,P01009;A0A024R6I7;A0A0G2JRN3,3,False,301,0.8958333333333334,0.10416666666666667,52,0.896551724137931,26.213408986490997,26.191747657842747
557,.SLHTLF+15.995GDK.,0.00011246351167872692,abundance,.SLHTLF+15.995GDK.,.SLHTLFGDK.,sp|P02768-3|ALBU_HUMAN;sp|P02768|ALBU_HUMAN;tr|A0A087WWT3|A0A087WWT3_HUMAN;tr|A0A0C4DGB6|A0A0C4DGB6_HUMAN;tr|H7C013|H7C013_HUMAN,"F+16,6[Oxidation]",F+16[Oxidation],16.913,2.0,P02768,P02768;A0A087WWT3;A0A0C4DGB6;H7C013,4,False,271,0.8065476190476191,0.19345238095238096,47,0.8103448275862069,24.588257534246317,24.55559153575318
558,.IMQSSQSM+15.995SK.__missing,0.00011219567456456492,missingness,.IMQSSQSM+15.995SK,,,,,,,,,0,False,0,0.0,1.0,0,0.0,,
559,.EIVLTQSPGTLSL-14.016SPGER.,0.00011201382169210142,abundance,.EIVLTQSPGTLSL-14.016SPGER.,.EIVLTQSPGTLSLSPGER.,sp|P01619|KV301_HUMAN,"L-14,13[L->V/1]",L-14[L->V/1],1000.0,2.0,P01619,P01619,1,True,303,0.9017857142857143,0.09821428571428571,52,0.896551724137931,25.940310908437592,25.939752841710167
560,.EI+0.959VLTQSPGTLSLSPGER.,0.00011135214234117056,abundance,.EI+0.959VLTQSPGTLSLSPGER.,.EIVLTQSPGTLSLSPGER.,sp|P01619|KV301_HUMAN,"I+1,2[I->N/1]",I+1[I->N/1],29.852,3.0,P01619,P01619,1,True,187,0.5565476190476191,0.44345238095238093,37,0.6379310344827587,25.883272916359516,25.736110357488712
561,.AGVETTK+57.021PSK.,0.00011125953453568667,abundance,.AGVETTK+57.021PSK.,.AGVETTKPSK.,sp|B9A064|IGLL5_HUMAN;sp|P0CG04|IGLC1_HUMAN;tr|A0A0B4J231|A0A0B4J231_HUMAN,"K+57,7[Carbamidomethyl]",K+57[Carbamidomethyl],1000.0,2.0,B9A064,B9A064;P0CG04;A0A0B4J231,3,False,317,0.9434523809523809,0.05654761904761905,52,0.896551724137931,24.70445713753496,24.69936552054753
562,.LRTEGDGVYTLNNEK+57.021QWINK.__missing,0.00011113854996995321,missingness,.LRTEGDGVYTLNNEK+57.021QWINK,,,,,,,,,0,False,0,0.0,1.0,0,0.0,,
563,.LKC+47.985ASLQK.,0.00011098586256410972,abundance,.LKC+47.985ASLQK.,.LKCASLQK.,sp|P02768|ALBU_HUMAN;tr|A0A0C4DGB6|A0A0C4DGB6_HUMAN;tr|B7WNR0|B7WNR0_HUMAN;tr|D6RHD5|D6RHD5_HUMAN;tr|H0YA55|H0YA55_HUMAN,"C+48,3[Trioxidation]",C+48[Trioxidation],0.0,2.0,P02768,P02768;A0A0C4DGB6;B7WNR0;D6RHD5;H0YA55,5,False,275,0.8184523809523809,0.18154761904761904,46,0.7931034482758621,25.451068549843665,25.156327618848902
564,.VNVDE+21.982VGGEALGR.,0.00011079548867520097,abundance,.VNVDE+21.982VGGEALGR.,.VNVDEVGGEALGR.,sp|P68871|HBB_HUMAN;tr|A0A2R8Y7R2|A0A2R8Y7R2_HUMAN;tr|F8W6P5|F8W6P5_HUMAN,"E+22,5[Cation:Na]",E+22[Cation:Na],13.696,3.0,P68871,P68871;A0A2R8Y7R2;F8W6P5,3,False,208,0.6190476190476191,0.38095238095238093,37,0.6379310344827587,23.785111841427724,23.700215078326455
565,.LKEC+57.021C+57.021EKPLLE+37.956KSHC+31.990IAEVENDEMPADLPSLAADFVESK.,0.00011038754138272015,abundance,.LKEC+57.021C+57.021EKPLLE+37.956KSHC+31.990IAEVENDEMPADLPSLAADFVESK.,.LKECCEKPLLEKSHCIAEVENDEMPADLPSLAADFVESK.,sp|P02768-2|ALBU_HUMAN;sp|P02768|ALBU_HUMAN;tr|A0A0C4DGB6|A0A0C4DGB6_HUMAN;tr|B7WNR0|B7WNR0_HUMAN;tr|C9JKR2|C9JKR2_HUMAN;tr|D6RHD5|D6RHD5_HUMAN;tr|H0YA55|H0YA55_HUMAN,"E+38,11[Cation:K] & C+32,15[Dioxidation]",E+38[Cation:K],0.0,3.0,P02768,P02768;A0A0C4DGB6;B7WNR0;C9JKR2;D6RHD5;H0YA55,6,False,260,0.7738095238095238,0.2261904761904762,46,0.7931034482758621,29.35302405641281,29.016336841602214
566,.+12.000C+57.021KADDKETC+57.021FAEEGK.,0.00011019469495495813,abundance,.+12.000C+57.021KADDKETC+57.021FAEEGK.,.CKADDKETCFAEEGK.,sp|P02768-2|ALBU_HUMAN;sp|P02768-3|ALBU_HUMAN;sp|P02768|ALBU_HUMAN;tr|A0A087WWT3|A0A087WWT3_HUMAN;tr|B7WNR0|B7WNR0_HUMAN;tr|C9JKR2|C9JKR2_HUMAN;tr|D6RHD5|D6RHD5_HUMAN;tr|H0YA55|H0YA55_HUMAN,"X+12,1[Thiazolidine]",X+12[Thiazolidine],0.0,2.0,P02768,P02768;A0A087WWT3;B7WNR0;C9JKR2;D6RHD5;H0YA55,6,False,308,0.9166666666666666,0.08333333333333333,51,0.8793103448275862,24.822113931726744,24.74929550776327
567,.TGLQEVEVK+42.047.,0.00011006346920938583,abundance,.TGLQEVEVK+42.047.,.TGLQEVEVK.,sp|P01024|CO3_HUMAN,"Z+42,9[Propyl]",Z+42[Propyl],1000.0,2.0,P01024,P01024,1,True,290,0.8630952380952381,0.13690476190476192,48,0.8275862068965517,25.45285213199054,25.465475199870674
568,.AGVETTTP-10.021SK.,0.00010999622820082627,abundance,.AGVETTTP-10.021SK.,.AGVETTTPSK.,sp|P0DOY2|IGLC2_HUMAN;sp|P0DOY3|IGLC3_HUMAN,"P-10,8[P->S/1]",P-10[P->S/1],1000.0,2.0,P0DOY2,P0DOY2;P0DOY3,2,False,285,0.8482142857142857,0.15178571428571427,49,0.8448275862068966,23.86552826623918,23.871426905442473
569,.TM+15.995QALPYSTVGNSNNYLHLSVLR.,0.0001099043030720154,abundance,.TM+15.995QALPYSTVGNSNNYLHLSVLR.,.TMQALPYSTVGNSNNYLHLSVLR.,sp|P01024|CO3_HUMAN,"M+16,2[Oxidation]",M+16[Oxidation],99.934,3.0,P01024,P01024,1,True,314,0.9345238095238095,0.06547619047619048,52,0.896551724137931,26.43436959851268,26.38156695628927
570,.FSGSNSG+72.021NTATLTISR.,0.00010944687623371821,abundance,.FSGSNSG+72.021NTATLTISR.,.FSGSNSGNTATLTISR.,sp|A0A075B6K5|LV39_HUMAN;sp|P80748|LV302_HUMAN,"G+72,7[G->E/1]",G+72[G->E/1],30.544,2.0,A0A075B6K5,A0A075B6K5;P80748,2,False,251,0.7470238095238095,0.25297619047619047,46,0.7931034482758621,25.445311953918434,25.4191501547443
571,.VVAGVANAL+15.995AHK.,0.00010931065672963207,abundance,.VVAGVANAL+15.995AHK.,.VVAGVANALAHK.,sp|P02042|HBD_HUMAN;sp|P68871|HBB_HUMAN,"L+16,9[Oxidation]",L+16[Oxidation],1000.0,2.0,P02042,P02042;P68871,2,False,247,0.7351190476190477,0.2648809523809524,40,0.6896551724137931,25.057192107775776,24.670120522459833
572,.-18.011EAVEHLQK.,0.00010914852379308648,abundance,.-18.011EAVEHLQK.,.EAVEHLQK.,sp|P06727|APOA4_HUMAN,"E-18,1[Glu->pyro-Glu]",E-18[Glu->pyro-Glu],5.329,2.0,P06727,P06727,1,True,272,0.8095238095238095,0.19047619047619047,48,0.8275862068965517,27.54325711835977,27.47808810815258
573,.HQFLLTGD-18.011TQGR.,0.00010864816817724499,abundance,.HQFLLTGD-18.011TQGR.,.HQFLLTGDTQGR.,sp|P04217|A1BG_HUMAN;tr|M0R009|M0R009_HUMAN,"D-18,8[Dehydrated]",D-18[Dehydrated],30.474,3.0,P04217,P04217;M0R009,2,False,257,0.7648809523809523,0.23511904761904762,50,0.8620689655172413,24.519761492015274,24.468330128839302
574,.DVC+119.004DPGNTK.,0.00010741446041597398,abundance,.DVC+119.004DPGNTK.,.DVCDPGNTK.,sp|P02774-2|VTDB_HUMAN;sp|P02774-3|VTDB_HUMAN;sp|P02774|VTDB_HUMAN;tr|D6RBJ7|D6RBJ7_HUMAN;tr|D6RF35|D6RF35_HUMAN,"C+119,3[Cysteinyl]",C+119[Cysteinyl],10.408,2.0,P02774,P02774;D6RBJ7;D6RF35,3,False,214,0.6369047619047619,0.3630952380952381,39,0.6724137931034483,23.511713212006605,23.445032971421067
575,.VTSIQD-18.011W+15.995VQK.__missing,0.00010740831402659879,missingness,.VTSIQD-18.011W+15.995VQK,,,,,,,,,0,False,0,0.0,1.0,0,0.0,,
576,.HVIILM+15.995TDGLHNMGGDPITVIDEIR.,0.00010739209533218772,abundance,.HVIILM+15.995TDGLHNMGGDPITVIDEIR.,.HVIILMTDGLHNMGGDPITVIDEIR.,sp|P00751-2|CFAB_HUMAN;sp|P00751|CFAB_HUMAN;tr|A0A0G2JH38|A0A0G2JH38_HUMAN;tr|B4E1Z4|B4E1Z4_HUMAN;tr|E7ETN3|E7ETN3_HUMAN,"M+16,6[Oxidation]",M+16[Oxidation],66.42,3.0,P00751,P00751;A0A0G2JH38;B4E1Z4;E7ETN3,4,False,285,0.8482142857142857,0.15178571428571427,54,0.9310344827586207,25.43450377442983,25.54043823339852
577,.HQGVMVGM+15.995GQK.,0.00010735955414117831,abundance,.HQGVMVGM+15.995GQK.,.HQGVMVGMGQK.,sp|P60709|ACTB_HUMAN;sp|P62736|ACTA_HUMAN;sp|P63261|ACTG_HUMAN;sp|P63267|ACTH_HUMAN;sp|P68032|ACTC_HUMAN;sp|P68133|ACTS_HUMAN;sp|Q562R1|ACTBL_HUMAN;tr|A0A2R8Y793|A0A2R8Y793_HUMAN;tr|A0A2R8YGF8|A0A2R8YGF8_HUMAN;tr|A6NL76|A6NL76_HUMAN [further mapped to 15 additional proteins],"M+16,8[Oxidation]",M+16[Oxidation],20.526,2.0,P60709,P60709;P62736;P63261;P63267;P68032;P68133;Q562R1;A0A2R8Y793;A0A2R8YGF8;A6NL76,10,False,299,0.8898809523809523,0.11011904761904762,50,0.8620689655172413,23.819466650576707,23.73350223600012
578,.VGYVSGW+31.990GR.,0.00010706741066800998,abundance,.VGYVSGW+31.990GR.,.VGYVSGWGR.,sp|P00738-2|HPT_HUMAN;sp|P00738|HPT_HUMAN;tr|A0A087WU08|A0A087WU08_HUMAN;tr|A0A0C4DGL8|A0A0C4DGL8_HUMAN;tr|H0Y300|H0Y300_HUMAN;tr|H3BS21|H3BS21_HUMAN;tr|J3QLC9|J3QLC9_HUMAN;tr|J3QR68|J3QR68_HUMAN,"W+32,7[Dioxidation]",W+32[Dioxidation],1000.0,2.0,P00738,P00738;A0A087WU08;A0A0C4DGL8;H0Y300;H3BS21;J3QLC9;J3QR68,7,False,226,0.6726190476190477,0.3273809523809524,40,0.6896551724137931,26.153753504070185,26.007410819781526
579,.ELTPEVLQEWLDELEEM+15.995M+15.995LVVHMPR.,0.00010687758626258543,abundance,.ELTPEVLQEWLDELEEM+15.995M+15.995LVVHMPR.,.ELTPEVLQEWLDELEEMMLVVHMPR.,sp|P01008|ANT3_HUMAN,"M+16,17[Oxidation] & M+16,18[Oxidation]",M+16[Oxidation],77.639,3.0,P01008,P01008,1,True,249,0.7410714285714286,0.25892857142857145,44,0.7586206896551724,24.73461474081772,24.36233869280662
580,.EFNAETFTFHADIC+58.042TLSEKERQIK.,0.00010626252745840591,abundance,.EFNAETFTFHADIC+58.042TLSEKERQIK.,.EFNAETFTFHADICTLSEKERQIK.,sp|P02768-2|ALBU_HUMAN;sp|P02768-3|ALBU_HUMAN;sp|P02768|ALBU_HUMAN;tr|A0A087WWT3|A0A087WWT3_HUMAN;tr|A0A0C4DGB6|A0A0C4DGB6_HUMAN;tr|B7WNR0|B7WNR0_HUMAN;tr|C9JKR2|C9JKR2_HUMAN;tr|D6RHD5|D6RHD5_HUMAN;tr|H0YA55|H0YA55_HUMAN,"C+58,14[Delta:H(6)C(3)O(1)]",C+58[Delta:H(6)C(3)O(1)],0.0,3.0,P02768,P02768;A0A087WWT3;A0A0C4DGB6;B7WNR0;C9JKR2;D6RHD5;H0YA55,7,False,169,0.5029761904761905,0.49702380952380953,35,0.603448275862069,29.756967845150704,28.543241071815828
581,.SASNM+15.995AIVDVK.,0.00010558017918864652,abundance,.SASNM+15.995AIVDVK.,.SASNMAIVDVK.,sp|P01023|A2MG_HUMAN,"M+16,5[Oxidation]",M+16[Oxidation],19.071,2.0,P01023,P01023,1,True,307,0.9136904761904762,0.08630952380952381,51,0.8793103448275862,26.187305326201656,26.19379134295428
582,.HYEGSTVPEKK+42.047.,0.00010529321625967466,abundance,.HYEGSTVPEKK+42.047.,.HYEGSTVPEKK.,sp|P00738-2|HPT_HUMAN;sp|P00738|HPT_HUMAN;tr|A0A087WU08|A0A087WU08_HUMAN;tr|A0A0C4DGL8|A0A0C4DGL8_HUMAN;tr|H0Y300|H0Y300_HUMAN;tr|J3QLC9|J3QLC9_HUMAN;tr|J3QR68|J3QR68_HUMAN,"Z+42,11[Propyl]",Z+42[Propyl],27.322,2.0,P00738,P00738;A0A087WU08;A0A0C4DGL8;H0Y300;J3QLC9;J3QR68,6,False,281,0.8363095238095238,0.1636904761904762,45,0.7758620689655172,25.512558193470408,25.436689211771995
583,.FNWYVDGVE+57.021VHNAK.,0.00010503240407637668,abundance,.FNWYVDGVE+57.021VHNAK.,.FNWYVDGVEVHNAK.,sp|P01857|IGHG1_HUMAN;sp|P01859|IGHG2_HUMAN;sp|P01861|IGHG4_HUMAN;tr|A0A0A0MS08|A0A0A0MS08_HUMAN;tr|A0A286YEY4|A0A286YEY4_HUMAN;tr|A0A286YFJ8|A0A286YFJ8_HUMAN,"E+57,9[Carbamidomethyl]",E+57[Carbamidomethyl],25.321,3.0,P01857,P01857;P01859;P01861;A0A0A0MS08;A0A286YEY4;A0A286YFJ8,6,False,174,0.5178571428571429,0.48214285714285715,42,0.7241379310344828,27.45890004205503,27.33079849250545
584,.S-18.011SKLKE+21.982C+57.021C+57.021EKPLLEKSHC+57.021IAEVENDEMPADLPSLAADFVESK.,0.00010492226393855215,abundance,.S-18.011SKLKE+21.982C+57.021C+57.021EKPLLEKSHC+57.021IAEVENDEMPADLPSLAADFVESK.,.SSKLKECCEKPLLEKSHCIAEVENDEMPADLPSLAADFVESK.,sp|P02768-2|ALBU_HUMAN;sp|P02768|ALBU_HUMAN;tr|A0A0C4DGB6|A0A0C4DGB6_HUMAN;tr|B7WNR0|B7WNR0_HUMAN;tr|C9JKR2|C9JKR2_HUMAN;tr|D6RHD5|D6RHD5_HUMAN;tr|H0YA55|H0YA55_HUMAN,"S-18,1[Dehydrated] & E+22,6[Cation:Na]",S-18[Dehydrated],0.0,4.0,P02768,P02768;A0A0C4DGB6;B7WNR0;C9JKR2;D6RHD5;H0YA55,6,False,226,0.6726190476190477,0.3273809523809524,44,0.7586206896551724,26.83317776780705,26.739904684648245
585,.TDTSHHDQDHPTFN+0.984K.,0.00010423485528132469,abundance,.TDTSHHDQDHPTFN+0.984K.,.TDTSHHDQDHPTFNK.,sp|P01009-2|A1AT_HUMAN;sp|P01009-3|A1AT_HUMAN;sp|P01009|A1AT_HUMAN;tr|A0A024R6I7|A0A024R6I7_HUMAN;tr|A0A0B4J278|A0A0B4J278_HUMAN;tr|A0A0G2JRN3|A0A0G2JRN3_HUMAN;tr|G3V387|G3V387_HUMAN;tr|G3V544|G3V544_HUMAN;tr|G3V5R8|G3V5R8_HUMAN,"N+1,14[Deamidated]",N+1[Deamidated],1000.0,2.0,P01009,P01009;A0A024R6I7;A0A0B4J278;A0A0G2JRN3;G3V387;G3V544;G3V5R8,7,False,323,0.9613095238095238,0.03869047619047619,54,0.9310344827586207,28.116420362894402,27.849039504741608
586,.AGTELVNFLSYFVE+21.982LGTQPATQ.__missing,0.00010284404290278108,missingness,.AGTELVNFLSYFVE+21.982LGTQPATQ,,,,,,,,,0,False,0,0.0,1.0,0,0.0,,
587,.HRHPDEAAFFDTASTGK+42.047.,0.00010253428090959325,abundance,.HRHPDEAAFFDTASTGK+42.047.,.HRHPDEAAFFDTASTGK.,sp|P02671-2|FIBA_HUMAN;sp|P02671|FIBA_HUMAN,"Z+42,17[Propyl]",Z+42[Propyl],43.251,3.0,P02671,P02671,1,True,268,0.7976190476190477,0.20238095238095238,44,0.7586206896551724,25.936023503290393,25.851519680996944
588,.LREQLGPVTQ+0.984EFWDNLEK.,0.00010234635918532378,abundance,.LREQLGPVTQ+0.984EFWDNLEK.,.LREQLGPVTQEFWDNLEK.,sp|P02647|APOA1_HUMAN;tr|F8W696|F8W696_HUMAN,"Q+1,10[Deamidated]",Q+1[Deamidated],1000.0,2.0,P02647,P02647;F8W696,2,False,293,0.8720238095238095,0.12797619047619047,50,0.8620689655172413,26.718574329314475,26.46557677677936
589,.AFK+43.006AWAVAR.,0.00010224874036245793,abundance,.AFK+43.006AWAVAR.,.AFKAWAVAR.,sp|P02768|ALBU_HUMAN;tr|A0A0C4DGB6|A0A0C4DGB6_HUMAN;tr|B7WNR0|B7WNR0_HUMAN;tr|D6RHD5|D6RHD5_HUMAN;tr|H0YA55|H0YA55_HUMAN,"K+43,3[Carbamyl]",K+43[Carbamyl],9.946,2.0,P02768,P02768;A0A0C4DGB6;B7WNR0;D6RHD5;H0YA55,5,False,277,0.8244047619047619,0.17559523809523808,51,0.8793103448275862,26.310617635083023,26.35193532697929
590,.DIVMTQSPDSLA+30.011VSLGER.__missing,0.00010106779676938872,missingness,.DIVMTQSPDSLA+30.011VSLGER,,,,,,,,,0,False,0,0.0,1.0,0,0.0,,
591,.TAAQNLYEK+42.047.,0.00010091409248702584,abundance,.TAAQNLYEK+42.047.,.TAAQNLYEK.,sp|P02655|APOC2_HUMAN;tr|A0A024R0T9|A0A024R0T9_HUMAN;tr|K7ER74|K7ER74_HUMAN;tr|Q6P163|Q6P163_HUMAN,"Z+42,9[Propyl]",Z+42[Propyl],1000.0,2.0,P02655,P02655;A0A024R0T9;K7ER74;Q6P163,4,False,189,0.5625,0.4375,33,0.5689655172413793,26.680197516612225,26.52450136262172
592,.ATG+58.005IPDRFSGSGSGTDFTLTISR.,0.00010074567346724624,abundance,.ATG+58.005IPDRFSGSGSGTDFTLTISR.,.ATGIPDRFSGSGSGTDFTLTISR.,sp|A0A0C4DH25|KVD20_HUMAN;sp|P01619|KV301_HUMAN,"G+58,3[G->D/1]",G+58[G->D/1],78.448,3.0,A0A0C4DH25,A0A0C4DH25;P01619,2,False,228,0.6785714285714286,0.32142857142857145,44,0.7586206896551724,25.883289997753295,25.744003138866436
593,.DIQM+15.995TQSPSTLSASVGDR.,0.00010008101361151174,abundance,.DIQM+15.995TQSPSTLSASVGDR.,.DIQMTQSPSTLSASVGDR.,sp|P01613|KV121_HUMAN,"M+16,4[Oxidation]",M+16[Oxidation],37.267,2.0,P01613,P01613,1,True,280,0.8333333333333334,0.16666666666666666,48,0.8275862068965517,25.929835417415646,25.8388321367219
594,.LTIGEGQQHH+57.021LGGAK.,0.00010006966860384055,abundance,.LTIGEGQQHH+57.021LGGAK.,.LTIGEGQQHHLGGAK.,sp|P02679-2|FIBG_HUMAN;sp|P02679|FIBG_HUMAN;tr|C9JC84|C9JC84_HUMAN;tr|C9JEU5|C9JEU5_HUMAN,"H+57,10[Carbamidomethyl]",H+57[Carbamidomethyl],1000.0,2.0,P02679,P02679;C9JC84;C9JEU5,3,False,303,0.9017857142857143,0.09821428571428571,54,0.9310344827586207,25.810814844438408,25.755381881796314
595,.YIC+57.021EN+0.984QDSISSK.,9.981529189716547e-05,abundance,.YIC+57.021EN+0.984QDSISSK.,.YICENQDSISSK.,sp|P02768-2|ALBU_HUMAN;sp|P02768|ALBU_HUMAN;tr|A0A0C4DGB6|A0A0C4DGB6_HUMAN;tr|B7WNR0|B7WNR0_HUMAN;tr|C9JKR2|C9JKR2_HUMAN;tr|D6RHD5|D6RHD5_HUMAN;tr|H0YA55|H0YA55_HUMAN,"N+1,5[Deamidated]",N+1[Deamidated],1000.0,2.0,P02768,P02768;A0A0C4DGB6;B7WNR0;C9JKR2;D6RHD5;H0YA55,6,False,251,0.7470238095238095,0.25297619047619047,45,0.7758620689655172,24.342564247351856,24.589542964080177
596,.LDEL+15.995R+42.011DEGK.__missing,9.976824570859857e-05,missingness,.LDEL+15.995R+42.011DEGK,,,,,,,,,0,False,0,0.0,1.0,0,0.0,,
597,.LTYAYFAGGDAGD+37.956AFDGFDFGDDPSDK.__missing,9.974918439519673e-05,missingness,.LTYAYFAGGDAGD+37.956AFDGFDFGDDPSDK,,,,,,,,,0,False,0,0.0,1.0,0,0.0,,
598,.HYEGSTVPE+57.021K.,9.910350140216549e-05,abundance,.HYEGSTVPE+57.021K.,.HYEGSTVPEK.,sp|P00738-2|HPT_HUMAN;sp|P00738|HPT_HUMAN;tr|A0A087WU08|A0A087WU08_HUMAN;tr|A0A0C4DGL8|A0A0C4DGL8_HUMAN;tr|H0Y300|H0Y300_HUMAN;tr|H3BS21|H3BS21_HUMAN;tr|J3QLC9|J3QLC9_HUMAN;tr|J3QR68|J3QR68_HUMAN,"E+57,9[Carbamidomethyl]",E+57[Carbamidomethyl],1000.0,2.0,P00738,P00738;A0A087WU08;A0A0C4DGL8;H0Y300;H3BS21;J3QLC9;J3QR68,7,False,252,0.75,0.25,52,0.896551724137931,24.194694918918234,24.153022799927243
599,.QYRN+0.984GESVKLHLETDSLALVALGALDTALYAAGSK.,9.89361048188929e-05,abundance,.QYRN+0.984GESVKLHLETDSLALVALGALDTALYAAGSK.,.QYRNGESVKLHLETDSLALVALGALDTALYAAGSK.,sp|P0C0L4-2|CO4A_HUMAN;sp|P0C0L4|CO4A_HUMAN;sp|P0C0L5|CO4B_HUMAN;tr|A0A0G2JL54|A0A0G2JL54_HUMAN;tr|A0A0G2JPR0|A0A0G2JPR0_HUMAN;tr|A0A140TA29|A0A140TA29_HUMAN;tr|A0A140TA32|A0A140TA32_HUMAN;tr|A0A140TA44|A0A140TA44_HUMAN;tr|A0A140TA49|A0A140TA49_HUMAN;tr|A0A3B3ISA6|A0A3B3ISA6_HUMAN [further mapped to 1 additional proteins],"N+1,4[Deamidated]",N+1[Deamidated],0.0,4.0,P0C0L4,P0C0L4;P0C0L5;A0A0G2JL54;A0A0G2JPR0;A0A140TA29;A0A140TA32;A0A140TA44;A0A140TA49;A0A3B3ISA6,9,False,292,0.8690476190476191,0.13095238095238096,49,0.8448275862068966,25.324057207374594,25.21619933906945
600,.ADDKETC+57.021F+31.990AEEGKK.,9.869211709083586e-05,abundance,.ADDKETC+57.021F+31.990AEEGKK.,.ADDKETCFAEEGKK.,sp|P02768-2|ALBU_HUMAN;sp|P02768-3|ALBU_HUMAN;sp|P02768|ALBU_HUMAN;tr|A0A087WWT3|A0A087WWT3_HUMAN;tr|B7WNR0|B7WNR0_HUMAN;tr|C9JKR2|C9JKR2_HUMAN;tr|D6RHD5|D6RHD5_HUMAN;tr|H0YA55|H0YA55_HUMAN,"F+32,8[Dioxidation]",F+32[Dioxidation],1000.0,2.0,P02768,P02768;A0A087WWT3;B7WNR0;C9JKR2;D6RHD5;H0YA55,6,False,286,0.8511904761904762,0.1488095238095238,50,0.8620689655172413,24.745056512480858,24.83906674735222
601,.PEVQFNWYVDGM+15.995EVHNAK.,9.863781506896288e-05,abundance,.PEVQFNWYVDGM+15.995EVHNAK.,.PEVQFNWYVDGMEVHNAK.,tr|Q6MZU6|Q6MZU6_HUMAN,"M+16,12[Oxidation]",M+16[Oxidation],0.0,3.0,Q6MZU6,Q6MZU6,1,True,225,0.6696428571428571,0.33035714285714285,40,0.6896551724137931,25.423714983825825,25.297333592912977
602,.K+57.021QELSEAEQATR.__missing,9.821553238039772e-05,missingness,.K+57.021QELSEAEQATR,,,,,,,,,0,False,0,0.0,1.0,0,0.0,,
603,.RP+15.995C+57.021F+15.995SALEVDETYVPK.,9.769876018301632e-05,abundance,.RP+15.995C+57.021F+15.995SALEVDETYVPK.,.RPCFSALEVDETYVPK.,sp|P02768-2|ALBU_HUMAN;sp|P02768-3|ALBU_HUMAN;sp|P02768|ALBU_HUMAN;tr|A0A087WWT3|A0A087WWT3_HUMAN;tr|A0A0C4DGB6|A0A0C4DGB6_HUMAN;tr|B7WNR0|B7WNR0_HUMAN;tr|C9JKR2|C9JKR2_HUMAN;tr|D6RHD5|D6RHD5_HUMAN;tr|H0YA55|H0YA55_HUMAN,"P+16,2[Oxidation] & F+16,4[Oxidation]",P+16[Oxidation],1000.0,2.0,P02768,P02768;A0A087WWT3;A0A0C4DGB6;B7WNR0;C9JKR2;D6RHD5;H0YA55,7,False,177,0.5267857142857143,0.4732142857142857,46,0.7931034482758621,28.77126577238892,28.641678175825064
604,.-17.027QVQLLESGGGLVKPGGSLR.__missing,9.754088577652444e-05,missingness,.-17.027QVQLLESGGGLVKPGGSLR,,,,,,,,,0,False,0,0.0,1.0,0,0.0,,
605,.DTEEEDFH+57.021VDQVTTVK.,9.754047289324379e-05,abundance,.DTEEEDFH+57.021VDQVTTVK.,.DTEEEDFHVDQVTTVK.,sp|P01009-2|A1AT_HUMAN;sp|P01009-3|A1AT_HUMAN;sp|P01009|A1AT_HUMAN,"H+57,8[Carbamidomethyl]",H+57[Carbamidomethyl],1000.0,2.0,P01009,P01009,1,True,190,0.5654761904761905,0.43452380952380953,40,0.6896551724137931,25.24596971380118,25.157450775999095
606,.RHP+15.995Y+15.995FYAPELLFFAK.,9.710151479383071e-05,abundance,.RHP+15.995Y+15.995FYAPELLFFAK.,.RHPYFYAPELLFFAK.,sp|P02768|ALBU_HUMAN;tr|A0A0C4DGB6|A0A0C4DGB6_HUMAN;tr|B7WNR0|B7WNR0_HUMAN;tr|D6RHD5|D6RHD5_HUMAN;tr|H0YA55|H0YA55_HUMAN;tr|H7C013|H7C013_HUMAN,"P+16,3[Oxidation] & Y+16,4[Oxidation]",P+16[Oxidation],1000.0,3.0,P02768,P02768;A0A0C4DGB6;B7WNR0;D6RHD5;H0YA55;H7C013,6,False,309,0.9196428571428571,0.08035714285714286,49,0.8448275862068966,24.377654908561038,24.35397374143563
607,.VFDEFKPLVEE+57.021PQNLIK.__missing,9.658815723701909e-05,missingness,.VFDEFKPLVEE+57.021PQNLIK,,,,,,,,,0,False,0,0.0,1.0,0,0.0,,
608,.QTALVELVK+42.047.__missing,9.656986363731308e-05,missingness,.QTALVELVK+42.047,,,,,,,,,0,False,0,0.0,1.0,0,0.0,,
609,.DVM+15.995QGTDEHVVC+57.021K.__missing,9.608847210257413e-05,missingness,.DVM+15.995QGTDEHVVC+57.021K,,,,,,,,,0,False,0,0.0,1.0,0,0.0,,
610,.FKDLGEENFK+42.047.,9.5309061294514e-05,abundance,.FKDLGEENFK+42.047.,.FKDLGEENFK.,sp|P02768-2|ALBU_HUMAN;sp|P02768-3|ALBU_HUMAN;sp|P02768|ALBU_HUMAN;tr|A0A087WWT3|A0A087WWT3_HUMAN;tr|A0A0C4DGB6|A0A0C4DGB6_HUMAN;tr|B7WNR0|B7WNR0_HUMAN;tr|C9JKR2|C9JKR2_HUMAN;tr|H7C013|H7C013_HUMAN,"Z+42,10[Propyl]",Z+42[Propyl],1000.0,2.0,P02768,P02768;A0A087WWT3;A0A0C4DGB6;B7WNR0;C9JKR2;H7C013,6,False,265,0.7886904761904762,0.2113095238095238,46,0.7931034482758621,26.496960109925833,26.375754986006502
611,.ENFLFLTPDC+15.995KSLWNGDTGECTDNAYIDIQLR.,9.528021281193157e-05,abundance,.ENFLFLTPDC+15.995KSLWNGDTGECTDNAYIDIQLR.,.ENFLFLTPDCKSLWNGDTGECTDNAYIDIQLR.,sp|P01042-2|KNG1_HUMAN;sp|P01042|KNG1_HUMAN,"C+16,10[Oxidation] & C+0,21[De-Carbamidomethyl]",C+16[Oxidation],0.0,3.0,P01042,P01042,1,True,315,0.9375,0.0625,51,0.8793103448275862,26.684580243969613,26.607801602527207
612,.EDLIWELLNQAQEH+57.021FGK.,9.450283975466358e-05,abundance,.EDLIWELLNQAQEH+57.021FGK.,.EDLIWELLNQAQEHFGK.,sp|P02787|TRFE_HUMAN,"H+57,14[Carbamidomethyl]",H+57[Carbamidomethyl],67.129,3.0,P02787,P02787,1,True,230,0.6845238095238095,0.31547619047619047,50,0.8620689655172413,25.166536042147918,24.944526302990575
613,.LHIM+15.995AGR.,9.38711711037895e-05,abundance,.LHIM+15.995AGR.,.LHIMAGR.,sp|P02790|HEMO_HUMAN;sp|Q5T013-2|HYI_HUMAN;sp|Q5T013-3|HYI_HUMAN;sp|Q5T013-4|HYI_HUMAN;sp|Q5T013|HYI_HUMAN;tr|A0A0A0MTR5|A0A0A0MTR5_HUMAN;tr|E7EWH8|E7EWH8_HUMAN;tr|F6UJY1|F6UJY1_HUMAN;tr|F6UJY9|F6UJY9_HUMAN;tr|H0YB18|H0YB18_HUMAN [further mapped to 2 additional proteins],"M+16,4[Oxidation]",M+16[Oxidation],4.742,2.0,P02790,P02790;Q5T013;A0A0A0MTR5;E7EWH8;F6UJY1;F6UJY9;H0YB18,7,False,327,0.9732142857142857,0.026785714285714284,55,0.9482758620689655,28.638799993081726,28.628147883300976
614,.TEGDGVYTLN+0.984NEK.,9.37942200664683e-05,abundance,.TEGDGVYTLN+0.984NEK.,.TEGDGVYTLNNEK.,sp|P00738-2|HPT_HUMAN;sp|P00738|HPT_HUMAN;tr|H3BMJ7|H3BMJ7_HUMAN;tr|H3BS21|H3BS21_HUMAN;tr|J3KRH2|J3KRH2_HUMAN;tr|J3KSV1|J3KSV1_HUMAN;tr|J3QLC9|J3QLC9_HUMAN;tr|J3QQI8|J3QQI8_HUMAN,"N+1,10[Deamidated]",N+1[Deamidated],1000.0,2.0,P00738,P00738;H3BMJ7;H3BS21;J3KRH2;J3KSV1;J3QLC9;J3QQI8,7,False,281,0.8363095238095238,0.1636904761904762,50,0.8620689655172413,26.824930780088046,26.702757295495374
615,.SMGGKEDLIWELLNQAQEHFGK+57.021.,9.32694794194868e-05,abundance,.SMGGKEDLIWELLNQAQEHFGK+57.021.,.SMGGKEDLIWELLNQAQEHFGK.,sp|P02787|TRFE_HUMAN,"K+57,22[Carbamidomethyl]",K+57[Carbamidomethyl],67.301,3.0,P02787,P02787,1,True,318,0.9464285714285714,0.05357142857142857,52,0.896551724137931,26.858342426749573,26.862866087684168
616,.IHLISTQSAIPYALRVELEDWN-17.027GR.,9.25632058950665e-05,abundance,.IHLISTQSAIPYALRVELEDWN-17.027GR.,.IHLISTQSAIPYALRVELEDWNGR.,sp|P02679-2|FIBG_HUMAN;sp|P02679|FIBG_HUMAN;tr|C9JC84|C9JC84_HUMAN;tr|C9JEU5|C9JEU5_HUMAN,"N-17,22[Ammonia-loss]",N-17[Ammonia-loss],41.303,3.0,P02679,P02679;C9JC84;C9JEU5,3,False,247,0.7351190476190477,0.2648809523809524,41,0.7068965517241379,24.86979474175663,24.719533699845933
617,.QLYNVEATSYALLALLQLK+42.047.,9.122531521567731e-05,abundance,.QLYNVEATSYALLALLQLK+42.047.,.QLYNVEATSYALLALLQLK.,sp|P01024|CO3_HUMAN,"Z+42,19[Propyl]",Z+42[Propyl],1000.0,2.0,P01024,P01024,1,True,231,0.6875,0.3125,43,0.7413793103448276,21.339981536014143,21.11157522532182
618,.TTPPMLDSD+37.947GSFFLYSK.,9.118877080533983e-05,abundance,.TTPPMLDSD+37.947GSFFLYSK.,.TTPPMLDSDGSFFLYSK.,sp|P01859|IGHG2_HUMAN;sp|P01860|IGHG3_HUMAN;tr|A0A286YES1|A0A286YES1_HUMAN;tr|A0A286YEY4|A0A286YEY4_HUMAN,"D+38,9[Cation:Ca[II]]",D+38[Cation:Ca[II]],19.258,4.0,P01859,P01859;P01860;A0A286YES1;A0A286YEY4,4,False,218,0.6488095238095238,0.35119047619047616,48,0.8275862068965517,24.184368964605312,24.06163796103587
619,.VDNALQSGNSQESVTEQDSK+57.021DSTYSLSSTLTLSK.,9.112904894036042e-05,abundance,.VDNALQSGNSQESVTEQDSK+57.021DSTYSLSSTLTLSK.,.VDNALQSGNSQESVTEQDSKDSTYSLSSTLTLSK.,sp|P01834|IGKC_HUMAN,"K+57,20[Carbamidomethyl]",K+57[Carbamidomethyl],158.629,3.0,P01834,P01834,1,True,179,0.5327380952380952,0.46726190476190477,38,0.6551724137931034,26.427039892215408,26.304684916422698
620,.ATLVC+119.004LISDFYPGAVTVAWK.,9.096987299055108e-05,abundance,.ATLVC+119.004LISDFYPGAVTVAWK.,.ATLVCLISDFYPGAVTVAWK.,sp|B9A064|IGLL5_HUMAN;sp|P0CG04|IGLC1_HUMAN;sp|P0DOY2|IGLC2_HUMAN;sp|P0DOY3|IGLC3_HUMAN;tr|A0A0B4J231|A0A0B4J231_HUMAN,"C+119,5[Cysteinyl]",C+119[Cysteinyl],1000.0,2.0,B9A064,B9A064;P0CG04;P0DOY2;P0DOY3;A0A0B4J231,5,False,228,0.6785714285714286,0.32142857142857145,43,0.7413793103448276,24.609138630956846,24.244800213118644
621,.+12.000VFDEFKPLVEEPQNLIK.,8.955474443208785e-05,abundance,.+12.000VFDEFKPLVEEPQNLIK.,.VFDEFKPLVEEPQNLIK.,sp|P02768-2|ALBU_HUMAN;sp|P02768-3|ALBU_HUMAN;sp|P02768|ALBU_HUMAN;tr|A0A087WWT3|A0A087WWT3_HUMAN;tr|A0A0C4DGB6|A0A0C4DGB6_HUMAN;tr|B7WNR0|B7WNR0_HUMAN;tr|C9JKR2|C9JKR2_HUMAN;tr|D6RHD5|D6RHD5_HUMAN;tr|H0YA55|H0YA55_HUMAN,"X+12,1[Thiazolidine]",X+12[Thiazolidine],32.399,2.0,P02768,P02768;A0A087WWT3;A0A0C4DGB6;B7WNR0;C9JKR2;D6RHD5;H0YA55,7,False,316,0.9404761904761905,0.05952380952380952,52,0.896551724137931,25.376665988444223,25.34746753060647
622,.-17.027QPFVQGLALYTPVVLPR.,8.883936891558071e-05,abundance,.-17.027QPFVQGLALYTPVVLPR.,.QPFVQGLALYTPVVLPR.,sp|P01019|ANGT_HUMAN,"Q-17,1[Gln->pyro-Glu]",Q-17[Gln->pyro-Glu],40.952,2.0,P01019,P01019,1,True,290,0.8630952380952381,0.13690476190476192,53,0.9137931034482759,23.086439324215036,23.26999464198609
623,.DAHK+58.005SEVAHR.,8.816187343677492e-05,abundance,.DAHK+58.005SEVAHR.,.DAHKSEVAHR.,sp|P02768-2|ALBU_HUMAN;sp|P02768-3|ALBU_HUMAN;sp|P02768|ALBU_HUMAN;tr|A0A087WWT3|A0A087WWT3_HUMAN;tr|A0A0C4DGB6|A0A0C4DGB6_HUMAN;tr|B7WNR0|B7WNR0_HUMAN;tr|C9JKR2|C9JKR2_HUMAN;tr|H7C013|H7C013_HUMAN,"K+58,4[Carboxymethyl]",K+58[Carboxymethyl],22.565,3.0,P02768,P02768;A0A087WWT3;A0A0C4DGB6;B7WNR0;C9JKR2;H7C013,6,False,281,0.8363095238095238,0.1636904761904762,48,0.8275862068965517,23.832573000225658,23.84680507567699
624,.HPYFY+15.995APELLFFAK.,8.804567543417884e-05,abundance,.HPYFY+15.995APELLFFAK.,.HPYFYAPELLFFAK.,sp|P02768|ALBU_HUMAN;tr|A0A0C4DGB6|A0A0C4DGB6_HUMAN;tr|B7WNR0|B7WNR0_HUMAN;tr|D6RHD5|D6RHD5_HUMAN;tr|H0YA55|H0YA55_HUMAN;tr|H7C013|H7C013_HUMAN,"Y+16,5[Oxidation]",Y+16[Oxidation],1000.0,2.0,P02768,P02768;A0A0C4DGB6;B7WNR0;D6RHD5;H0YA55;H7C013,6,False,201,0.5982142857142857,0.4017857142857143,43,0.7413793103448276,24.4630124153042,24.476770060269335
625,.TFPGFFSPMLGE+37.956FVSETESR.,8.792052750194295e-05,abundance,.TFPGFFSPMLGE+37.956FVSETESR.,.TFPGFFSPMLGEFVSETESR.,sp|P02671-2|FIBA_HUMAN;sp|P02671|FIBA_HUMAN,"E+38,12[Cation:K]",E+38[Cation:K],46.29,4.0,P02671,P02671,1,True,218,0.6488095238095238,0.35119047619047616,44,0.7586206896551724,24.647768412532926,24.483418722947956
626,.H+57.021YEGSTVPEK.,8.772689468218754e-05,abundance,.H+57.021YEGSTVPEK.,.HYEGSTVPEK.,sp|P00738-2|HPT_HUMAN;sp|P00738|HPT_HUMAN;tr|A0A087WU08|A0A087WU08_HUMAN;tr|A0A0C4DGL8|A0A0C4DGL8_HUMAN;tr|H0Y300|H0Y300_HUMAN;tr|H3BS21|H3BS21_HUMAN;tr|J3QLC9|J3QLC9_HUMAN;tr|J3QR68|J3QR68_HUMAN,"H+57,1[Carbamidomethyl]",H+57[Carbamidomethyl],1000.0,2.0,P00738,P00738;A0A087WU08;A0A0C4DGL8;H0Y300;H3BS21;J3QLC9;J3QR68,7,False,322,0.9583333333333334,0.041666666666666664,55,0.9482758620689655,26.33651203760492,26.12384499822879
627,.M-48.003ADEAGSEADHEGTHSTK.,8.755093261408248e-05,abundance,.M-48.003ADEAGSEADHEGTHSTK.,.MADEAGSEADHEGTHSTK.,sp|P02671-2|FIBA_HUMAN;sp|P02671|FIBA_HUMAN,"M-48,1[Dethiomethyl]",M-48[Dethiomethyl],35.651,4.0,P02671,P02671,1,True,317,0.9434523809523809,0.05654761904761905,52,0.896551724137931,26.68922748331911,26.632891887414416
628,.LMIY-15.995DVSK.__missing,8.74835734154205e-05,missingness,.LMIY-15.995DVSK,,,,,,,,,0,False,0,0.0,1.0,0,0.0,,
629,.VSFLSALEE+57.021YTK.,8.705112880314216e-05,abundance,.VSFLSALEE+57.021YTK.,.VSFLSALEEYTK.,sp|P02647|APOA1_HUMAN;tr|F8W696|F8W696_HUMAN,"E+57,9[Carbamidomethyl]",E+57[Carbamidomethyl],23.606,2.0,P02647,P02647;F8W696,2,False,188,0.5595238095238095,0.44047619047619047,39,0.6724137931034483,25.766762258467843,25.831191337097554
630,.-17.027QEDERIVLVDNK.__missing,8.704121792782667e-05,missingness,.-17.027QEDERIVLVDNK,,,,,,,,,0,False,0,0.0,1.0,0,0.0,,
631,.EPQVYTLPPSREEMTK+42.047.,8.698803994373719e-05,abundance,.EPQVYTLPPSREEMTK+42.047.,.EPQVYTLPPSREEMTK.,sp|P01859|IGHG2_HUMAN;sp|P01860|IGHG3_HUMAN;tr|A0A286YES1|A0A286YES1_HUMAN;tr|A0A286YEY4|A0A286YEY4_HUMAN,"Z+42,16[Propyl]",Z+42[Propyl],1000.0,2.0,P01859,P01859;P01860;A0A286YES1;A0A286YEY4,4,False,257,0.7648809523809523,0.23511904761904762,50,0.8620689655172413,24.77620529610627,24.988387499805746
632,.TSESGELHGLTTEEEFVEGIYKVEIDTK+42.047.,8.626204426236952e-05,abundance,.TSESGELHGLTTEEEFVEGIYKVEIDTK+42.047.,.TSESGELHGLTTEEEFVEGIYKVEIDTK.,sp|P02766|TTHY_HUMAN;tr|A0A087WT59|A0A087WT59_HUMAN;tr|A0A087WV45|A0A087WV45_HUMAN,"Z+42,28[Propyl]",Z+42[Propyl],1000.0,4.0,P02766,P02766;A0A087WT59;A0A087WV45,3,False,261,0.7767857142857143,0.22321428571428573,46,0.7931034482758621,25.658767495969915,25.44487412346702
633,.+57.021VVSVLTVLHQDWLNGK.,8.625933248485145e-05,abundance,.+57.021VVSVLTVLHQDWLNGK.,.VVSVLTVLHQDWLNGK.,sp|P01857|IGHG1_HUMAN;sp|P01860|IGHG3_HUMAN;sp|P01861|IGHG4_HUMAN;tr|A0A0A0MS08|A0A0A0MS08_HUMAN;tr|A0A286YES1|A0A286YES1_HUMAN;tr|A0A286YFJ8|A0A286YFJ8_HUMAN,"X+57,1[Carbamidomethyl]",X+57[Carbamidomethyl],1000.0,3.0,P01857,P01857;P01860;P01861;A0A0A0MS08;A0A286YES1;A0A286YFJ8,6,False,183,0.5446428571428571,0.45535714285714285,37,0.6379310344827587,22.88966883104742,22.827080769651204
634,.RHPYFYAPELLFFAK+57.021R.,8.602002398193684e-05,abundance,.RHPYFYAPELLFFAK+57.021R.,.RHPYFYAPELLFFAKR.,sp|P02768|ALBU_HUMAN;tr|A0A0C4DGB6|A0A0C4DGB6_HUMAN;tr|B7WNR0|B7WNR0_HUMAN;tr|D6RHD5|D6RHD5_HUMAN;tr|H0YA55|H0YA55_HUMAN;tr|H7C013|H7C013_HUMAN,"K+57,15[Carbamidomethyl]",K+57[Carbamidomethyl],1000.0,4.0,P02768,P02768;A0A0C4DGB6;B7WNR0;D6RHD5;H0YA55;H7C013,6,False,209,0.6220238095238095,0.37797619047619047,37,0.6379310344827587,24.103335837676482,23.985428797067897
635,.H+57.021PYFYAPELLFFAK.,8.595981214237559e-05,abundance,.H+57.021PYFYAPELLFFAK.,.HPYFYAPELLFFAK.,sp|P02768|ALBU_HUMAN;tr|A0A0C4DGB6|A0A0C4DGB6_HUMAN;tr|B7WNR0|B7WNR0_HUMAN;tr|D6RHD5|D6RHD5_HUMAN;tr|H0YA55|H0YA55_HUMAN;tr|H7C013|H7C013_HUMAN,"H+57,1[Carbamidomethyl]",H+57[Carbamidomethyl],29.78,2.0,P02768,P02768;A0A0C4DGB6;B7WNR0;D6RHD5;H0YA55;H7C013,6,False,317,0.9434523809523809,0.05654761904761905,52,0.896551724137931,25.35508287308202,25.231669970901994
636,.IMN-17.027GEADAMSLDGGFVYIAGK.__missing,8.593329955595074e-05,missingness,.IMN-17.027GEADAMSLDGGFVYIAGK,,,,,,,,,0,False,0,0.0,1.0,0,0.0,,
637,.APVGHFYEPQAPSAEVEM+15.995TSYVLLAYLTAQPAPTSEDLTSATNIVK.,8.503967033801532e-05,abundance,.APVGHFYEPQAPSAEVEM+15.995TSYVLLAYLTAQPAPTSEDLTSATNIVK.,.APVGHFYEPQAPSAEVEMTSYVLLAYLTAQPAPTSEDLTSATNIVK.,sp|P01023|A2MG_HUMAN,"M+16,18[Oxidation]",M+16[Oxidation],153.583,4.0,P01023,P01023,1,True,205,0.6101190476190477,0.3898809523809524,38,0.6551724137931034,26.308842741770206,26.180483397366213
638,.LDELRDEGK+136.029ASSAK.,8.499282195502568e-05,abundance,.LDELRDEGK+136.029ASSAK.,.LDELRDEGKASSAK.,sp|P02768|ALBU_HUMAN;tr|A0A0C4DGB6|A0A0C4DGB6_HUMAN;tr|B7WNR0|B7WNR0_HUMAN;tr|D6RHD5|D6RHD5_HUMAN;tr|H0YA55|H0YA55_HUMAN,"K+136,9[Diethylphosphate]",K+136[Diethylphosphate],1000.0,3.0,P02768,P02768;A0A0C4DGB6;B7WNR0;D6RHD5;H0YA55,5,False,223,0.6636904761904762,0.33630952380952384,41,0.7068965517241379,24.893238196452312,24.729193597885928
639,.DVC-33.988KNYAEAKDVFLGMFLYEYAR.,8.483717120448176e-05,abundance,.DVC-33.988KNYAEAKDVFLGMFLYEYAR.,.DVCKNYAEAKDVFLGMFLYEYAR.,sp|P02768-2|ALBU_HUMAN;sp|P02768|ALBU_HUMAN;tr|A0A0C4DGB6|A0A0C4DGB6_HUMAN;tr|B7WNR0|B7WNR0_HUMAN;tr|C9JKR2|C9JKR2_HUMAN;tr|D6RHD5|D6RHD5_HUMAN;tr|H0YA55|H0YA55_HUMAN,"C-34,3[Cys->Dha]",C-34[Cys->Dha],0.0,2.0,P02768,P02768;A0A0C4DGB6;B7WNR0;C9JKR2;D6RHD5;H0YA55,6,False,287,0.8541666666666666,0.14583333333333334,50,0.8620689655172413,26.209850748856905,25.91231352468058
640,.EDLIWELLNQAQEHFGK+57.021.,8.478797867017852e-05,abundance,.EDLIWELLNQAQEHFGK+57.021.,.EDLIWELLNQAQEHFGK.,sp|P02787|TRFE_HUMAN,"K+57,17[Carbamidomethyl]",K+57[Carbamidomethyl],66.346,3.0,P02787,P02787,1,True,185,0.5505952380952381,0.4494047619047619,42,0.7241379310344828,24.919541184232422,24.709560214942304
641,.VSM+15.995MQTK.,8.439416785387685e-05,abundance,.VSM+15.995MQTK.,.VSMMQTK.,sp|P05546|HEP2_HUMAN,"M+16,3[Oxidation]",M+16[Oxidation],7.786,2.0,P05546,P05546,1,True,314,0.9345238095238095,0.06547619047619048,52,0.896551724137931,24.71048694603855,24.54993416166494
642,.H+57.021TFMGVVSLGSPSGEVSHPR.,8.434346900320673e-05,abundance,.H+57.021TFMGVVSLGSPSGEVSHPR.,.HTFMGVVSLGSPSGEVSHPR.,sp|P02765|FETUA_HUMAN;tr|C9JV77|C9JV77_HUMAN,"H+57,1[Carbamidomethyl]",H+57[Carbamidomethyl],41.171,2.0,P02765,P02765;C9JV77,2,False,326,0.9702380952380952,0.02976190476190476,55,0.9482758620689655,25.68889737274975,25.718659136194745
643,.SMGGKEDLIWELLNQAQEHFGK+57.021DK.,8.410902143474831e-05,abundance,.SMGGKEDLIWELLNQAQEHFGK+57.021DK.,.SMGGKEDLIWELLNQAQEHFGKDK.,sp|P02787|TRFE_HUMAN,"K+57,22[Carbamidomethyl]",K+57[Carbamidomethyl],1000.0,4.0,P02787,P02787,1,True,301,0.8958333333333334,0.10416666666666667,51,0.8793103448275862,25.491902167878155,25.326712604570105
644,.WC+119.004AVSEHEATK.,8.394445348896881e-05,abundance,.WC+119.004AVSEHEATK.,.WCAVSEHEATK.,sp|P02787|TRFE_HUMAN;tr|F8WC57|F8WC57_HUMAN;tr|F8WCI6|F8WCI6_HUMAN;tr|F8WEK9|F8WEK9_HUMAN,"C+119,2[Cysteinyl]",C+119[Cysteinyl],1000.0,2.0,P02787,P02787;F8WC57;F8WCI6;F8WEK9,4,False,289,0.8601190476190477,0.13988095238095238,48,0.8275862068965517,24.16375154612499,24.25842043614192
645,.TFPGF+15.995FSPMLGEFVSETESR.,8.382054677806554e-05,abundance,.TFPGF+15.995FSPMLGEFVSETESR.,.TFPGFFSPMLGEFVSETESR.,sp|P02671-2|FIBA_HUMAN;sp|P02671|FIBA_HUMAN,"F+16,5[Oxidation]",F+16[Oxidation],1000.0,2.0,P02671,P02671,1,True,241,0.7172619047619048,0.28273809523809523,47,0.8103448275862069,28.207367167964463,27.68335488356519
646,.-17.027QWAGLVEK.,8.337074202432158e-05,abundance,.-17.027QWAGLVEK.,.QWAGLVEK.,sp|P02649|APOE_HUMAN,"Q-17,1[Gln->pyro-Glu]",Q-17[Gln->pyro-Glu],1000.0,2.0,P02649,P02649,1,True,253,0.7529761904761905,0.24702380952380953,49,0.8448275862068966,23.557559875381525,23.389716214524068
647,.VDSGNDVTDIADDGC+57.021P+31.990KPPEIAHGYVEHSVR.,8.331129330988439e-05,abundance,.VDSGNDVTDIADDGC+57.021P+31.990KPPEIAHGYVEHSVR.,.VDSGNDVTDIADDGCPKPPEIAHGYVEHSVR.,sp|P00738-2|HPT_HUMAN;sp|P00738|HPT_HUMAN;tr|A0A0C4DGL8|A0A0C4DGL8_HUMAN;tr|H0Y300|H0Y300_HUMAN;tr|H3BMJ7|H3BMJ7_HUMAN;tr|H3BS21|H3BS21_HUMAN;tr|J3KRH2|J3KRH2_HUMAN;tr|J3KSV1|J3KSV1_HUMAN;tr|J3QLC9|J3QLC9_HUMAN;tr|J3QQI8|J3QQI8_HUMAN [further mapped to 1 additional proteins],"P+32,16[Dioxidation]",P+32[Dioxidation],81.667,3.0,P00738,P00738;A0A0C4DGL8;H0Y300;H3BMJ7;H3BS21;J3KRH2;J3KSV1;J3QLC9;J3QQI8,9,False,230,0.6845238095238095,0.31547619047619047,45,0.7758620689655172,26.08051136351084,26.098429466144886
648,.VSFLSALEE+57.021YTK.__missing,8.308841295974747e-05,missingness,.VSFLSALEE+57.021YTK,,,,,,,,,0,False,0,0.0,1.0,0,0.0,,
649,.EGFGHLSPTGTTEFW+3.995LGNEK.,8.24869262760515e-05,abundance,.EGFGHLSPTGTTEFW+3.995LGNEK.,.EGFGHLSPTGTTEFWLGNEK.,sp|P02679-2|FIBG_HUMAN;sp|P02679|FIBG_HUMAN;tr|C9JC84|C9JC84_HUMAN;tr|C9JEU5|C9JEU5_HUMAN,"W+4,15[Trp->Kynurenin]",W+4[Trp->Kynurenin],1000.0,2.0,P02679,P02679;C9JC84;C9JEU5,3,False,307,0.9136904761904762,0.08630952380952381,50,0.8620689655172413,26.346355265830194,26.19322766379116
650,.-17.027QLGLPGPPDVPDHAAYHPFR.,8.2392916499091e-05,abundance,.-17.027QLGLPGPPDVPDHAAYHPFR.,.QLGLPGPPDVPDHAAYHPFR.,sp|Q14624-2|ITIH4_HUMAN;sp|Q14624-3|ITIH4_HUMAN;sp|Q14624-4|ITIH4_HUMAN;sp|Q14624|ITIH4_HUMAN;tr|B7ZKJ8|B7ZKJ8_HUMAN;tr|H7C0L5|H7C0L5_HUMAN,"Q-17,1[Gln->pyro-Glu]",Q-17[Gln->pyro-Glu],27.933,2.0,Q14624,Q14624;B7ZKJ8;H7C0L5,3,False,327,0.9732142857142857,0.026785714285714284,55,0.9482758620689655,27.757036219436312,27.841646432316153
651,.DAHK+27.995SEVAHR.,8.204983974325619e-05,abundance,.DAHK+27.995SEVAHR.,.DAHKSEVAHR.,sp|P02768-2|ALBU_HUMAN;sp|P02768-3|ALBU_HUMAN;sp|P02768|ALBU_HUMAN;tr|A0A087WWT3|A0A087WWT3_HUMAN;tr|A0A0C4DGB6|A0A0C4DGB6_HUMAN;tr|B7WNR0|B7WNR0_HUMAN;tr|C9JKR2|C9JKR2_HUMAN;tr|H7C013|H7C013_HUMAN,"K+28,4[Formyl]",K+28[Formyl],22.695,3.0,P02768,P02768;A0A087WWT3;A0A0C4DGB6;B7WNR0;C9JKR2;H7C013,6,False,266,0.7916666666666666,0.20833333333333334,46,0.7931034482758621,25.41037028782351,25.318170438212523
652,.AGVE+57.021TTTPSK.,8.204114889106106e-05,abundance,.AGVE+57.021TTTPSK.,.AGVETTTPSK.,sp|P0DOY2|IGLC2_HUMAN;sp|P0DOY3|IGLC3_HUMAN,"E+57,4[Carbamidomethyl]",E+57[Carbamidomethyl],1000.0,2.0,P0DOY2,P0DOY2;P0DOY3,2,False,183,0.5446428571428571,0.45535714285714285,46,0.7931034482758621,27.17773910160783,26.887038644073336
653,.LDELR+72.021DEGK.,8.182950507120454e-05,abundance,.LDELR+72.021DEGK.,.LDELRDEGK.,sp|P02768|ALBU_HUMAN;tr|A0A0C4DGB6|A0A0C4DGB6_HUMAN;tr|B7WNR0|B7WNR0_HUMAN;tr|D6RHD5|D6RHD5_HUMAN;tr|H0YA55|H0YA55_HUMAN,"R+72,5[Dihydroxyimidazolidine]",R+72[Dihydroxyimidazolidine],1000.0,2.0,P02768,P02768;A0A0C4DGB6;B7WNR0;D6RHD5;H0YA55,5,False,285,0.8482142857142857,0.15178571428571427,44,0.7586206896551724,24.46973421626536,24.40798115620796
654,.SGVQM+15.995NTNFFHESGLEAHVALK.,8.182675916956123e-05,abundance,.SGVQM+15.995NTNFFHESGLEAHVALK.,.SGVQMNTNFFHESGLEAHVALK.,sp|P04114|APOB_HUMAN,"M+16,5[Oxidation]",M+16[Oxidation],32.225,2.0,P04114,P04114,1,True,327,0.9732142857142857,0.026785714285714284,55,0.9482758620689655,27.84439953808031,27.681368306853003
655,.C+24.995TESLVNR.__missing,8.1705806874884e-05,missingness,.C+24.995TESLVNR,,,,,,,,,0,False,0,0.0,1.0,0,0.0,,
656,.S-30.011HC+119.004IAEVENDEMPADLPSLAADFVESK.__missing,8.099819267949222e-05,missingness,.S-30.011HC+119.004IAEVENDEMPADLPSLAADFVESK,,,,,,,,,0,False,0,0.0,1.0,0,0.0,,
657,.DYNLND+21.982ILLQLGIEEAFTSK.__missing,8.05391607859896e-05,missingness,.DYNLND+21.982ILLQLGIEEAFTSK,,,,,,,,,0,False,0,0.0,1.0,0,0.0,,
658,.DAHK+42.011SEVAHR.,8.043293041753575e-05,abundance,.DAHK+42.011SEVAHR.,.DAHKSEVAHR.,sp|P02768-2|ALBU_HUMAN;sp|P02768-3|ALBU_HUMAN;sp|P02768|ALBU_HUMAN;tr|A0A087WWT3|A0A087WWT3_HUMAN;tr|A0A0C4DGB6|A0A0C4DGB6_HUMAN;tr|B7WNR0|B7WNR0_HUMAN;tr|C9JKR2|C9JKR2_HUMAN;tr|H7C013|H7C013_HUMAN,"K+42,4[Acetyl]",K+42[Acetyl],19.029,3.0,P02768,P02768;A0A087WWT3;A0A0C4DGB6;B7WNR0;C9JKR2;H7C013,6,False,297,0.8839285714285714,0.11607142857142858,46,0.7931034482758621,23.865424431426874,23.868038166390875
659,.EGDC+119.004PVQSGK.,8.02795370444651e-05,abundance,.EGDC+119.004PVQSGK.,.EGDCPVQSGK.,sp|P01042-2|KNG1_HUMAN;sp|P01042-3|KNG1_HUMAN;sp|P01042|KNG1_HUMAN,"C+119,4[Cysteinyl]",C+119[Cysteinyl],1000.0,2.0,P01042,P01042,1,True,199,0.5922619047619048,0.40773809523809523,40,0.6896551724137931,22.848771155746167,22.59963188506443
660,.DMYSFLEDMGLK+42.047.,7.970318530398679e-05,abundance,.DMYSFLEDMGLK+42.047.,.DMYSFLEDMGLK.,sp|P01023|A2MG_HUMAN,"Z+42,12[Propyl]",Z+42[Propyl],1000.0,2.0,P01023,P01023,1,True,296,0.8809523809523809,0.11904761904761904,49,0.8448275862068966,25.101597326584688,24.939092537419363
661,.DIVMTQSPLSLPVTPGEPASISC-33.988R.__missing,7.946699985173246e-05,missingness,.DIVMTQSPLSLPVTPGEPASISC-33.988R,,,,,,,,,0,False,0,0.0,1.0,0,0.0,,
662,.TDTSH+57.021HDQDHPTFNK.,7.871925303643994e-05,abundance,.TDTSH+57.021HDQDHPTFNK.,.TDTSHHDQDHPTFNK.,sp|P01009-2|A1AT_HUMAN;sp|P01009-3|A1AT_HUMAN;sp|P01009|A1AT_HUMAN;tr|A0A024R6I7|A0A024R6I7_HUMAN;tr|A0A0B4J278|A0A0B4J278_HUMAN;tr|A0A0G2JRN3|A0A0G2JRN3_HUMAN;tr|G3V387|G3V387_HUMAN;tr|G3V544|G3V544_HUMAN;tr|G3V5R8|G3V5R8_HUMAN,"H+57,5[Carbamidomethyl]",H+57[Carbamidomethyl],1000.0,3.0,P01009,P01009;A0A024R6I7;A0A0B4J278;A0A0G2JRN3;G3V387;G3V544;G3V5R8,7,False,262,0.7797619047619048,0.22023809523809523,52,0.896551724137931,28.63693573417075,28.371295354001905
663,.ATLVC+47.985LISDFYPGAVTVAWK.,7.840342751922175e-05,abundance,.ATLVC+47.985LISDFYPGAVTVAWK.,.ATLVCLISDFYPGAVTVAWK.,sp|B9A064|IGLL5_HUMAN;sp|P0CG04|IGLC1_HUMAN;sp|P0DOY2|IGLC2_HUMAN;sp|P0DOY3|IGLC3_HUMAN;tr|A0A0B4J231|A0A0B4J231_HUMAN,"C+48,5[Trioxidation]",C+48[Trioxidation],19.12,2.0,B9A064,B9A064;P0CG04;P0DOY2;P0DOY3;A0A0B4J231,5,False,240,0.7142857142857143,0.2857142857142857,44,0.7586206896551724,21.659133224584423,21.456078093947927
664,.HRHPDEAAFFD-18.011TASTGK.,7.74864618992016e-05,abundance,.HRHPDEAAFFD-18.011TASTGK.,.HRHPDEAAFFDTASTGK.,sp|P02671-2|FIBA_HUMAN;sp|P02671|FIBA_HUMAN,"D-18,11[Dehydrated]",D-18[Dehydrated],31.421,3.0,P02671,P02671,1,True,197,0.5863095238095238,0.41369047619047616,46,0.7931034482758621,26.593631615752212,26.17407396831136
665,.YTLPPSREEM+15.995TK.,7.680781342600518e-05,abundance,.YTLPPSREEM+15.995TK.,.YTLPPSREEMTK.,sp|P01859|IGHG2_HUMAN;sp|P01860|IGHG3_HUMAN;tr|A0A286YES1|A0A286YES1_HUMAN;tr|A0A286YEY4|A0A286YEY4_HUMAN,"M+16,10[Oxidation]",M+16[Oxidation],2.577,2.0,P01859,P01859;P01860;A0A286YES1;A0A286YEY4,4,False,222,0.6607142857142857,0.3392857142857143,51,0.8793103448275862,29.59056637143034,27.688879667644077
666,.PLLEKS+13.032HC+119.004IAEVENDEMPADLPSLAADFVESK.,7.675090479029464e-05,abundance,.PLLEKS+13.032HC+119.004IAEVENDEMPADLPSLAADFVESK.,.PLLEKSHCIAEVENDEMPADLPSLAADFVESK.,sp|P02768-2|ALBU_HUMAN;sp|P02768|ALBU_HUMAN;tr|A0A0C4DGB6|A0A0C4DGB6_HUMAN;tr|B7WNR0|B7WNR0_HUMAN;tr|C9JKR2|C9JKR2_HUMAN;tr|D6RHD5|D6RHD5_HUMAN;tr|H0YA55|H0YA55_HUMAN,"S+13,6[Methylamine] & C+119,8[Cysteinyl]",S+13[Methylamine],30.281,3.0,P02768,P02768;A0A0C4DGB6;B7WNR0;C9JKR2;D6RHD5;H0YA55,6,False,179,0.5327380952380952,0.46726190476190477,46,0.7931034482758621,29.089824798135513,28.98207255607449
667,.LGMFNIQHC+47.985K.,7.672376546872794e-05,abundance,.LGMFNIQHC+47.985K.,.LGMFNIQHCK.,sp|P01009-2|A1AT_HUMAN;sp|P01009-3|A1AT_HUMAN;sp|P01009|A1AT_HUMAN;tr|A0A024R6I7|A0A024R6I7_HUMAN;tr|A0A0G2JRN3|A0A0G2JRN3_HUMAN,"C+48,9[Trioxidation]",C+48[Trioxidation],1000.0,2.0,P01009,P01009;A0A024R6I7;A0A0G2JRN3,3,False,310,0.9226190476190477,0.07738095238095238,51,0.8793103448275862,26.68790365926722,26.74416101842237
668,.ITC-33.988QGDSLR.,7.611999133697907e-05,abundance,.ITC-33.988QGDSLR.,.ITCQGDSLR.,sp|P01714|LV319_HUMAN,"C-34,3[Cys->Dha]",C-34[Cys->Dha],10.88,2.0,P01714,P01714,1,True,318,0.9464285714285714,0.05357142857142857,52,0.896551724137931,25.170162677301118,25.128530656908563
669,.FQNALL+15.995VR.__missing,7.580290723164563e-05,missingness,.FQNALL+15.995VR,,,,,,,,,0,False,0,0.0,1.0,0,0.0,,
670,.-17.027QKVSVNER.__missing,7.545749720160337e-05,missingness,.-17.027QKVSVNER,,,,,,,,,0,False,0,0.0,1.0,0,0.0,,
671,.VTSIQDWVQK+42.047.,7.54315767852301e-05,abundance,.VTSIQDWVQK+42.047.,.VTSIQDWVQK.,sp|P00738-2|HPT_HUMAN;sp|P00738|HPT_HUMAN;tr|A0A087WU08|A0A087WU08_HUMAN;tr|A0A0C4DGL8|A0A0C4DGL8_HUMAN;tr|H0Y300|H0Y300_HUMAN;tr|J3QLC9|J3QLC9_HUMAN;tr|J3QR68|J3QR68_HUMAN,"Z+42,10[Propyl]",Z+42[Propyl],1000.0,2.0,P00738,P00738;A0A087WU08;A0A0C4DGL8;H0Y300;J3QLC9;J3QR68,6,False,301,0.8958333333333334,0.10416666666666667,50,0.8620689655172413,25.92528821269435,25.840213738786982
672,.HYLM+15.995WGLSSDFWGEKPNLSYIIGK.,7.542593794547995e-05,abundance,.HYLM+15.995WGLSSDFWGEKPNLSYIIGK.,.HYLMWGLSSDFWGEKPNLSYIIGK.,sp|P01024|CO3_HUMAN,"M+16,4[Oxidation]",M+16[Oxidation],57.038,3.0,P01024,P01024,1,True,272,0.8095238095238095,0.19047619047619047,46,0.7931034482758621,24.94683178600291,24.84877821551416
673,.L-14.016LIYGASSR.__missing,7.531486390203527e-05,missingness,.L-14.016LIYGASSR,,,,,,,,,0,False,0,0.0,1.0,0,0.0,,
674,.MRPSTDTITVMVEN+0.984SHGLR.,7.526136950652166e-05,abundance,.MRPSTDTITVMVEN+0.984SHGLR.,.MRPSTDTITVMVENSHGLR.,sp|P0C0L4-2|CO4A_HUMAN;sp|P0C0L4|CO4A_HUMAN;sp|P0C0L5|CO4B_HUMAN;tr|A0A0G2JL54|A0A0G2JL54_HUMAN;tr|A0A0G2JPR0|A0A0G2JPR0_HUMAN;tr|A0A140TA29|A0A140TA29_HUMAN;tr|A0A140TA32|A0A140TA32_HUMAN;tr|A0A140TA44|A0A140TA44_HUMAN;tr|A0A140TA49|A0A140TA49_HUMAN;tr|F5GXS0|F5GXS0_HUMAN,"N+1,14[Deamidated]",N+1[Deamidated],1000.0,3.0,P0C0L4,P0C0L4;P0C0L5;A0A0G2JL54;A0A0G2JPR0;A0A140TA29;A0A140TA32;A0A140TA44;A0A140TA49;F5GXS0,9,False,311,0.9255952380952381,0.0744047619047619,52,0.896551724137931,25.239334048323936,25.249149850257997
675,.EPC+119.004VESLVSQYFQTVTDYGK.,7.521914750785717e-05,abundance,.EPC+119.004VESLVSQYFQTVTDYGK.,.EPCVESLVSQYFQTVTDYGK.,sp|P02652|APOA2_HUMAN;tr|V9GYC1|V9GYC1_HUMAN;tr|V9GYG9|V9GYG9_HUMAN;tr|V9GYM3|V9GYM3_HUMAN;tr|V9GYS1|V9GYS1_HUMAN,"C+119,3[Cysteinyl]",C+119[Cysteinyl],51.61,2.0,P02652,P02652;V9GYC1;V9GYG9;V9GYM3;V9GYS1,5,False,318,0.9464285714285714,0.05357142857142857,52,0.896551724137931,27.647545978486384,27.56568984531294
676,.ADLFYDVE+37.956ALDLESPK.__missing,7.485154390322296e-05,missingness,.ADLFYDVE+37.956ALDLESPK,,,,,,,,,0,False,0,0.0,1.0,0,0.0,,
677,.KDKEAC-33.988VHK.,7.451676929645479e-05,abundance,.KDKEAC-33.988VHK.,.KDKEACVHK.,sp|P02787|TRFE_HUMAN,"C-34,6[Cys->Dha]",C-34[Cys->Dha],0.0,2.0,P02787,P02787,1,True,226,0.6726190476190477,0.3273809523809524,44,0.7586206896551724,23.27939986628681,23.23809301830436
678,.TDTSHHDQDHPTF+15.995NK.,7.417980463344464e-05,abundance,.TDTSHHDQDHPTF+15.995NK.,.TDTSHHDQDHPTFNK.,sp|P01009-2|A1AT_HUMAN;sp|P01009-3|A1AT_HUMAN;sp|P01009|A1AT_HUMAN;tr|A0A024R6I7|A0A024R6I7_HUMAN;tr|A0A0B4J278|A0A0B4J278_HUMAN;tr|A0A0G2JRN3|A0A0G2JRN3_HUMAN;tr|G3V387|G3V387_HUMAN;tr|G3V544|G3V544_HUMAN;tr|G3V5R8|G3V5R8_HUMAN,"F+16,13[Oxidation]",F+16[Oxidation],1000.0,3.0,P01009,P01009;A0A024R6I7;A0A0B4J278;A0A0G2JRN3;G3V387;G3V544;G3V5R8,7,False,242,0.7202380952380952,0.27976190476190477,46,0.7931034482758621,23.099067813584398,23.05388966452209
679,.YLQEIYNSNNQK+42.047.,7.415239960298314e-05,abundance,.YLQEIYNSNNQK+42.047.,.YLQEIYNSNNQK.,sp|P02679-2|FIBG_HUMAN;sp|P02679|FIBG_HUMAN;tr|C9JC84|C9JC84_HUMAN;tr|C9JEU5|C9JEU5_HUMAN;tr|C9JPQ9|C9JPQ9_HUMAN;tr|C9JU00|C9JU00_HUMAN,"Z+42,12[Propyl]",Z+42[Propyl],1000.0,2.0,P02679,P02679;C9JC84;C9JEU5;C9JPQ9;C9JU00,5,False,224,0.6666666666666666,0.3333333333333333,48,0.8275862068965517,26.647231363524174,26.58307388884192
680,.ADGESC-33.988SASMMYQEGK.,7.401281113750887e-05,abundance,.ADGESC-33.988SASMMYQEGK.,.ADGESCSASMMYQEGK.,sp|P01008|ANT3_HUMAN,"C-34,6[Cys->Dha]",C-34[Cys->Dha],18.296,2.0,P01008,P01008,1,True,279,0.8303571428571429,0.16964285714285715,44,0.7586206896551724,23.827888862416938,23.75743392079123
681,.MRPSTDTITVMVEN+0.984SHGLR.__missing,7.374229627967675e-05,missingness,.MRPSTDTITVMVEN+0.984SHGLR,,,,,,,,,0,False,0,0.0,1.0,0,0.0,,
682,.DTLM+15.995ISR.,7.373410319577741e-05,abundance,.DTLM+15.995ISR.,.DTLMISR.,sp|P01857|IGHG1_HUMAN;sp|P01859|IGHG2_HUMAN;sp|P01860|IGHG3_HUMAN;sp|P01861|IGHG4_HUMAN;tr|A0A0A0MS07|A0A0A0MS07_HUMAN;tr|A0A0A0MS08|A0A0A0MS08_HUMAN;tr|A0A286YES1|A0A286YES1_HUMAN;tr|A0A286YEY4|A0A286YEY4_HUMAN;tr|A0A286YFJ8|A0A286YFJ8_HUMAN,"M+16,4[Oxidation]",M+16[Oxidation],6.505,2.0,P01857,P01857;P01859;P01860;P01861;A0A0A0MS07;A0A0A0MS08;A0A286YES1;A0A286YEY4;A0A286YFJ8,9,False,321,0.9553571428571429,0.044642857142857144,53,0.9137931034482759,33.20686376842936,33.13610781055314
683,.DYNLND+37.956ILLQLGIEEAFTSK.,7.366751153316553e-05,abundance,.DYNLND+37.956ILLQLGIEEAFTSK.,.DYNLNDILLQLGIEEAFTSK.,sp|P01011|AACT_HUMAN;tr|G3V3A0|G3V3A0_HUMAN,"D+38,6[Cation:K]",D+38[Cation:K],41.373,3.0,P01011,P01011;G3V3A0,2,False,287,0.8541666666666666,0.14583333333333334,50,0.8620689655172413,23.45722404977093,23.257800909244885
684,.TLNQPDSQLQLTTGN+0.984GLFLSEGLK.,7.35579435028767e-05,abundance,.TLNQPDSQLQLTTGN+0.984GLFLSEGLK.,.TLNQPDSQLQLTTGNGLFLSEGLK.,sp|P01009-2|A1AT_HUMAN;sp|P01009-3|A1AT_HUMAN;sp|P01009|A1AT_HUMAN;tr|A0A024R6I7|A0A024R6I7_HUMAN;tr|A0A0G2JRN3|A0A0G2JRN3_HUMAN;tr|G3V2B9|G3V2B9_HUMAN;tr|G3V544|G3V544_HUMAN,"N+1,15[Deamidated]",N+1[Deamidated],1000.0,2.0,P01009,P01009;A0A024R6I7;A0A0G2JRN3;G3V2B9;G3V544,5,False,318,0.9464285714285714,0.05357142857142857,52,0.896551724137931,29.939077977777707,29.763283593737995
685,.NSLFE+57.021YQK.,7.322796943336275e-05,abundance,.NSLFE+57.021YQK.,.NSLFEYQK.,sp|P02671-2|FIBA_HUMAN;sp|P02671|FIBA_HUMAN;tr|A0A087WUA0|A0A087WUA0_HUMAN,"E+57,5[Carbamidomethyl]",E+57[Carbamidomethyl],1000.0,2.0,P02671,P02671;A0A087WUA0,2,False,229,0.6815476190476191,0.31845238095238093,44,0.7586206896551724,25.274549916265613,25.16441912104028
686,.LQHLENELTH+57.021DIITK.,7.297486548997314e-05,abundance,.LQHLENELTH+57.021DIITK.,.LQHLENELTHDIITK.,sp|P01009-2|A1AT_HUMAN;sp|P01009-3|A1AT_HUMAN;sp|P01009|A1AT_HUMAN;tr|A0A024R6I7|A0A024R6I7_HUMAN;tr|A0A0G2JRN3|A0A0G2JRN3_HUMAN,"H+57,10[Carbamidomethyl]",H+57[Carbamidomethyl],1000.0,2.0,P01009,P01009;A0A024R6I7;A0A0G2JRN3,3,False,318,0.9464285714285714,0.05357142857142857,52,0.896551724137931,27.54756871702736,27.514627648732578
687,.VT-14.016MSVDTSK.,7.292924933267166e-05,abundance,.VT-14.016MSVDTSK.,.VTMSVDTSK.,sp|A0A0C4DH34|HV428_HUMAN,"T-14,2[T->S/1]",T-14[T->S/1],1000.0,2.0,A0A0C4DH34,A0A0C4DH34,1,True,265,0.7886904761904762,0.2113095238095238,42,0.7241379310344828,25.268316116066345,25.224716166365678
688,.QGLLPVLESFK+28.006VSFLSALEEYTK.,7.292332609920137e-05,abundance,.QGLLPVLESFK+28.006VSFLSALEEYTK.,.QGLLPVLESFKVSFLSALEEYTK.,sp|P02647|APOA1_HUMAN;tr|F8W696|F8W696_HUMAN,"K+28,11[K->R/1]",K+28[K->R/1],56.487,3.0,P02647,P02647;F8W696,2,False,264,0.7857142857142857,0.21428571428571427,47,0.8103448275862069,25.709060576074627,24.954993286877055
689,.FQVDN+0.984NNR.,7.286678567189776e-05,abundance,.FQVDN+0.984NNR.,.FQVDNNNR.,sp|P01023|A2MG_HUMAN,"N+1,5[Deamidated]",N+1[Deamidated],1000.0,2.0,P01023,P01023,1,True,248,0.7380952380952381,0.2619047619047619,44,0.7586206896551724,25.527151739436967,25.54658250275112
690,.ALMDETM+15.995K.,7.28588296110643e-05,abundance,.ALMDETM+15.995K.,.ALMDETMK.,sp|P02649|APOE_HUMAN;tr|E7ERP7|E7ERP7_HUMAN;tr|E9PEV4|E9PEV4_HUMAN;tr|H0Y7L5|H0Y7L5_HUMAN,"M+16,7[Oxidation]",M+16[Oxidation],7.036,2.0,P02649,P02649;E7ERP7;E9PEV4;H0Y7L5,4,False,318,0.9464285714285714,0.05357142857142857,52,0.896551724137931,25.80483315127418,25.76003444948604
691,.ELDRDTVFALVNYIFFK+42.047.,7.280692466959504e-05,abundance,.ELDRDTVFALVNYIFFK+42.047.,.ELDRDTVFALVNYIFFK.,sp|P01009-2|A1AT_HUMAN;sp|P01009-3|A1AT_HUMAN;sp|P01009|A1AT_HUMAN;tr|A0A024R6I7|A0A024R6I7_HUMAN;tr|A0A0G2JRN3|A0A0G2JRN3_HUMAN,"Z+42,17[Propyl]",Z+42[Propyl],1000.0,2.0,P01009,P01009;A0A024R6I7;A0A0G2JRN3,3,False,251,0.7470238095238095,0.25297619047619047,49,0.8448275862068966,23.73293419694694,23.734951666376524
692,.LHDNQN+0.984GWSGDSAPVELILSDETLPAPEFSPEPESGR.,7.26277224062845e-05,abundance,.LHDNQN+0.984GWSGDSAPVELILSDETLPAPEFSPEPESGR.,.LHDNQNGWSGDSAPVELILSDETLPAPEFSPEPESGR.,sp|P04217-2|A1BG_HUMAN;sp|P04217|A1BG_HUMAN;tr|M0R009|M0R009_HUMAN,"N+1,6[Deamidated]",N+1[Deamidated],1000.0,4.0,P04217,P04217;M0R009,2,False,299,0.8898809523809523,0.11011904761904762,51,0.8793103448275862,27.055601972325665,26.924450392626497
693,.DVFLGMFLYE+57.021YAR.,7.257168437891365e-05,abundance,.DVFLGMFLYE+57.021YAR.,.DVFLGMFLYEYAR.,sp|P02768-2|ALBU_HUMAN;sp|P02768|ALBU_HUMAN;tr|A0A0C4DGB6|A0A0C4DGB6_HUMAN;tr|B7WNR0|B7WNR0_HUMAN;tr|C9JKR2|C9JKR2_HUMAN;tr|D6RHD5|D6RHD5_HUMAN;tr|H0YA55|H0YA55_HUMAN,"E+57,10[Carbamidomethyl]",E+57[Carbamidomethyl],1000.0,2.0,P02768,P02768;A0A0C4DGB6;B7WNR0;C9JKR2;D6RHD5;H0YA55,6,False,317,0.9434523809523809,0.05654761904761905,52,0.896551724137931,24.359543413524367,24.24614756268543
694,.PLGEEM+15.995RDR.,7.238941663857206e-05,abundance,.PLGEEM+15.995RDR.,.PLGEEMRDR.,sp|P02647|APOA1_HUMAN;tr|F8W696|F8W696_HUMAN,"M+16,6[Oxidation]",M+16[Oxidation],11.233,3.0,P02647,P02647;F8W696,2,False,234,0.6964285714285714,0.30357142857142855,43,0.7413793103448276,25.397775830046385,25.41244454076797
695,.SVPM+15.995VPPGIK.,7.216679462291368e-05,abundance,.SVPM+15.995VPPGIK.,.SVPMVPPGIK.,sp|P51884|LUM_HUMAN,"M+16,4[Oxidation]",M+16[Oxidation],8.469,2.0,P51884,P51884,1,True,268,0.7976190476190477,0.20238095238095238,51,0.8793103448275862,25.638212848769555,25.999730923063566
696,.TNVK+57.021AAWGK.,7.176592182146633e-05,abundance,.TNVK+57.021AAWGK.,.TNVKAAWGK.,sp|P69905|HBA_HUMAN,"K+57,4[Carbamidomethyl]",K+57[Carbamidomethyl],0.0,2.0,P69905,P69905,1,True,168,0.5,0.5,35,0.603448275862069,23.379215844811565,23.253981844720744
697,.LSITGTY+15.995DLK.__missing,7.151045615022593e-05,missingness,.LSITGTY+15.995DLK,,,,,,,,,0,False,0,0.0,1.0,0,0.0,,
698,.-17.027QKVEPLR.,7.136246977779192e-05,abundance,.-17.027QKVEPLR.,.QKVEPLR.,sp|P02647|APOA1_HUMAN;tr|F8W696|F8W696_HUMAN,"Q-17,1[Gln->pyro-Glu]",Q-17[Gln->pyro-Glu],4.635,2.0,P02647,P02647;F8W696,2,False,318,0.9464285714285714,0.05357142857142857,52,0.896551724137931,26.88652123691371,27.03977749400972
699,.FQVDNN+0.984NR.,7.117285758450748e-05,abundance,.FQVDNN+0.984NR.,.FQVDNNNR.,sp|P01023|A2MG_HUMAN,"N+1,6[Deamidated]",N+1[Deamidated],1000.0,2.0,P01023,P01023,1,True,176,0.5238095238095238,0.47619047619047616,38,0.6551724137931034,26.19904052431579,26.122205561854674
700,.DDTVC-33.988LAKLHDRNTYEK.__missing,7.106674045610679e-05,missingness,.DDTVC-33.988LAKLHDRNTYEK,,,,,,,,,0,False,0,0.0,1.0,0,0.0,,
701,.LLDNWD-18.011SVTSTFSK.,7.106037398291963e-05,abundance,.LLDNWD-18.011SVTSTFSK.,.LLDNWDSVTSTFSK.,sp|P02647|APOA1_HUMAN;tr|F8W696|F8W696_HUMAN,"D-18,6[Dehydrated]",D-18[Dehydrated],16.913,2.0,P02647,P02647;F8W696,2,False,274,0.8154761904761905,0.18452380952380953,44,0.7586206896551724,25.81604169035868,25.678732146089413
702,.DALSSVQESQVAQ+0.984QAR.,7.102832925726066e-05,abundance,.DALSSVQESQVAQ+0.984QAR.,.DALSSVQESQVAQQAR.,sp|P02656|APOC3_HUMAN;tr|B0YIW2|B0YIW2_HUMAN,"Q+1,13[Deamidated]",Q+1[Deamidated],1000.0,2.0,P02656,P02656;B0YIW2,2,False,181,0.5386904761904762,0.46130952380952384,43,0.7413793103448276,25.20653835665692,25.162987613178743
703,.FKDLGEENFKALVLIAFAQYLQQC-33.988PFEDHVK.,7.099093521664937e-05,abundance,.FKDLGEENFKALVLIAFAQYLQQC-33.988PFEDHVK.,.FKDLGEENFKALVLIAFAQYLQQCPFEDHVK.,sp|P02768-3|ALBU_HUMAN;sp|P02768|ALBU_HUMAN;tr|A0A087WWT3|A0A087WWT3_HUMAN;tr|A0A0C4DGB6|A0A0C4DGB6_HUMAN;tr|H7C013|H7C013_HUMAN,"C-34,24[Cys->Dha]",C-34[Cys->Dha],1000.0,4.0,P02768,P02768;A0A087WWT3;A0A0C4DGB6;H7C013,4,False,270,0.8035714285714286,0.19642857142857142,48,0.8275862068965517,26.264278108527414,26.143865331360153
704,.-17.027QHLGDVLNFLPL.,7.085431845559559e-05,abundance,.-17.027QHLGDVLNFLPL.,.QHLGDVLNFLPL.,sp|P06681-2|CO2_HUMAN;sp|P06681-3|CO2_HUMAN;sp|P06681|CO2_HUMAN;tr|A0A0G2JIE7|A0A0G2JIE7_HUMAN;tr|A0A0G2JL69|A0A0G2JL69_HUMAN;tr|B4DQI1|B4DQI1_HUMAN;tr|H0Y3H6|H0Y3H6_HUMAN,"Q-17,1[Gln->pyro-Glu]",Q-17[Gln->pyro-Glu],0.0,2.0,P06681,P06681;A0A0G2JIE7;A0A0G2JL69;B4DQI1;H0Y3H6,5,False,322,0.9583333333333334,0.041666666666666664,54,0.9310344827586207,23.568877338635247,23.60214081216361
705,.C+57.021PLM+15.995VK.,7.055442067083428e-05,abundance,.C+57.021PLM+15.995VK.,.CPLMVK.,sp|P02766|TTHY_HUMAN;tr|A0A087WT59|A0A087WT59_HUMAN;tr|A0A087WV45|A0A087WV45_HUMAN,"M+16,4[Oxidation]",M+16[Oxidation],1000.0,2.0,P02766,P02766;A0A087WT59;A0A087WV45,3,False,327,0.9732142857142857,0.026785714285714284,55,0.9482758620689655,26.598131080112456,26.678393570568133
706,.FDHVITNM+15.995NNNYEPR.,7.053979743714484e-05,abundance,.FDHVITNM+15.995NNNYEPR.,.FDHVITNMNNNYEPR.,sp|P02746|C1QB_HUMAN;tr|A0A0A0MSV6|A0A0A0MSV6_HUMAN;tr|D6R934|D6R934_HUMAN,"M+16,8[Oxidation]",M+16[Oxidation],26.431,2.0,P02746,P02746;A0A0A0MSV6;D6R934,3,False,323,0.9613095238095238,0.03869047619047619,53,0.9137931034482759,26.155333795862983,26.09465515972389
707,.-17.027QIQVSWLR.,7.047376456991533e-05,abundance,.-17.027QIQVSWLR.,.QIQVSWLR.,sp|P01871-2|IGHM_HUMAN;sp|P01871|IGHM_HUMAN;tr|A0A1B0GUU9|A0A1B0GUU9_HUMAN,"Q-17,1[Gln->pyro-Glu]",Q-17[Gln->pyro-Glu],7.806,2.0,P01871,P01871;A0A1B0GUU9,2,False,318,0.9464285714285714,0.05357142857142857,52,0.896551724137931,26.220305014292798,26.311634240727624
708,.GLEWVAN+0.984IK.__missing,7.035275054974438e-05,missingness,.GLEWVAN+0.984IK,,,,,,,,,0,False,0,0.0,1.0,0,0.0,,
709,.AGTELVNFLSYFVE+37.956LGTQPAT.,7.034377044662028e-05,abundance,.AGTELVNFLSYFVE+37.956LGTQPAT.,.AGTELVNFLSYFVELGTQPAT.,sp|P02652|APOA2_HUMAN;tr|V9GYE3|V9GYE3_HUMAN;tr|V9GYM3|V9GYM3_HUMAN,"E+38,14[Cation:K]",E+38[Cation:K],18.199,2.0,P02652,P02652;V9GYE3;V9GYM3,3,False,295,0.8779761904761905,0.12202380952380952,50,0.8620689655172413,25.27527602176812,25.147239492285568
710,.VSFLSALEEYTKK+28.006.,7.03120154501742e-05,abundance,.VSFLSALEEYTKK+28.006.,.VSFLSALEEYTKK.,sp|P02647|APOA1_HUMAN;tr|F8W696|F8W696_HUMAN,"K+28,13[K->R/1]",K+28[K->R/1],1000.0,3.0,P02647,P02647;F8W696,2,False,220,0.6547619047619048,0.34523809523809523,46,0.7931034482758621,24.176189439244148,24.067437674931053
711,.DLGEENFKALVLIAFAQYLQQC+63.962PFEDHVK.,7.008878712485818e-05,abundance,.DLGEENFKALVLIAFAQYLQQC+63.962PFEDHVK.,.DLGEENFKALVLIAFAQYLQQCPFEDHVK.,sp|P02768-3|ALBU_HUMAN;sp|P02768|ALBU_HUMAN;tr|A0A087WWT3|A0A087WWT3_HUMAN;tr|A0A0C4DGB6|A0A0C4DGB6_HUMAN;tr|H7C013|H7C013_HUMAN,"C+64,22[SulfurDioxide]",C+64[SulfurDioxide],53.666,3.0,P02768,P02768;A0A087WWT3;A0A0C4DGB6;H7C013,4,False,317,0.9434523809523809,0.05654761904761905,52,0.896551724137931,26.803744768011505,26.745179098937417
712,.P+17.974LLEKSHC+47.985IAEVENDEMPADLPSLAADFVESK.,6.980448367711585e-05,abundance,.P+17.974LLEKSHC+47.985IAEVENDEMPADLPSLAADFVESK.,.PLLEKSHCIAEVENDEMPADLPSLAADFVESK.,sp|P02768-2|ALBU_HUMAN;sp|P02768|ALBU_HUMAN;tr|A0A0C4DGB6|A0A0C4DGB6_HUMAN;tr|B7WNR0|B7WNR0_HUMAN;tr|C9JKR2|C9JKR2_HUMAN;tr|D6RHD5|D6RHD5_HUMAN;tr|H0YA55|H0YA55_HUMAN,"P+18,1[P->D/2] & C+48,8[Trioxidation]",P+18[P->D/2],0.0,3.0,P02768,P02768;A0A0C4DGB6;B7WNR0;C9JKR2;D6RHD5;H0YA55,6,False,175,0.5208333333333334,0.4791666666666667,39,0.6724137931034483,31.093582179780483,30.642270067409015
713,.ESSSH+57.021HPGIAEFPSR.,6.978692280909715e-05,abundance,.ESSSH+57.021HPGIAEFPSR.,.ESSSHHPGIAEFPSR.,sp|P02671-2|FIBA_HUMAN;sp|P02671|FIBA_HUMAN,"H+57,5[Carbamidomethyl]",H+57[Carbamidomethyl],1000.0,3.0,P02671,P02671,1,True,312,0.9285714285714286,0.07142857142857142,52,0.896551724137931,28.113337106160984,28.073071961528537
714,.LRTEGDGVYTLNN+0.984EK.,6.960689228563706e-05,abundance,.LRTEGDGVYTLNN+0.984EK.,.LRTEGDGVYTLNNEK.,sp|P00738-2|HPT_HUMAN;sp|P00738|HPT_HUMAN;tr|H3BMJ7|H3BMJ7_HUMAN;tr|H3BS21|H3BS21_HUMAN;tr|J3KRH2|J3KRH2_HUMAN;tr|J3KSV1|J3KSV1_HUMAN;tr|J3QLC9|J3QLC9_HUMAN;tr|J3QQI8|J3QQI8_HUMAN,"N+1,13[Deamidated]",N+1[Deamidated],1000.0,2.0,P00738,P00738;H3BMJ7;H3BS21;J3KRH2;J3KSV1;J3QLC9;J3QQI8,7,False,309,0.9196428571428571,0.08035714285714286,51,0.8793103448275862,28.119065399687305,28.041193464171652
715,.VDNALQSGNSQESVTEQD-18.011SKDSTYSLSSTLTLSK.,6.940478733361337e-05,abundance,.VDNALQSGNSQESVTEQD-18.011SKDSTYSLSSTLTLSK.,.VDNALQSGNSQESVTEQDSKDSTYSLSSTLTLSK.,sp|P01834|IGKC_HUMAN,"D-18,18[Dehydrated]",D-18[Dehydrated],100.805,3.0,P01834,P01834,1,True,176,0.5238095238095238,0.47619047619047616,39,0.6724137931034483,25.592725095069916,25.5867754508639
716,.ALTD-18.011MPQMR.,6.913597633063658e-05,abundance,.ALTD-18.011MPQMR.,.ALTDMPQMR.,sp|P02671-2|FIBA_HUMAN;sp|P02671|FIBA_HUMAN,"D-18,4[Dehydrated]",D-18[Dehydrated],11.118,2.0,P02671,P02671,1,True,170,0.5059523809523809,0.49404761904761907,41,0.7068965517241379,24.153732113178748,24.021373058163974
717,.QVFLYPEK+42.047.,6.910182468908105e-05,abundance,.QVFLYPEK+42.047.,.QVFLYPEK.,sp|P04114|APOB_HUMAN;tr|A8MUN2|A8MUN2_HUMAN,"Z+42,8[Propyl]",Z+42[Propyl],15.15,2.0,P04114,P04114;A8MUN2,2,False,175,0.5208333333333334,0.4791666666666667,31,0.5344827586206896,23.461139676898068,23.307858233615864
718,.ETEGLRQEM+31.990SK.,6.889387896184753e-05,abundance,.ETEGLRQEM+31.990SK.,.ETEGLRQEMSK.,sp|P02647|APOA1_HUMAN;tr|F8W696|F8W696_HUMAN,"M+32,9[Dioxidation]",M+32[Dioxidation],1000.0,2.0,P02647,P02647;F8W696,2,False,275,0.8184523809523809,0.18154761904761904,46,0.7931034482758621,26.709958089027023,25.664233961077567
719,.EIVLTQSPGTL-14.016SLSPGER.,6.878259931160546e-05,abundance,.EIVLTQSPGTL-14.016SLSPGER.,.EIVLTQSPGTLSLSPGER.,sp|P01619|KV301_HUMAN,"L-14,11[L->V/1]",L-14[L->V/1],32.565,2.0,P01619,P01619,1,True,171,0.5089285714285714,0.49107142857142855,43,0.7413793103448276,26.23064834245239,26.159613474233893
720,.TDTSHHDQDHPTFN+0.984KITPNLAEFAFSLYR.,6.874032222481245e-05,abundance,.TDTSHHDQDHPTFN+0.984KITPNLAEFAFSLYR.,.TDTSHHDQDHPTFNKITPNLAEFAFSLYR.,sp|P01009-2|A1AT_HUMAN;sp|P01009-3|A1AT_HUMAN;sp|P01009|A1AT_HUMAN;tr|A0A024R6I7|A0A024R6I7_HUMAN;tr|A0A0B4J278|A0A0B4J278_HUMAN;tr|A0A0G2JRN3|A0A0G2JRN3_HUMAN;tr|G3V387|G3V387_HUMAN;tr|G3V544|G3V544_HUMAN;tr|G3V5R8|G3V5R8_HUMAN,"N+1,14[Deamidated]",N+1[Deamidated],0.0,4.0,P01009,P01009;A0A024R6I7;A0A0B4J278;A0A0G2JRN3;G3V387;G3V544;G3V5R8,7,False,246,0.7321428571428571,0.26785714285714285,43,0.7413793103448276,26.116237399688938,25.996882600672237
721,.HTFMGVVSLGSPSGEVSH+57.021PR.,6.867919237677182e-05,abundance,.HTFMGVVSLGSPSGEVSH+57.021PR.,.HTFMGVVSLGSPSGEVSHPR.,sp|P02765|FETUA_HUMAN;tr|C9JV77|C9JV77_HUMAN,"H+57,18[Carbamidomethyl]",H+57[Carbamidomethyl],57.968,3.0,P02765,P02765;C9JV77,2,False,310,0.9226190476190477,0.07738095238095238,54,0.9310344827586207,25.745003286908265,26.09198176430402
722,.VSFLSALEEYTK+42.047.,6.85716598148803e-05,abundance,.VSFLSALEEYTK+42.047.,.VSFLSALEEYTK.,sp|P02647|APOA1_HUMAN;tr|F8W696|F8W696_HUMAN,"K+42,12[Trimethyl]",K+42[Trimethyl],21.655,2.0,P02647,P02647;F8W696,2,False,245,0.7291666666666666,0.2708333333333333,44,0.7586206896551724,26.753788840945703,26.396510730467213
723,.LAAYLMLM+15.995R.__missing,6.831258366352576e-05,missingness,.LAAYLMLM+15.995R,,,,,,,,,0,False,0,0.0,1.0,0,0.0,,
724,.VQLSNDFDEYIM+15.995AIEQTIK.,6.827406307659172e-05,abundance,.VQLSNDFDEYIM+15.995AIEQTIK.,.VQLSNDFDEYIMAIEQTIK.,sp|P01024|CO3_HUMAN;tr|M0QXZ3|M0QXZ3_HUMAN,"M+16,12[Oxidation]",M+16[Oxidation],11.944,2.0,P01024,P01024;M0QXZ3,2,False,312,0.9285714285714286,0.07142857142857142,52,0.896551724137931,26.189083315691057,25.985931145528404
725,.SHKSYSC-33.988QVTHEGSTVEK.,6.815081747510019e-05,abundance,.SHKSYSC-33.988QVTHEGSTVEK.,.SHKSYSCQVTHEGSTVEK.,sp|P0DOY3|IGLC3_HUMAN,"C-34,7[Cys->Dha]",C-34[Cys->Dha],0.0,3.0,P0DOY3,P0DOY3,1,True,312,0.9285714285714286,0.07142857142857142,52,0.896551724137931,26.914854551065034,26.916225073318557
726,.QEPERNEC+57.021F+31.990LQHKDDNPNLPR.,6.799483464122414e-05,abundance,.QEPERNEC+57.021F+31.990LQHKDDNPNLPR.,.QEPERNECFLQHKDDNPNLPR.,sp|P02768-3|ALBU_HUMAN;sp|P02768|ALBU_HUMAN;tr|A0A087WWT3|A0A087WWT3_HUMAN;tr|A0A0C4DGB6|A0A0C4DGB6_HUMAN;tr|H7C013|H7C013_HUMAN,"F+32,9[Dioxidation]",F+32[Dioxidation],72.858,3.0,P02768,P02768;A0A087WWT3;A0A0C4DGB6;H7C013,4,False,239,0.7113095238095238,0.28869047619047616,44,0.7586206896551724,26.242799191977,26.226854424599836
727,.-17.027QHIEAIDVR.,6.78537513719874e-05,abundance,.-17.027QHIEAIDVR.,.QHIEAIDVR.,sp|P04114|APOB_HUMAN,"Q-17,1[Gln->pyro-Glu]",Q-17[Gln->pyro-Glu],1000.0,2.0,P04114,P04114,1,True,313,0.9315476190476191,0.06845238095238096,54,0.9310344827586207,25.998045297439457,25.899461907197125
728,.+43.006FQNALLVR.,6.767681668649113e-05,abundance,.+43.006FQNALLVR.,.FQNALLVR.,sp|P02768-2|ALBU_HUMAN;sp|P02768-3|ALBU_HUMAN;sp|P02768|ALBU_HUMAN;tr|A0A087WWT3|A0A087WWT3_HUMAN;tr|A0A0C4DGB6|A0A0C4DGB6_HUMAN;tr|B7WNR0|B7WNR0_HUMAN;tr|C9JKR2|C9JKR2_HUMAN;tr|D6RHD5|D6RHD5_HUMAN;tr|H0YA55|H0YA55_HUMAN,"X+43,1[Carbamyl]",X+43[Carbamyl],7.806,2.0,P02768,P02768;A0A087WWT3;A0A0C4DGB6;B7WNR0;C9JKR2;D6RHD5;H0YA55,7,False,306,0.9107142857142857,0.08928571428571429,52,0.896551724137931,24.755524908389468,24.830787054886013
729,.DVFLGM+15.995FLYEYAR.,6.754379093848731e-05,abundance,.DVFLGM+15.995FLYEYAR.,.DVFLGMFLYEYAR.,sp|P02768-2|ALBU_HUMAN;sp|P02768|ALBU_HUMAN;tr|A0A0C4DGB6|A0A0C4DGB6_HUMAN;tr|B7WNR0|B7WNR0_HUMAN;tr|C9JKR2|C9JKR2_HUMAN;tr|D6RHD5|D6RHD5_HUMAN;tr|H0YA55|H0YA55_HUMAN,"M+16,6[Oxidation]",M+16[Oxidation],17.758,2.0,P02768,P02768;A0A0C4DGB6;B7WNR0;C9JKR2;D6RHD5;H0YA55,6,False,321,0.9553571428571429,0.044642857142857144,54,0.9310344827586207,31.847261251939578,31.925361577840434
730,.LLPH+57.021ANEVSQK.__missing,6.748850410601809e-05,missingness,.LLPH+57.021ANEVSQK,,,,,,,,,0,False,0,0.0,1.0,0,0.0,,
731,.TFPGFFSPMLGE+42.047FVSETESR.,6.706588272725849e-05,abundance,.TFPGFFSPMLGE+42.047FVSETESR.,.TFPGFFSPMLGEFVSETESR.,sp|P02671-2|FIBA_HUMAN;sp|P02671|FIBA_HUMAN,"E+42,12[Propyl]",E+42[Propyl],1000.0,2.0,P02671,P02671,1,True,247,0.7351190476190477,0.2648809523809524,44,0.7586206896551724,23.881374274057166,23.699129614117453
732,.EFQLFSSPHGK+42.047.,6.700107851862085e-05,abundance,.EFQLFSSPHGK+42.047.,.EFQLFSSPHGK.,sp|P02787|TRFE_HUMAN,"Z+42,11[Propyl]",Z+42[Propyl],1000.0,2.0,P02787,P02787,1,True,318,0.9464285714285714,0.05357142857142857,52,0.896551724137931,25.533806777690145,25.56425695433415
733,.M+16.028SGSNGSK.,6.685177341042014e-05,abundance,.M+16.028SGSNGSK.,.MSGSNGSK.,sp|Q9BW91-2|NUDT9_HUMAN;sp|Q9BW91|NUDT9_HUMAN;tr|D6RAW2|D6RAW2_HUMAN;tr|H7C386|H7C386_HUMAN,"M+16,1[M->F/2]",M+16[M->F/2],0.0,2.0,Q9BW91,Q9BW91;D6RAW2;H7C386,3,False,270,0.8035714285714286,0.19642857142857142,47,0.8103448275862069,23.41328371051057,23.443803143003827
734,.TLNQPD+37.947SQLQLTTGNGLFLSEGLK.,6.684227903903334e-05,abundance,.TLNQPD+37.947SQLQLTTGNGLFLSEGLK.,.TLNQPDSQLQLTTGNGLFLSEGLK.,sp|P01009-2|A1AT_HUMAN;sp|P01009-3|A1AT_HUMAN;sp|P01009|A1AT_HUMAN;tr|A0A024R6I7|A0A024R6I7_HUMAN;tr|A0A0G2JRN3|A0A0G2JRN3_HUMAN;tr|G3V2B9|G3V2B9_HUMAN;tr|G3V544|G3V544_HUMAN,"D+38,6[Cation:Ca[II]]",D+38[Cation:Ca[II]],58.51,3.0,P01009,P01009;A0A024R6I7;A0A0G2JRN3;G3V2B9;G3V544,5,False,247,0.7351190476190477,0.2648809523809524,50,0.8620689655172413,25.692915895324926,25.53824847351487
735,.N+0.984SQESVTEQDSK.,6.646046815784562e-05,abundance,.N+0.984SQESVTEQDSK.,.NSQESVTEQDSK.,sp|P01834|IGKC_HUMAN,"N+1,1[Deamidated]",N+1[Deamidated],1000.0,2.0,P01834,P01834,1,True,191,0.5684523809523809,0.43154761904761907,40,0.6896551724137931,22.903176497075613,22.809779112617562
736,.GFYPSDIAVEWESN+0.984GQPEN+0.984NYK.,6.645111318448093e-05,abundance,.GFYPSDIAVEWESN+0.984GQPEN+0.984NYK.,.GFYPSDIAVEWESNGQPENNYK.,sp|P01857|IGHG1_HUMAN;sp|P01861|IGHG4_HUMAN;tr|A0A0A0MS07|A0A0A0MS07_HUMAN;tr|A0A0A0MS08|A0A0A0MS08_HUMAN;tr|A0A286YFJ8|A0A286YFJ8_HUMAN,"N+1,14[Deamidated] & N+1,19[Deamidated]",N+1[Deamidated],36.588,2.0,P01857,P01857;P01861;A0A0A0MS07;A0A0A0MS08;A0A286YFJ8,5,False,301,0.8958333333333334,0.10416666666666667,51,0.8793103448275862,29.182269653785326,28.88381250261776
737,.QPN-17.027C+119.004DDPETEEAALVAIDYINQNLPWGYK.,6.642396011890434e-05,abundance,.QPN-17.027C+119.004DDPETEEAALVAIDYINQNLPWGYK.,.QPNCDDPETEEAALVAIDYINQNLPWGYK.,sp|P02765|FETUA_HUMAN;tr|C9JV77|C9JV77_HUMAN,"N-17,3[Ammonia-loss] & C+119,4[Cysteinyl]",N-17[Ammonia-loss],115.596,3.0,P02765,P02765;C9JV77,2,False,217,0.6458333333333334,0.3541666666666667,43,0.7413793103448276,24.646583319235067,24.564867444973512
738,.MADE+57.021AGSEADHEGTHSTK.,6.63157685168301e-05,abundance,.MADE+57.021AGSEADHEGTHSTK.,.MADEAGSEADHEGTHSTK.,sp|P02671-2|FIBA_HUMAN;sp|P02671|FIBA_HUMAN,"E+57,4[Carbamidomethyl]",E+57[Carbamidomethyl],32.584,2.0,P02671,P02671,1,True,299,0.8898809523809523,0.11011904761904762,52,0.896551724137931,24.070347576451354,24.27187139521244
739,.+57.021VDNALQSGNSQESVTEQDSK.,6.628973880859696e-05,abundance,.+57.021VDNALQSGNSQESVTEQDSK.,.VDNALQSGNSQESVTEQDSK.,sp|P01834|IGKC_HUMAN,"X+57,1[Carbamidomethyl]",X+57[Carbamidomethyl],42.364,2.0,P01834,P01834,1,True,194,0.5773809523809523,0.4226190476190476,42,0.7241379310344828,23.823658061313687,23.844848269033555
740,.L+15.995VNEVTEFAK.,6.612140951806784e-05,abundance,.L+15.995VNEVTEFAK.,.LVNEVTEFAK.,sp|P02768-3|ALBU_HUMAN;sp|P02768|ALBU_HUMAN;tr|A0A087WWT3|A0A087WWT3_HUMAN;tr|A0A0C4DGB6|A0A0C4DGB6_HUMAN;tr|H7C013|H7C013_HUMAN,"L+16,1[Oxidation]",L+16[Oxidation],12.043,2.0,P02768,P02768;A0A087WWT3;A0A0C4DGB6;H7C013,4,False,297,0.8839285714285714,0.11607142857142858,49,0.8448275862068966,25.833811016097485,25.898214565335486
741,.LKEC+31.990C+57.021E+37.956KPLLEKSHC+57.021IAEVENDEMPADLPSLAADFVESK.,6.612061691053326e-05,abundance,.LKEC+31.990C+57.021E+37.956KPLLEKSHC+57.021IAEVENDEMPADLPSLAADFVESK.,.LKECCEKPLLEKSHCIAEVENDEMPADLPSLAADFVESK.,sp|P02768-2|ALBU_HUMAN;sp|P02768|ALBU_HUMAN;tr|A0A0C4DGB6|A0A0C4DGB6_HUMAN;tr|B7WNR0|B7WNR0_HUMAN;tr|C9JKR2|C9JKR2_HUMAN;tr|D6RHD5|D6RHD5_HUMAN;tr|H0YA55|H0YA55_HUMAN,"C+32,4[Dioxidation] & E+38,6[Cation:K]",C+32[Dioxidation],0.0,3.0,P02768,P02768;A0A0C4DGB6;B7WNR0;C9JKR2;D6RHD5;H0YA55,6,False,219,0.6517857142857143,0.3482142857142857,48,0.8275862068965517,29.347648264661753,29.046131303503348
742,.LDGSVDFK+42.047.,6.543898031140946e-05,abundance,.LDGSVDFK+42.047.,.LDGSVDFK.,sp|P02679-2|FIBG_HUMAN;sp|P02679|FIBG_HUMAN;tr|C9JC84|C9JC84_HUMAN;tr|C9JEU5|C9JEU5_HUMAN,"K+42,8[Trimethyl]",K+42[Trimethyl],1000.0,2.0,P02679,P02679;C9JC84;C9JEU5,3,False,270,0.8035714285714286,0.19642857142857142,48,0.8275862068965517,23.868950624834945,23.80597355444206
743,.HGGLYHENM+15.995R.,6.521929661163452e-05,abundance,.HGGLYHENM+15.995R.,.HGGLYHENMR.,sp|P08603-2|CFAH_HUMAN;sp|P08603|CFAH_HUMAN;tr|A0A0D9SG88|A0A0D9SG88_HUMAN;tr|Q5TFM2|Q5TFM2_HUMAN,"M+16,9[Oxidation]",M+16[Oxidation],1000.0,2.0,P08603,P08603;A0A0D9SG88;Q5TFM2,3,False,327,0.9732142857142857,0.026785714285714284,55,0.9482758620689655,28.947548044129675,28.879003234877434
744,.AHYGGFTVQNEANK+57.021YQISVNK.,6.520743801272682e-05,abundance,.AHYGGFTVQNEANK+57.021YQISVNK.,.AHYGGFTVQNEANKYQISVNK.,sp|P02675|FIBB_HUMAN;tr|D6REL8|D6REL8_HUMAN,"K+57,14[Carbamidomethyl]",K+57[Carbamidomethyl],0.0,3.0,P02675,P02675;D6REL8,2,False,186,0.5535714285714286,0.44642857142857145,35,0.603448275862069,24.90942459349241,24.8346900322319
745,.TNNHIM+15.995K.,6.519218509241788e-05,abundance,.TNNHIM+15.995K.,.TNNHIMK.,sp|P05546|HEP2_HUMAN,"M+16,6[Oxidation]",M+16[Oxidation],7.583,2.0,P05546,P05546,1,True,315,0.9375,0.0625,52,0.896551724137931,24.952092994579125,25.064102485526043
746,.+43.006LDELRDEGK.,6.511883042785176e-05,abundance,.+43.006LDELRDEGK.,.LDELRDEGK.,sp|P02768|ALBU_HUMAN;tr|A0A0C4DGB6|A0A0C4DGB6_HUMAN;tr|B7WNR0|B7WNR0_HUMAN;tr|D6RHD5|D6RHD5_HUMAN;tr|H0YA55|H0YA55_HUMAN,"X+43,1[Carbamyl]",X+43[Carbamyl],1000.0,2.0,P02768,P02768;A0A0C4DGB6;B7WNR0;D6RHD5;H0YA55,5,False,313,0.9315476190476191,0.06845238095238096,52,0.896551724137931,26.35376792467458,26.391324446010483
747,.TPFVTHPGYDTGN+0.984GIQLPGTSGQQPSVGQQMIFEEHGFRR.,6.501870525440981e-05,abundance,.TPFVTHPGYDTGN+0.984GIQLPGTSGQQPSVGQQMIFEEHGFRR.,.TPFVTHPGYDTGNGIQLPGTSGQQPSVGQQMIFEEHGFRR.,sp|P02751-11|FINC_HUMAN;sp|P02751-12|FINC_HUMAN;sp|P02751-14|FINC_HUMAN;sp|P02751-15|FINC_HUMAN;sp|P02751-17|FINC_HUMAN;sp|P02751-3|FINC_HUMAN;sp|P02751-7|FINC_HUMAN;sp|P02751-8|FINC_HUMAN;sp|P02751-9|FINC_HUMAN;sp|P02751|FINC_HUMAN [further mapped to 2 additional proteins],"N+1,13[Deamidated]",N+1[Deamidated],43.082,5.0,P02751,P02751,1,True,247,0.7351190476190477,0.2648809523809524,43,0.7413793103448276,26.332759559945593,26.3027540002955
748,.VLGAFSD-18.011GLAHLDNLK.,6.499713521579223e-05,abundance,.VLGAFSD-18.011GLAHLDNLK.,.VLGAFSDGLAHLDNLK.,sp|P02042|HBD_HUMAN;sp|P68871|HBB_HUMAN;tr|A0A2R8Y7R2|A0A2R8Y7R2_HUMAN;tr|E9PEW8|E9PEW8_HUMAN;tr|E9PFT6|E9PFT6_HUMAN;tr|F8W6P5|F8W6P5_HUMAN,"D-18,7[Dehydrated]",D-18[Dehydrated],17.036,2.0,P02042,P02042;P68871;A0A2R8Y7R2;E9PEW8;E9PFT6;F8W6P5,6,False,299,0.8898809523809523,0.11011904761904762,51,0.8793103448275862,24.670430961689398,24.592271179248105
749,.QVGSGVTTDQ+0.984VQAEAK.,6.494685885881927e-05,abundance,.QVGSGVTTDQ+0.984VQAEAK.,.QVGSGVTTDQVQAEAK.,sp|P01871-2|IGHM_HUMAN;sp|P01871|IGHM_HUMAN;tr|A0A1B0GUU9|A0A1B0GUU9_HUMAN,"Q+1,10[Deamidated]",Q+1[Deamidated],1000.0,2.0,P01871,P01871;A0A1B0GUU9,2,False,277,0.8244047619047619,0.17559523809523808,49,0.8448275862068966,24.767458949992093,24.716229405582617
750,.SPPTM+15.995VDSLLAVTLAGNLGLTFLR.,6.490085160373118e-05,abundance,.SPPTM+15.995VDSLLAVTLAGNLGLTFLR.,.SPPTMVDSLLAVTLAGNLGLTFLR.,sp|Q96PD5-2|PGRP2_HUMAN;sp|Q96PD5|PGRP2_HUMAN,"M+16,5[Oxidation]",M+16[Oxidation],1000.0,3.0,Q96PD5,Q96PD5,1,True,295,0.8779761904761905,0.12202380952380952,47,0.8103448275862069,23.758610157953992,23.668440267486726
751,.LVTDLTKV+57.033.,6.473280254420205e-05,abundance,.LVTDLTKV+57.033.,.LVTDLTKV.,sp|P02768-2|ALBU_HUMAN;sp|P02768|ALBU_HUMAN;tr|A0A0C4DGB6|A0A0C4DGB6_HUMAN;tr|B7WNR0|B7WNR0_HUMAN;tr|C9JKR2|C9JKR2_HUMAN;tr|D6RHD5|D6RHD5_HUMAN;tr|H0YA55|H0YA55_HUMAN,"V+57,8[V->R/2]",V+57[V->R/2],0.0,2.0,P02768,P02768;A0A0C4DGB6;B7WNR0;C9JKR2;D6RHD5;H0YA55,6,False,265,0.7886904761904762,0.2113095238095238,49,0.8448275862068966,27.582476701615388,27.536798820240698
752,.QVGSGVTTDQVQ+0.984AEAK.,6.465139270667526e-05,abundance,.QVGSGVTTDQVQ+0.984AEAK.,.QVGSGVTTDQVQAEAK.,sp|P01871-2|IGHM_HUMAN;sp|P01871|IGHM_HUMAN;tr|A0A1B0GUU9|A0A1B0GUU9_HUMAN,"Q+1,12[Deamidated]",Q+1[Deamidated],1000.0,2.0,P01871,P01871;A0A1B0GUU9,2,False,288,0.8571428571428571,0.14285714285714285,48,0.8275862068965517,24.640572052772786,24.61229734933552
753,.NM+15.995EVSVATTTK.,6.454086423203796e-05,abundance,.NM+15.995EVSVATTTK.,.NMEVSVATTTK.,sp|P04114|APOB_HUMAN,"M+16,2[Oxidation]",M+16[Oxidation],1000.0,2.0,P04114,P04114,1,True,326,0.9702380952380952,0.02976190476190476,55,0.9482758620689655,28.863167774569078,27.911738684326643
754,.LQ+0.984HLENELTHDIITK.,6.427350766415862e-05,abundance,.LQ+0.984HLENELTHDIITK.,.LQHLENELTHDIITK.,sp|P01009-2|A1AT_HUMAN;sp|P01009-3|A1AT_HUMAN;sp|P01009|A1AT_HUMAN;tr|A0A024R6I7|A0A024R6I7_HUMAN;tr|A0A0G2JRN3|A0A0G2JRN3_HUMAN,"Q+1,2[Deamidated]",Q+1[Deamidated],1000.0,2.0,P01009,P01009;A0A024R6I7;A0A0G2JRN3,3,False,250,0.7440476190476191,0.25595238095238093,44,0.7586206896551724,25.969036590388114,25.828723880143627
755,.TEGDGVYTLNNEK+42.047.__missing,6.407493704389366e-05,missingness,.TEGDGVYTLNNEK+42.047,,,,,,,,,0,False,0,0.0,1.0,0,0.0,,
756,.SAVTALW+3.995GK.,6.406345652140942e-05,abundance,.SAVTALW+3.995GK.,.SAVTALWGK.,sp|P68871|HBB_HUMAN;tr|A0A0J9YWK4|A0A0J9YWK4_HUMAN;tr|A0A2R8Y7R2|A0A2R8Y7R2_HUMAN;tr|F8W6P5|F8W6P5_HUMAN,"W+4,7[Trp->Kynurenin]",W+4[Trp->Kynurenin],9.9,2.0,P68871,P68871;A0A0J9YWK4;A0A2R8Y7R2;F8W6P5,4,False,288,0.8571428571428571,0.14285714285714285,46,0.7931034482758621,24.736417067238293,24.72529764758154
757,.ATEHLSTLSE+57.021K.,6.387586477527836e-05,abundance,.ATEHLSTLSE+57.021K.,.ATEHLSTLSEK.,sp|P02647|APOA1_HUMAN;tr|F8W696|F8W696_HUMAN,"E+57,10[Carbamidomethyl]",E+57[Carbamidomethyl],1000.0,2.0,P02647,P02647;F8W696,2,False,184,0.5476190476190477,0.4523809523809524,45,0.7758620689655172,26.382996024631275,26.306155385281155
758,.SGS-18.011GLVGR.__missing,6.38520961574016e-05,missingness,.SGS-18.011GLVGR,,,,,,,,,0,False,0,0.0,1.0,0,0.0,,
759,.NFPSPVDAAFRQGHN+0.984SVFLIK.,6.375639134855703e-05,abundance,.NFPSPVDAAFRQGHN+0.984SVFLIK.,.NFPSPVDAAFRQGHNSVFLIK.,sp|P02790|HEMO_HUMAN;tr|Q9BS19|Q9BS19_HUMAN,"N+1,15[Deamidated]",N+1[Deamidated],0.0,3.0,P02790,P02790;Q9BS19,2,False,275,0.8184523809523809,0.18154761904761904,50,0.8620689655172413,26.762305590446132,26.717019379243055
760,.VSFLSALEEY+15.995TKK.,6.374935154148826e-05,abundance,.VSFLSALEEY+15.995TKK.,.VSFLSALEEYTKK.,sp|P02647|APOA1_HUMAN;tr|F8W696|F8W696_HUMAN,"Y+16,10[Oxidation]",Y+16[Oxidation],42.934,3.0,P02647,P02647;F8W696,2,False,190,0.5654761904761905,0.43452380952380953,46,0.7931034482758621,25.443767512775878,25.16207884340908
761,.AGVETTTPSK+42.047.,6.364770055311626e-05,abundance,.AGVETTTPSK+42.047.,.AGVETTTPSK.,sp|P0DOY2|IGLC2_HUMAN;sp|P0DOY3|IGLC3_HUMAN,"Z+42,10[Propyl]",Z+42[Propyl],1000.0,2.0,P0DOY2,P0DOY2;P0DOY3,2,False,318,0.9464285714285714,0.05357142857142857,52,0.896551724137931,28.764388601074636,28.710527777128355
762,.+56.026LVNEVTEFAK.,6.363546992635756e-05,abundance,.+56.026LVNEVTEFAK.,.LVNEVTEFAK.,sp|P02768-3|ALBU_HUMAN;sp|P02768|ALBU_HUMAN;tr|A0A087WWT3|A0A087WWT3_HUMAN;tr|A0A0C4DGB6|A0A0C4DGB6_HUMAN;tr|H7C013|H7C013_HUMAN,"X+56,1[Propionyl]",X+56[Propionyl],1000.0,2.0,P02768,P02768;A0A087WWT3;A0A0C4DGB6;H7C013,4,False,241,0.7172619047619048,0.28273809523809523,42,0.7241379310344828,24.10844979942101,24.07750076488874
763,.EVQLV+29.974QSGAEVK.__missing,6.361397310631814e-05,missingness,.EVQLV+29.974QSGAEVK,,,,,,,,,0,False,0,0.0,1.0,0,0.0,,
764,.RHPYFYAPE+37.947LLFFAK.__missing,6.314187898098177e-05,missingness,.RHPYFYAPE+37.947LLFFAK,,,,,,,,,0,False,0,0.0,1.0,0,0.0,,
765,.GAYQN+0.984NEIK.,6.277865025992975e-05,abundance,.GAYQN+0.984NEIK.,.GAYQNNEIK.,sp|P04114|APOB_HUMAN,"N+1,5[Deamidated]",N+1[Deamidated],18.214,2.0,P04114,P04114,1,True,169,0.5029761904761905,0.49702380952380953,35,0.603448275862069,23.28005595926324,23.068690973135727
766,.SDVVYTDW+31.990KK.__missing,6.273405695587438e-05,missingness,.SDVVYTDW+31.990KK,,,,,,,,,0,False,0,0.0,1.0,0,0.0,,
767,.LIDVISM+15.995YR.,6.23659365379855e-05,abundance,.LIDVISM+15.995YR.,.LIDVISMYR.,sp|P04114|APOB_HUMAN,"M+16,7[Oxidation]",M+16[Oxidation],10.192,2.0,P04114,P04114,1,True,299,0.8898809523809523,0.11011904761904762,49,0.8448275862068966,24.970257147854223,24.95535748084854
768,.DYVSQFEGSALGK+42.047.,6.213921425208887e-05,abundance,.DYVSQFEGSALGK+42.047.,.DYVSQFEGSALGK.,sp|P02647|APOA1_HUMAN,"Z+42,13[Propyl]",Z+42[Propyl],1000.0,2.0,P02647,P02647,1,True,290,0.8630952380952381,0.13690476190476192,50,0.8620689655172413,25.804852692167373,25.74411749657104
769,.TVAAPSVFIFPPSDEQLKS+69.069.__missing,6.177570573205566e-05,missingness,.TVAAPSVFIFPPSDEQLKS+69.069,,,,,,,,,0,False,0,0.0,1.0,0,0.0,,
770,.ALVLIAFAQYLQQC+57.021P+15.995F+15.995EDHVK.__missing,6.175747540248323e-05,missingness,.ALVLIAFAQYLQQC+57.021P+15.995F+15.995EDHVK,,,,,,,,,0,False,0,0.0,1.0,0,0.0,,
771,.FDHVITNM+15.995NNNYEPR.__missing,6.15344419435416e-05,missingness,.FDHVITNM+15.995NNNYEPR,,,,,,,,,0,False,0,0.0,1.0,0,0.0,,
772,.ATEHLSTLS+238.230EK.,6.145791990686103e-05,abundance,.ATEHLSTLS+238.230EK.,.ATEHLSTLSEK.,sp|P02647|APOA1_HUMAN;tr|F8W696|F8W696_HUMAN,"S+238,9[Palmitoyl]",S+238[Palmitoyl],1000.0,3.0,P02647,P02647;F8W696,2,False,191,0.5684523809523809,0.43154761904761907,34,0.5862068965517241,21.073722527497125,21.156468713309327
773,.ETEGLRQ+0.984EMSK.,6.14187925620553e-05,abundance,.ETEGLRQ+0.984EMSK.,.ETEGLRQEMSK.,sp|P02647|APOA1_HUMAN;tr|F8W696|F8W696_HUMAN,"Q+1,7[Deamidated]",Q+1[Deamidated],1000.0,2.0,P02647,P02647;F8W696,2,False,305,0.9077380952380952,0.09226190476190477,51,0.8793103448275862,24.776857883515632,24.687453243910667
774,.DAH+57.021KSEVAHR.,6.103336212314558e-05,abundance,.DAH+57.021KSEVAHR.,.DAHKSEVAHR.,sp|P02768-2|ALBU_HUMAN;sp|P02768-3|ALBU_HUMAN;sp|P02768|ALBU_HUMAN;tr|A0A087WWT3|A0A087WWT3_HUMAN;tr|A0A0C4DGB6|A0A0C4DGB6_HUMAN;tr|B7WNR0|B7WNR0_HUMAN;tr|C9JKR2|C9JKR2_HUMAN;tr|H7C013|H7C013_HUMAN,"H+57,3[Carbamidomethyl]",H+57[Carbamidomethyl],1000.0,2.0,P02768,P02768;A0A087WWT3;A0A0C4DGB6;B7WNR0;C9JKR2;H7C013,6,False,314,0.9345238095238095,0.06547619047619048,52,0.896551724137931,27.607268533076592,27.50312342029337
775,.DLGEENFKALVLIAFAQYLQQC+119.004PFEDHVK.,6.076379336440119e-05,abundance,.DLGEENFKALVLIAFAQYLQQC+119.004PFEDHVK.,.DLGEENFKALVLIAFAQYLQQCPFEDHVK.,sp|P02768-3|ALBU_HUMAN;sp|P02768|ALBU_HUMAN;tr|A0A087WWT3|A0A087WWT3_HUMAN;tr|A0A0C4DGB6|A0A0C4DGB6_HUMAN;tr|H7C013|H7C013_HUMAN,"C+119,22[Cysteinyl]",C+119[Cysteinyl],1000.0,4.0,P02768,P02768;A0A087WWT3;A0A0C4DGB6;H7C013,4,False,198,0.5892857142857143,0.4107142857142857,42,0.7241379310344828,25.98933252545989,25.571039249111966
776,.MHAIN+0.984GR.,6.072215296388151e-05,abundance,.MHAIN+0.984GR.,.MHAINGR.,sp|P00450|CERU_HUMAN;tr|E9PFZ2|E9PFZ2_HUMAN;tr|H7C5N5|H7C5N5_HUMAN;tr|H7C5R1|H7C5R1_HUMAN,"N+1,5[Deamidated]",N+1[Deamidated],1000.0,2.0,P00450,P00450;E9PFZ2;H7C5N5;H7C5R1,4,False,327,0.9732142857142857,0.026785714285714284,55,0.9482758620689655,27.242001854923117,27.25483172503141
777,.SM+15.995GGKEDLIWELLNQAQEHFGKDK.,6.0550031892336944e-05,abundance,.SM+15.995GGKEDLIWELLNQAQEHFGKDK.,.SMGGKEDLIWELLNQAQEHFGKDK.,sp|P02787|TRFE_HUMAN,"M+16,2[Oxidation]",M+16[Oxidation],45.955,3.0,P02787,P02787,1,True,317,0.9434523809523809,0.05654761904761905,52,0.896551724137931,26.549326197437424,26.526986210754245
778,.ELTPEVLQEWLDELEEM+15.995MLVVHM+15.995PR.,6.047252043495587e-05,abundance,.ELTPEVLQEWLDELEEM+15.995MLVVHM+15.995PR.,.ELTPEVLQEWLDELEEMMLVVHMPR.,sp|P01008|ANT3_HUMAN,"M+16,17[Oxidation] & M+16,23[Oxidation]",M+16[Oxidation],56.324,3.0,P01008,P01008,1,True,278,0.8273809523809523,0.17261904761904762,48,0.8275862068965517,24.21785416128022,23.948233358580133
779,.VPTADLEDVLPLAE+37.956DITNILSK.,6.0054635392215105e-05,abundance,.VPTADLEDVLPLAE+37.956DITNILSK.,.VPTADLEDVLPLAEDITNILSK.,sp|P02774-2|VTDB_HUMAN;sp|P02774-3|VTDB_HUMAN;sp|P02774|VTDB_HUMAN;tr|D6RBJ7|D6RBJ7_HUMAN;tr|D6RF35|D6RF35_HUMAN,"E+38,14[Cation:K]",E+38[Cation:K],45.214,4.0,P02774,P02774;D6RBJ7;D6RF35,3,False,290,0.8630952380952381,0.13690476190476192,49,0.8448275862068966,23.83139335139804,23.619899369163136
780,.DSGFQM+15.995NQLR.,6.000968005824852e-05,abundance,.DSGFQM+15.995NQLR.,.DSGFQMNQLR.,sp|P02787|TRFE_HUMAN,"M+16,6[Oxidation]",M+16[Oxidation],13.746,2.0,P02787,P02787,1,True,326,0.9702380952380952,0.02976190476190476,55,0.9482758620689655,31.061202183614114,30.857328805027375
781,.TTPPMLDSDGSFFLYSK+42.047.,5.985658417630161e-05,abundance,.TTPPMLDSDGSFFLYSK+42.047.,.TTPPMLDSDGSFFLYSK.,sp|P01859|IGHG2_HUMAN;sp|P01860|IGHG3_HUMAN;tr|A0A286YES1|A0A286YES1_HUMAN;tr|A0A286YEY4|A0A286YEY4_HUMAN,"Z+42,17[Propyl]",Z+42[Propyl],28.875,2.0,P01859,P01859;P01860;A0A286YES1;A0A286YEY4,4,False,257,0.7648809523809523,0.23511904761904762,45,0.7758620689655172,26.16909404776269,25.995621178915208
782,.SPVGVQPILNEHTFC-33.988AGMSK.,5.9755960816196265e-05,abundance,.SPVGVQPILNEHTFC-33.988AGMSK.,.SPVGVQPILNEHTFCAGMSK.,sp|P00738-2|HPT_HUMAN;sp|P00738|HPT_HUMAN;tr|A0A087WU08|A0A087WU08_HUMAN;tr|A0A0C4DGL8|A0A0C4DGL8_HUMAN;tr|H0Y300|H0Y300_HUMAN;tr|J3QLC9|J3QLC9_HUMAN;tr|J3QR68|J3QR68_HUMAN,"C-34,15[Cys->Dha]",C-34[Cys->Dha],1000.0,2.0,P00738,P00738;A0A087WU08;A0A0C4DGL8;H0Y300;J3QLC9;J3QR68,6,False,316,0.9404761904761905,0.05952380952380952,52,0.896551724137931,29.579876246319746,29.39498317805015
783,.ETEGLRQEM+33.969SK.,5.943680746498217e-05,abundance,.ETEGLRQEM+33.969SK.,.ETEGLRQEMSK.,sp|P02647|APOA1_HUMAN;tr|F8W696|F8W696_HUMAN,"M+34,9[Homocysteic_acid]",M+34[Homocysteic_acid],1000.0,2.0,P02647,P02647;F8W696,2,False,275,0.8184523809523809,0.18154761904761904,48,0.8275862068965517,24.401470821398537,23.678063241228276
784,.DSTYSLSSTLTLSK+42.047.,5.9357885612874804e-05,abundance,.DSTYSLSSTLTLSK+42.047.,.DSTYSLSSTLTLSK.,sp|P01834|IGKC_HUMAN,"Z+42,14[Propyl]",Z+42[Propyl],1000.0,2.0,P01834,P01834,1,True,310,0.9226190476190477,0.07738095238095238,52,0.896551724137931,28.090922530591058,27.98338262839311
785,.-18.011EFYLFPTVFDENESLLLEDNIR.__missing,5.932578839020636e-05,missingness,.-18.011EFYLFPTVFDENESLLLEDNIR,,,,,,,,,0,False,0,0.0,1.0,0,0.0,,
786,.FSTPEFTILNTFHIPSFTIDFVEM+15.995K.,5.918214128667413e-05,abundance,.FSTPEFTILNTFHIPSFTIDFVEM+15.995K.,.FSTPEFTILNTFHIPSFTIDFVEMK.,sp|P04114|APOB_HUMAN,"M+16,24[Oxidation]",M+16[Oxidation],91.3,3.0,P04114,P04114,1,True,292,0.8690476190476191,0.13095238095238096,49,0.8448275862068966,26.62949520534413,26.32015129578728
787,.ETEGLRQEM+15.995SKDLEEVK.,5.908042298406096e-05,abundance,.ETEGLRQEM+15.995SKDLEEVK.,.ETEGLRQEMSKDLEEVK.,sp|P02647|APOA1_HUMAN;tr|F8W696|F8W696_HUMAN,"M+16,9[Oxidation]",M+16[Oxidation],52.67,3.0,P02647,P02647;F8W696,2,False,306,0.9107142857142857,0.08928571428571429,48,0.8275862068965517,26.70404360728846,26.066462129445494
788,.ELD-18.011RDTVFALVNYIFFK.,5.897617617176955e-05,abundance,.ELD-18.011RDTVFALVNYIFFK.,.ELDRDTVFALVNYIFFK.,sp|P01009-2|A1AT_HUMAN;sp|P01009-3|A1AT_HUMAN;sp|P01009|A1AT_HUMAN;tr|A0A024R6I7|A0A024R6I7_HUMAN;tr|A0A0G2JRN3|A0A0G2JRN3_HUMAN,"D-18,3[Dehydrated]",D-18[Dehydrated],1000.0,2.0,P01009,P01009;A0A024R6I7;A0A0G2JRN3,3,False,318,0.9464285714285714,0.05357142857142857,52,0.896551724137931,26.83912454889221,26.871197656679385
789,.VSNK+57.021GLPAPIEK.__missing,5.874476752374954e-05,missingness,.VSNK+57.021GLPAPIEK,,,,,,,,,0,False,0,0.0,1.0,0,0.0,,
790,.FSGSNSG+72.021NTATLTISR.__missing,5.837081797646563e-05,missingness,.FSGSNSG+72.021NTATLTISR,,,,,,,,,0,False,0,0.0,1.0,0,0.0,,
791,.AADDTWEPFASGKT+27.047.,5.796748438073676e-05,abundance,.AADDTWEPFASGKT+27.047.,.AADDTWEPFASGKT.,sp|P02766|TTHY_HUMAN;tr|A0A087WT59|A0A087WT59_HUMAN;tr|A0A087WV45|A0A087WV45_HUMAN,"T+27,14[T->K/1]",T+27[T->K/1],0.0,3.0,P02766,P02766;A0A087WT59;A0A087WV45,3,False,318,0.9464285714285714,0.05357142857142857,52,0.896551724137931,27.62548668618818,27.686950209298423
792,.VVSVLTVLHQD-18.011WLNGK.,5.787863381377524e-05,abundance,.VVSVLTVLHQD-18.011WLNGK.,.VVSVLTVLHQDWLNGK.,sp|P01857|IGHG1_HUMAN;sp|P01860|IGHG3_HUMAN;sp|P01861|IGHG4_HUMAN;tr|A0A0A0MS08|A0A0A0MS08_HUMAN;tr|A0A286YES1|A0A286YES1_HUMAN;tr|A0A286YFJ8|A0A286YFJ8_HUMAN,"D-18,11[Dehydrated]",D-18[Dehydrated],1000.0,3.0,P01857,P01857;P01860;P01861;A0A0A0MS08;A0A286YES1;A0A286YFJ8,6,False,231,0.6875,0.3125,40,0.6896551724137931,24.632396653083248,24.506858542582048
793,.YAASSYLSLTPE+42.047QWK.__missing,5.7826564703504225e-05,missingness,.YAASSYLSLTPE+42.047QWK,,,,,,,,,0,False,0,0.0,1.0,0,0.0,,
794,.R+72.021HPDYSVVLLLR.,5.777993528331821e-05,abundance,.R+72.021HPDYSVVLLLR.,.RHPDYSVVLLLR.,sp|P02768-2|ALBU_HUMAN;sp|P02768|ALBU_HUMAN;tr|A0A0C4DGB6|A0A0C4DGB6_HUMAN;tr|B7WNR0|B7WNR0_HUMAN;tr|C9JKR2|C9JKR2_HUMAN;tr|D6RHD5|D6RHD5_HUMAN;tr|H0YA55|H0YA55_HUMAN,"R+72,1[Dihydroxyimidazolidine]",R+72[Dihydroxyimidazolidine],1000.0,3.0,P02768,P02768;A0A0C4DGB6;B7WNR0;C9JKR2;D6RHD5;H0YA55,6,False,176,0.5238095238095238,0.47619047619047616,38,0.6551724137931034,22.97731486601181,22.88188841341159
795,.LSNEN+0.984HGIAQR.,5.680281308010936e-05,abundance,.LSNEN+0.984HGIAQR.,.LSNENHGIAQR.,sp|P19823|ITIH2_HUMAN;tr|Q5T985|Q5T985_HUMAN,"N+1,5[Deamidated]",N+1[Deamidated],1000.0,2.0,P19823,P19823;Q5T985,2,False,326,0.9702380952380952,0.02976190476190476,55,0.9482758620689655,25.846028444453246,25.808510723675983
796,.LESEETM+15.995VLEAHDAQGDVPVTVTVHDFPGK.,5.629344373968885e-05,abundance,.LESEETM+15.995VLEAHDAQGDVPVTVTVHDFPGK.,.LESEETMVLEAHDAQGDVPVTVTVHDFPGK.,sp|P01024|CO3_HUMAN,"M+16,7[Oxidation]",M+16[Oxidation],89.005,3.0,P01024,P01024,1,True,323,0.9613095238095238,0.03869047619047619,54,0.9310344827586207,27.169259743399568,27.14169877500155
797,.SM+15.995QGGLVGNDETVALTAFVTIALHHGLAVFQDEGAEPLK.,5.596516120433958e-05,abundance,.SM+15.995QGGLVGNDETVALTAFVTIALHHGLAVFQDEGAEPLK.,.SMQGGLVGNDETVALTAFVTIALHHGLAVFQDEGAEPLK.,sp|P0C0L4-2|CO4A_HUMAN;sp|P0C0L4|CO4A_HUMAN;sp|P0C0L5|CO4B_HUMAN;tr|A0A0G2JL54|A0A0G2JL54_HUMAN;tr|A0A0G2JPR0|A0A0G2JPR0_HUMAN;tr|A0A140TA29|A0A140TA29_HUMAN;tr|A0A140TA32|A0A140TA32_HUMAN;tr|A0A140TA44|A0A140TA44_HUMAN;tr|A0A140TA49|A0A140TA49_HUMAN;tr|A0A3B3ISA6|A0A3B3ISA6_HUMAN [further mapped to 1 additional proteins],"M+16,2[Oxidation]",M+16[Oxidation],147.669,4.0,P0C0L4,P0C0L4;P0C0L5;A0A0G2JL54;A0A0G2JPR0;A0A140TA29;A0A140TA32;A0A140TA44;A0A140TA49;A0A3B3ISA6,9,False,316,0.9404761904761905,0.05952380952380952,55,0.9482758620689655,27.9227163870847,27.786877947081024
798,.D-18.011VFLGMFLYEYAR.,5.5864685251001944e-05,abundance,.D-18.011VFLGMFLYEYAR.,.DVFLGMFLYEYAR.,sp|P02768-2|ALBU_HUMAN;sp|P02768|ALBU_HUMAN;tr|A0A0C4DGB6|A0A0C4DGB6_HUMAN;tr|B7WNR0|B7WNR0_HUMAN;tr|C9JKR2|C9JKR2_HUMAN;tr|D6RHD5|D6RHD5_HUMAN;tr|H0YA55|H0YA55_HUMAN,"D-18,1[Dehydrated]",D-18[Dehydrated],15.921,2.0,P02768,P02768;A0A0C4DGB6;B7WNR0;C9JKR2;D6RHD5;H0YA55,6,False,311,0.9255952380952381,0.0744047619047619,52,0.896551724137931,24.74303959985401,24.64299011005965
799,.R-28.006IYGNQDTSSQLK.,5.578535083516242e-05,abundance,.R-28.006IYGNQDTSSQLK.,.RIYGNQDTSSQLK.,sp|P19823|ITIH2_HUMAN;tr|Q5T985|Q5T985_HUMAN,"R-28,1[R->K/1]",R-28[R->K/1],0.0,2.0,P19823,P19823;Q5T985,2,False,240,0.7142857142857143,0.2857142857142857,45,0.7758620689655172,24.285108282296072,24.23526437965928
800,.FSGSGSG+58.005TDFTLK.__missing,5.57180640895298e-05,missingness,.FSGSGSG+58.005TDFTLK,,,,,,,,,0,False,0,0.0,1.0,0,0.0,,
801,.ADDKET+236.214C+47.944FAEEGK.__missing,5.543297953308971e-05,missingness,.ADDKET+236.214C+47.944FAEEGK,,,,,,,,,0,False,0,0.0,1.0,0,0.0,,
802,.VPQTDM+15.995TFR.,5.542336231637467e-05,abundance,.VPQTDM+15.995TFR.,.VPQTDMTFR.,sp|P04114|APOB_HUMAN,"M+16,6[Oxidation]",M+16[Oxidation],9.012,2.0,P04114,P04114,1,True,326,0.9702380952380952,0.02976190476190476,55,0.9482758620689655,27.326359516303206,27.080385793257356
803,.AVM+31.990DDFAAFVEK.,5.5400143572489257e-05,abundance,.AVM+31.990DDFAAFVEK.,.AVMDDFAAFVEK.,sp|P02768-2|ALBU_HUMAN;sp|P02768-3|ALBU_HUMAN;sp|P02768|ALBU_HUMAN;tr|A0A087WWT3|A0A087WWT3_HUMAN;tr|A0A0C4DGB6|A0A0C4DGB6_HUMAN;tr|B7WNR0|B7WNR0_HUMAN;tr|C9JKR2|C9JKR2_HUMAN;tr|D6RHD5|D6RHD5_HUMAN;tr|H0YA55|H0YA55_HUMAN,"M+32,3[Dioxidation]",M+32[Dioxidation],24.642,2.0,P02768,P02768;A0A087WWT3;A0A0C4DGB6;B7WNR0;C9JKR2;D6RHD5;H0YA55,7,False,203,0.6041666666666666,0.3958333333333333,40,0.6896551724137931,24.855700150189616,24.760220194603967
804,.DIVMTQSPD+14.016SLAVSLGER.__missing,5.53315869432797e-05,missingness,.DIVMTQSPD+14.016SLAVSLGER,,,,,,,,,0,False,0,0.0,1.0,0,0.0,,
805,.TQQPQQDEM+15.995PSPTFLTQVK.,5.528887574778389e-05,abundance,.TQQPQQDEM+15.995PSPTFLTQVK.,.TQQPQQDEMPSPTFLTQVK.,sp|P02655|APOC2_HUMAN;tr|A0A024R0T9|A0A024R0T9_HUMAN;tr|K7ER74|K7ER74_HUMAN;tr|Q6P163|Q6P163_HUMAN;tr|V9GYJ8|V9GYJ8_HUMAN,"M+16,9[Oxidation]",M+16[Oxidation],1000.0,2.0,P02655,P02655;A0A024R0T9;K7ER74;Q6P163;V9GYJ8,5,False,318,0.9464285714285714,0.05357142857142857,52,0.896551724137931,27.149956634779915,27.115556799573955
806,.SPLFM+15.995GK.,5.507639621645086e-05,abundance,.SPLFM+15.995GK.,.SPLFMGK.,sp|P01009|A1AT_HUMAN;tr|A0A024R6I7|A0A024R6I7_HUMAN,"M+16,5[Oxidation]",M+16[Oxidation],4.715,2.0,P01009,P01009;A0A024R6I7,2,False,325,0.9672619047619048,0.03273809523809524,55,0.9482758620689655,31.732561465086686,31.561359484698723
807,.-17.027QVPAHAR.,5.488731996550156e-05,abundance,.-17.027QVPAHAR.,.QVPAHAR.,sp|P00751|CFAB_HUMAN;tr|B4E1Z4|B4E1Z4_HUMAN;tr|E7ETN3|E7ETN3_HUMAN;tr|H7C5H1|H7C5H1_HUMAN,"Q-17,1[Gln->pyro-Glu]",Q-17[Gln->pyro-Glu],5.204,2.0,P00751,P00751;B4E1Z4;E7ETN3;H7C5H1,4,False,323,0.9613095238095238,0.03869047619047619,55,0.9482758620689655,27.358914939751724,27.625499280564974
808,.LSPLGEEM+31.990RDR.__missing,5.4846628950898995e-05,missingness,.LSPLGEEM+31.990RDR,,,,,,,,,0,False,0,0.0,1.0,0,0.0,,
809,.FT-14.016ISRDDSK.__missing,5.457555137854863e-05,missingness,.FT-14.016ISRDDSK,,,,,,,,,0,False,0,0.0,1.0,0,0.0,,
810,.FDVSSFNPHGISTFTDEDNAM+15.995YLLVVNHPDAK.__missing,5.457279223549926e-05,missingness,.FDVSSFNPHGISTFTDEDNAM+15.995YLLVVNHPDAK,,,,,,,,,0,False,0,0.0,1.0,0,0.0,,
811,.VDNALQSGN+22.966SQESVTEQDSK.__missing,5.430868325309907e-05,missingness,.VDNALQSGN+22.966SQESVTEQDSK,,,,,,,,,0,False,0,0.0,1.0,0,0.0,,
812,.LHDRN+0.984TYEK.,5.407373823483965e-05,abundance,.LHDRN+0.984TYEK.,.LHDRNTYEK.,sp|P02787|TRFE_HUMAN,"N+1,5[Deamidated]",N+1[Deamidated],1000.0,2.0,P02787,P02787,1,True,323,0.9613095238095238,0.03869047619047619,54,0.9310344827586207,28.801449226680166,28.685613855833335
813,.GDFSSANNRDNTYN+0.984R.,5.398129920577561e-05,abundance,.GDFSSANNRDNTYN+0.984R.,.GDFSSANNRDNTYNR.,sp|P02671-2|FIBA_HUMAN;sp|P02671|FIBA_HUMAN;tr|A0A087WUA0|A0A087WUA0_HUMAN,"N+1,14[Deamidated]",N+1[Deamidated],1000.0,3.0,P02671,P02671;A0A087WUA0,2,False,180,0.5357142857142857,0.4642857142857143,50,0.8620689655172413,27.46497362627292,27.210161199197703
814,.VT-30.011VLGQPK.__missing,5.388860162941608e-05,missingness,.VT-30.011VLGQPK,,,,,,,,,0,False,0,0.0,1.0,0,0.0,,
815,.W+3.995FYIASAFR.,5.3771218080007493e-05,abundance,.W+3.995FYIASAFR.,.WFYIASAFR.,sp|P02763|A1AG1_HUMAN;sp|P19652|A1AG2_HUMAN,"W+4,1[Trp->Kynurenin]",W+4[Trp->Kynurenin],8.387,2.0,P02763,P02763;P19652,2,False,210,0.625,0.375,38,0.6551724137931034,23.865595848772273,23.82726047621637
816,.VSFLSALEE+42.047YTK.,5.373858795151332e-05,abundance,.VSFLSALEE+42.047YTK.,.VSFLSALEEYTK.,sp|P02647|APOA1_HUMAN;tr|F8W696|F8W696_HUMAN,"E+42,9[Propyl]",E+42[Propyl],1000.0,2.0,P02647,P02647;F8W696,2,False,297,0.8839285714285714,0.11607142857142858,52,0.896551724137931,25.608132182668793,25.44544540490317
817,.EIGELYLPK+42.047.,5.3710937174954746e-05,abundance,.EIGELYLPK+42.047.,.EIGELYLPK.,sp|P01011|AACT_HUMAN;tr|G3V3A0|G3V3A0_HUMAN,"Z+42,9[Propyl]",Z+42[Propyl],11.02,2.0,P01011,P01011;G3V3A0,2,False,302,0.8988095238095238,0.10119047619047619,53,0.9137931034482759,24.200459769112,24.070513850792832
818,.VVSVLTVLHQDWLN-18.011.,5.3590050581785254e-05,abundance,.VVSVLTVLHQDWLN-18.011.,.VVSVLTVLHQDWLN.,sp|P01857|IGHG1_HUMAN;sp|P01860|IGHG3_HUMAN;sp|P01861|IGHG4_HUMAN;tr|A0A0A0MS08|A0A0A0MS08_HUMAN;tr|A0A286YES1|A0A286YES1_HUMAN;tr|A0A286YFJ8|A0A286YFJ8_HUMAN,"N-18,14[Dehydrated]",N-18[Dehydrated],25.332,2.0,P01857,P01857;P01860;P01861;A0A0A0MS08;A0A286YES1;A0A286YFJ8,6,False,226,0.6726190476190477,0.3273809523809524,43,0.7413793103448276,25.72650535294667,25.56618154795123
819,.VFLGM+15.995FLYEYAR.,5.347055987684795e-05,abundance,.VFLGM+15.995FLYEYAR.,.VFLGMFLYEYAR.,sp|P02768-2|ALBU_HUMAN;sp|P02768|ALBU_HUMAN;tr|A0A0C4DGB6|A0A0C4DGB6_HUMAN;tr|B7WNR0|B7WNR0_HUMAN;tr|C9JKR2|C9JKR2_HUMAN;tr|D6RHD5|D6RHD5_HUMAN;tr|H0YA55|H0YA55_HUMAN,"M+16,5[Oxidation]",M+16[Oxidation],17.188,2.0,P02768,P02768;A0A0C4DGB6;B7WNR0;C9JKR2;D6RHD5;H0YA55,6,False,230,0.6845238095238095,0.31547619047619047,44,0.7586206896551724,24.462666084019762,24.16792308454759
820,.AISGGSIQIENGYFVHYFAPEGLTTM+15.995PK.,5.332919039132941e-05,abundance,.AISGGSIQIENGYFVHYFAPEGLTTM+15.995PK.,.AISGGSIQIENGYFVHYFAPEGLTTMPK.,sp|Q14624-2|ITIH4_HUMAN;sp|Q14624-3|ITIH4_HUMAN;sp|Q14624-4|ITIH4_HUMAN;sp|Q14624|ITIH4_HUMAN;tr|B7ZKJ8|B7ZKJ8_HUMAN;tr|H7C0L5|H7C0L5_HUMAN,"M+16,26[Oxidation]",M+16[Oxidation],114.647,3.0,Q14624,Q14624;B7ZKJ8;H7C0L5,3,False,310,0.9226190476190477,0.07738095238095238,52,0.896551724137931,27.162930871812073,26.93701795191835
821,.EITALAPSTM+15.995K.,5.331622213058031e-05,abundance,.EITALAPSTM+15.995K.,.EITALAPSTMK.,sp|P60709|ACTB_HUMAN;sp|P62736|ACTA_HUMAN;sp|P63261|ACTG_HUMAN;sp|P63267-2|ACTH_HUMAN;sp|P63267|ACTH_HUMAN;sp|P68032|ACTC_HUMAN;sp|P68133|ACTS_HUMAN;tr|A0A2R8YFE2|A0A2R8YFE2_HUMAN;tr|A6NL76|A6NL76_HUMAN,"M+16,10[Oxidation]",M+16[Oxidation],16.507,2.0,P60709,P60709;P62736;P63261;P63267;P68032;P68133;A0A2R8YFE2;A6NL76,8,False,275,0.8184523809523809,0.18154761904761904,50,0.8620689655172413,25.06350782035128,25.091682501959088
822,.RH+57.021PYFYAPELLFFAK.,5.3202503700834836e-05,abundance,.RH+57.021PYFYAPELLFFAK.,.RHPYFYAPELLFFAK.,sp|P02768|ALBU_HUMAN;tr|A0A0C4DGB6|A0A0C4DGB6_HUMAN;tr|B7WNR0|B7WNR0_HUMAN;tr|D6RHD5|D6RHD5_HUMAN;tr|H0YA55|H0YA55_HUMAN;tr|H7C013|H7C013_HUMAN,"H+57,2[Carbamidomethyl]",H+57[Carbamidomethyl],38.445,2.0,P02768,P02768;A0A0C4DGB6;B7WNR0;D6RHD5;H0YA55;H7C013,6,False,317,0.9434523809523809,0.05654761904761905,52,0.896551724137931,27.23360424509101,27.100678724534383
823,.KAGTELVNFLSYFVE+37.956LGTQPATQ.,5.292906590708247e-05,abundance,.KAGTELVNFLSYFVE+37.956LGTQPATQ.,.KAGTELVNFLSYFVELGTQPATQ.,sp|P02652|APOA2_HUMAN;tr|V9GYE3|V9GYE3_HUMAN;tr|V9GYM3|V9GYM3_HUMAN,"E+38,15[Cation:K]",E+38[Cation:K],34.699,3.0,P02652,P02652;V9GYE3;V9GYM3,3,False,282,0.8392857142857143,0.16071428571428573,51,0.8793103448275862,25.12291327435898,24.841189897593868
824,.QGLLPVLESFK+43.006VSFLSALEEYTK.,5.289475437767928e-05,abundance,.QGLLPVLESFK+43.006VSFLSALEEYTK.,.QGLLPVLESFKVSFLSALEEYTK.,sp|P02647|APOA1_HUMAN;tr|F8W696|F8W696_HUMAN,"K+43,11[Carbamyl]",K+43[Carbamyl],60.241,3.0,P02647,P02647;F8W696,2,False,311,0.9255952380952381,0.0744047619047619,50,0.8620689655172413,23.35730312006083,23.32387772270796
825,.TEHPFTVEEFVLPK+42.047.__missing,5.2753690984404577e-05,missingness,.TEHPFTVEEFVLPK+42.047,,,,,,,,,0,False,0,0.0,1.0,0,0.0,,
826,.STAAM+15.995STYTGIFTDQVLSVLK.,5.274633162257923e-05,abundance,.STAAM+15.995STYTGIFTDQVLSVLK.,.STAAMSTYTGIFTDQVLSVLK.,sp|P02655|APOC2_HUMAN;tr|A0A024R0T9|A0A024R0T9_HUMAN;tr|K7ER74|K7ER74_HUMAN;tr|V9GYJ8|V9GYJ8_HUMAN,"M+16,5[Oxidation]",M+16[Oxidation],34.153,2.0,P02655,P02655;A0A024R0T9;K7ER74;V9GYJ8,4,False,307,0.9136904761904762,0.08630952380952381,51,0.8793103448275862,26.305495132008538,26.22521723879274
827,.VDN-17.027ALQSGNSQESVTEQDSK.,5.273298781163825e-05,abundance,.VDN-17.027ALQSGNSQESVTEQDSK.,.VDNALQSGNSQESVTEQDSK.,sp|P01834|IGKC_HUMAN,"N-17,3[Ammonia-loss]",N-17[Ammonia-loss],36.899,2.0,P01834,P01834,1,True,290,0.8630952380952381,0.13690476190476192,49,0.8448275862068966,24.942917859995227,24.929049308203997
828,.-17.027QEPERNEC+47.985FLQHKDDNPNLPR.,5.27193354780772e-05,abundance,.-17.027QEPERNEC+47.985FLQHKDDNPNLPR.,.QEPERNECFLQHKDDNPNLPR.,sp|P02768-3|ALBU_HUMAN;sp|P02768|ALBU_HUMAN;tr|A0A087WWT3|A0A087WWT3_HUMAN;tr|A0A0C4DGB6|A0A0C4DGB6_HUMAN;tr|H7C013|H7C013_HUMAN,"Q-17,1[Gln->pyro-Glu] & C+48,8[Trioxidation]",Q-17[Gln->pyro-Glu],29.867,3.0,P02768,P02768;A0A087WWT3;A0A0C4DGB6;H7C013,4,False,290,0.8630952380952381,0.13690476190476192,49,0.8448275862068966,27.075759400042394,26.96319122230875
829,.EATIPGHLN+0.984SYTIK.,5.25784403121195e-05,abundance,.EATIPGHLN+0.984SYTIK.,.EATIPGHLNSYTIK.,sp|P02751-10|FINC_HUMAN;sp|P02751-11|FINC_HUMAN;sp|P02751-12|FINC_HUMAN;sp|P02751-13|FINC_HUMAN;sp|P02751-14|FINC_HUMAN;sp|P02751-15|FINC_HUMAN;sp|P02751-17|FINC_HUMAN;sp|P02751-3|FINC_HUMAN;sp|P02751-4|FINC_HUMAN;sp|P02751-5|FINC_HUMAN [further mapped to 5 additional proteins],"N+1,9[Deamidated]",N+1[Deamidated],25.045,2.0,P02751,P02751,1,True,170,0.5059523809523809,0.49404761904761907,33,0.5689655172413793,24.597449354660807,24.44426894635448
830,.VVSVLTVLHQD-18.011W+15.995LNGK.,5.2506889006527074e-05,abundance,.VVSVLTVLHQD-18.011W+15.995LNGK.,.VVSVLTVLHQDWLNGK.,sp|P01857|IGHG1_HUMAN;sp|P01860|IGHG3_HUMAN;sp|P01861|IGHG4_HUMAN;tr|A0A0A0MS08|A0A0A0MS08_HUMAN;tr|A0A286YES1|A0A286YES1_HUMAN;tr|A0A286YFJ8|A0A286YFJ8_HUMAN,"D-18,11[Dehydrated] & W+16,12[Oxidation]",D-18[Dehydrated],1000.0,3.0,P01857,P01857;P01860;P01861;A0A0A0MS08;A0A286YES1;A0A286YFJ8,6,False,239,0.7113095238095238,0.28869047619047616,45,0.7758620689655172,25.607826582662558,25.53091162731144
831,.HQGVM+15.995VGMGQK.,5.2265920149855705e-05,abundance,.HQGVM+15.995VGMGQK.,.HQGVMVGMGQK.,sp|P60709|ACTB_HUMAN;sp|P62736|ACTA_HUMAN;sp|P63261|ACTG_HUMAN;sp|P63267|ACTH_HUMAN;sp|P68032|ACTC_HUMAN;sp|P68133|ACTS_HUMAN;sp|Q562R1|ACTBL_HUMAN;tr|A0A2R8Y793|A0A2R8Y793_HUMAN;tr|A0A2R8YGF8|A0A2R8YGF8_HUMAN;tr|A6NL76|A6NL76_HUMAN [further mapped to 15 additional proteins],"M+16,5[Oxidation]",M+16[Oxidation],1000.0,2.0,P60709,P60709;P62736;P63261;P63267;P68032;P68133;Q562R1;A0A2R8Y793;A0A2R8YGF8;A6NL76,10,False,314,0.9345238095238095,0.06547619047619048,54,0.9310344827586207,24.199865254383294,24.126999086193678
832,.-17.027QGALELIKK.,5.2194170617961425e-05,abundance,.-17.027QGALELIKK.,.QGALELIKK.,sp|P01024|CO3_HUMAN,"Q-17,1[Gln->pyro-Glu]",Q-17[Gln->pyro-Glu],19.046,2.0,P01024,P01024,1,True,226,0.6726190476190477,0.3273809523809524,49,0.8448275862068966,27.148210536867296,26.56366642374726
833,.VFSNGADLSGVTEEAPLK+42.047.,5.2124395892753555e-05,abundance,.VFSNGADLSGVTEEAPLK+42.047.,.VFSNGADLSGVTEEAPLK.,sp|P01009-2|A1AT_HUMAN;sp|P01009|A1AT_HUMAN;tr|A0A024R6I7|A0A024R6I7_HUMAN;tr|A0A0G2JRN3|A0A0G2JRN3_HUMAN,"Z+42,18[Propyl]",Z+42[Propyl],1000.0,2.0,P01009,P01009;A0A024R6I7;A0A0G2JRN3,3,False,291,0.8660714285714286,0.13392857142857142,51,0.8793103448275862,26.924110428433288,26.86760868040229
834,.H+57.021YEGSTVPEKK.,5.2086092505085124e-05,abundance,.H+57.021YEGSTVPEKK.,.HYEGSTVPEKK.,sp|P00738-2|HPT_HUMAN;sp|P00738|HPT_HUMAN;tr|A0A087WU08|A0A087WU08_HUMAN;tr|A0A0C4DGL8|A0A0C4DGL8_HUMAN;tr|H0Y300|H0Y300_HUMAN;tr|J3QLC9|J3QLC9_HUMAN;tr|J3QR68|J3QR68_HUMAN,"H+57,1[Carbamidomethyl]",H+57[Carbamidomethyl],1000.0,2.0,P00738,P00738;A0A087WU08;A0A0C4DGL8;H0Y300;J3QLC9;J3QR68,6,False,317,0.9434523809523809,0.05654761904761905,52,0.896551724137931,27.42270214248048,27.26865672941055
835,.EFNAETFTFHADIC+119.004T-30.011LSEK.__missing,5.206304416146764e-05,missingness,.EFNAETFTFHADIC+119.004T-30.011LSEK,,,,,,,,,0,False,0,0.0,1.0,0,0.0,,
836,.ALVLIAFAQYLQQC+47.985PFEDHVK.,5.202335490467128e-05,abundance,.ALVLIAFAQYLQQC+47.985PFEDHVK.,.ALVLIAFAQYLQQCPFEDHVK.,sp|P02768-3|ALBU_HUMAN;sp|P02768|ALBU_HUMAN;tr|A0A087WWT3|A0A087WWT3_HUMAN;tr|A0A0C4DGB6|A0A0C4DGB6_HUMAN;tr|H7C013|H7C013_HUMAN,"C+48,14[Trioxidation]",C+48[Trioxidation],1000.0,2.0,P02768,P02768;A0A087WWT3;A0A0C4DGB6;H7C013,4,False,320,0.9523809523809523,0.047619047619047616,53,0.9137931034482759,30.145588967505656,30.17732324241327
837,.VTSIQD-18.011W+15.995VQK.,5.196195605323121e-05,abundance,.VTSIQD-18.011W+15.995VQK.,.VTSIQDWVQK.,sp|P00738-2|HPT_HUMAN;sp|P00738|HPT_HUMAN;tr|A0A087WU08|A0A087WU08_HUMAN;tr|A0A0C4DGL8|A0A0C4DGL8_HUMAN;tr|H0Y300|H0Y300_HUMAN;tr|J3QLC9|J3QLC9_HUMAN;tr|J3QR68|J3QR68_HUMAN,"D-18,6[Dehydrated] & W+16,7[Oxidation]",D-18[Dehydrated],1000.0,2.0,P00738,P00738;A0A087WU08;A0A0C4DGL8;H0Y300;J3QLC9;J3QR68,6,False,187,0.5565476190476191,0.44345238095238093,36,0.6206896551724138,24.581672507747243,24.539284959429743
838,.+298.146LVNEVTEFAK.,5.19253780391824e-05,abundance,.+298.146LVNEVTEFAK.,.LVNEVTEFAK.,sp|P02768-3|ALBU_HUMAN;sp|P02768|ALBU_HUMAN;tr|A0A087WWT3|A0A087WWT3_HUMAN;tr|A0A0C4DGB6|A0A0C4DGB6_HUMAN;tr|H7C013|H7C013_HUMAN,"X+298,1[biotinAcrolein298]",X+298[biotinAcrolein298],15.612,2.0,P02768,P02768;A0A087WWT3;A0A0C4DGB6;H7C013,4,False,178,0.5297619047619048,0.47023809523809523,43,0.7413793103448276,25.898825069378944,26.23681582504991
839,.VVSVLTVLHQDWLN+0.984GK.,5.159195923979512e-05,abundance,.VVSVLTVLHQDWLN+0.984GK.,.VVSVLTVLHQDWLNGK.,sp|P01857|IGHG1_HUMAN;sp|P01860|IGHG3_HUMAN;sp|P01861|IGHG4_HUMAN;tr|A0A0A0MS08|A0A0A0MS08_HUMAN;tr|A0A286YES1|A0A286YES1_HUMAN;tr|A0A286YFJ8|A0A286YFJ8_HUMAN,"N+1,14[Deamidated]",N+1[Deamidated],1000.0,2.0,P01857,P01857;P01860;P01861;A0A0A0MS08;A0A286YES1;A0A286YFJ8,6,False,325,0.9672619047619048,0.03273809523809524,55,0.9482758620689655,32.94200051564732,32.81151086107284
840,.LLDN+0.984WDSVTSTFSK.,5.1419720163798316e-05,abundance,.LLDN+0.984WDSVTSTFSK.,.LLDNWDSVTSTFSK.,sp|P02647|APOA1_HUMAN;tr|F8W696|F8W696_HUMAN,"N+1,4[Deamidated]",N+1[Deamidated],1000.0,2.0,P02647,P02647;F8W696,2,False,318,0.9464285714285714,0.05357142857142857,52,0.896551724137931,27.200268335386802,27.222185523388003
841,.DLYSGLIGPLIVC-33.988R.,5.141339415696122e-05,abundance,.DLYSGLIGPLIVC-33.988R.,.DLYSGLIGPLIVCR.,sp|P00450|CERU_HUMAN;tr|E9PFZ2|E9PFZ2_HUMAN;tr|H7C5N5|H7C5N5_HUMAN;tr|H7C5R1|H7C5R1_HUMAN,"C-34,13[Cys->Dha]",C-34[Cys->Dha],0.0,2.0,P00450,P00450;E9PFZ2;H7C5N5;H7C5R1,4,False,254,0.7559523809523809,0.24404761904761904,46,0.7931034482758621,23.796593395404678,23.595518445909434
842,.DVFLGMFLYE+42.047YAR.,5.107958299311147e-05,abundance,.DVFLGMFLYE+42.047YAR.,.DVFLGMFLYEYAR.,sp|P02768-2|ALBU_HUMAN;sp|P02768|ALBU_HUMAN;tr|A0A0C4DGB6|A0A0C4DGB6_HUMAN;tr|B7WNR0|B7WNR0_HUMAN;tr|C9JKR2|C9JKR2_HUMAN;tr|D6RHD5|D6RHD5_HUMAN;tr|H0YA55|H0YA55_HUMAN,"E+42,10[Propyl]",E+42[Propyl],1000.0,2.0,P02768,P02768;A0A0C4DGB6;B7WNR0;C9JKR2;D6RHD5;H0YA55,6,False,202,0.6011904761904762,0.39880952380952384,47,0.8103448275862069,23.252940457667947,23.030156868300274
843,.LV+15.995NEVTEFAK.,5.095623960997807e-05,abundance,.LV+15.995NEVTEFAK.,.LVNEVTEFAK.,sp|P02768-3|ALBU_HUMAN;sp|P02768|ALBU_HUMAN;tr|A0A087WWT3|A0A087WWT3_HUMAN;tr|A0A0C4DGB6|A0A0C4DGB6_HUMAN;tr|H7C013|H7C013_HUMAN,"V+16,2[Oxidation]",V+16[Oxidation],16.842,2.0,P02768,P02768;A0A087WWT3;A0A0C4DGB6;H7C013,4,False,230,0.6845238095238095,0.31547619047619047,39,0.6724137931034483,25.08443138374327,25.096152890671203
844,.ATEH-22.032LSTLSEK.,5.0893138468414884e-05,abundance,.ATEH-22.032LSTLSEK.,.ATEHLSTLSEK.,sp|P02647|APOA1_HUMAN;tr|F8W696|F8W696_HUMAN,"H-22,4[H->D/1]",H-22[H->D/1],20.816,2.0,P02647,P02647;F8W696,2,False,176,0.5238095238095238,0.47619047619047616,44,0.7586206896551724,24.681690899039566,24.644756848188237
845,.LSIN+0.984THPSQK.,5.082744436445994e-05,abundance,.LSIN+0.984THPSQK.,.LSINTHPSQK.,sp|P01024|CO3_HUMAN,"N+1,4[Deamidated]",N+1[Deamidated],1000.0,2.0,P01024,P01024,1,True,302,0.8988095238095238,0.10119047619047619,50,0.8620689655172413,24.576790657553964,24.47550163707252
846,.MEEM+15.995GSR.,5.0678801300581326e-05,abundance,.MEEM+15.995GSR.,.MEEMGSR.,sp|P02649|APOE_HUMAN;tr|H0Y7L5|H0Y7L5_HUMAN,"M+16,4[Oxidation]",M+16[Oxidation],5.204,2.0,P02649,P02649;H0Y7L5,2,False,208,0.6190476190476191,0.38095238095238093,44,0.7586206896551724,24.28700523119707,23.957543221485626
847,.LGEHNIDVLEGNEQFINAAK+28.031IITHPNFNGNTLDNDIMLIK.,5.058356828297957e-05,abundance,.LGEHNIDVLEGNEQFINAAK+28.031IITHPNFNGNTLDNDIMLIK.,.LGEHNIDVLEGNEQFINAAKIITHPNFNGNTLDNDIMLIK.,TRYP_PIG,"K+28,20[Dimethyl]",K+28[Dimethyl],0.0,4.0,,,0,False,317,0.9434523809523809,0.05654761904761905,54,0.9310344827586207,27.086720737496183,26.98681561809777
848,.Q+0.984YRN-17.027GESVKLHLETDSLALVALGALDTALYAAGSK.,5.056841456702369e-05,abundance,.Q+0.984YRN-17.027GESVKLHLETDSLALVALGALDTALYAAGSK.,.QYRNGESVKLHLETDSLALVALGALDTALYAAGSK.,sp|P0C0L4-2|CO4A_HUMAN;sp|P0C0L4|CO4A_HUMAN;sp|P0C0L5|CO4B_HUMAN;tr|A0A0G2JL54|A0A0G2JL54_HUMAN;tr|A0A0G2JPR0|A0A0G2JPR0_HUMAN;tr|A0A140TA29|A0A140TA29_HUMAN;tr|A0A140TA32|A0A140TA32_HUMAN;tr|A0A140TA44|A0A140TA44_HUMAN;tr|A0A140TA49|A0A140TA49_HUMAN;tr|A0A3B3ISA6|A0A3B3ISA6_HUMAN [further mapped to 1 additional proteins],"Q+1,1[Deamidated] & N-17,4[Ammonia-loss]",Q+1[Deamidated],0.0,4.0,P0C0L4,P0C0L4;P0C0L5;A0A0G2JL54;A0A0G2JPR0;A0A140TA29;A0A140TA32;A0A140TA44;A0A140TA49;A0A3B3ISA6,9,False,180,0.5357142857142857,0.4642857142857143,40,0.6896551724137931,24.165187897879015,23.851140431016947
849,.QN+0.984GAALTSASILAQQVWGTLVLLQR.,5.0507022462521375e-05,abundance,.QN+0.984GAALTSASILAQQVWGTLVLLQR.,.QNGAALTSASILAQQVWGTLVLLQR.,sp|Q96PD5-2|PGRP2_HUMAN;sp|Q96PD5|PGRP2_HUMAN,"N+1,2[Deamidated]",N+1[Deamidated],31.741,3.0,Q96PD5,Q96PD5,1,True,307,0.9136904761904762,0.08630952380952381,50,0.8620689655172413,22.04561336750782,21.95641185181739
850,.-18.011ETEGLRQEMSK.,5.006988148391867e-05,abundance,.-18.011ETEGLRQEMSK.,.ETEGLRQEMSK.,sp|P02647|APOA1_HUMAN;tr|F8W696|F8W696_HUMAN,"E-18,1[Glu->pyro-Glu]",E-18[Glu->pyro-Glu],1000.0,2.0,P02647,P02647;F8W696,2,False,317,0.9434523809523809,0.05654761904761905,52,0.896551724137931,27.560948869809856,27.394369179452358
851,.ATEHLSTLS+238.230EK.__missing,5.000406858781935e-05,missingness,.ATEHLSTLS+238.230EK,,,,,,,,,0,False,0,0.0,1.0,0,0.0,,
852,.VPM+15.995M+15.995NSK.,4.981939666063214e-05,abundance,.VPM+15.995M+15.995NSK.,.VPMMNSK.,sp|P05155-2|IC1_HUMAN;sp|P05155-3|IC1_HUMAN;sp|P05155|IC1_HUMAN;tr|E9PGN7|E9PGN7_HUMAN;tr|H0YCA1|H0YCA1_HUMAN;tr|H9KV48|H9KV48_HUMAN,"M+16,3[Oxidation] & M+16,4[Oxidation]",M+16[Oxidation],4.038,2.0,P05155,P05155;E9PGN7;H0YCA1;H9KV48,4,False,311,0.9255952380952381,0.0744047619047619,52,0.896551724137931,26.59698123868661,26.371253697430973
853,.EPC+47.985VESLVSQYFQTVTDYGK.,4.969124435220652e-05,abundance,.EPC+47.985VESLVSQYFQTVTDYGK.,.EPCVESLVSQYFQTVTDYGK.,sp|P02652|APOA2_HUMAN;tr|V9GYC1|V9GYC1_HUMAN;tr|V9GYG9|V9GYG9_HUMAN;tr|V9GYM3|V9GYM3_HUMAN;tr|V9GYS1|V9GYS1_HUMAN,"C+48,3[Trioxidation]",C+48[Trioxidation],12.825,2.0,P02652,P02652;V9GYC1;V9GYG9;V9GYM3;V9GYS1,5,False,318,0.9464285714285714,0.05357142857142857,52,0.896551724137931,26.33612705638774,26.30188655713653
854,.TEGRPDM+15.995K.,4.952291267192903e-05,abundance,.TEGRPDM+15.995K.,.TEGRPDMK.,sp|O95445-2|APOM_HUMAN;sp|O95445|APOM_HUMAN;tr|Q5SRP5|Q5SRP5_HUMAN,"M+16,7[Oxidation]",M+16[Oxidation],4.825,2.0,O95445,O95445;Q5SRP5,2,False,197,0.5863095238095238,0.41369047619047616,37,0.6379310344827587,24.586882211812625,23.927625213839733
855,.+43.006DAHKSEVAHR.,4.912645529136007e-05,abundance,.+43.006DAHKSEVAHR.,.DAHKSEVAHR.,sp|P02768-2|ALBU_HUMAN;sp|P02768-3|ALBU_HUMAN;sp|P02768|ALBU_HUMAN;tr|A0A087WWT3|A0A087WWT3_HUMAN;tr|A0A0C4DGB6|A0A0C4DGB6_HUMAN;tr|B7WNR0|B7WNR0_HUMAN;tr|C9JKR2|C9JKR2_HUMAN;tr|H7C013|H7C013_HUMAN,"X+43,1[Carbamyl]",X+43[Carbamyl],1000.0,2.0,P02768,P02768;A0A087WWT3;A0A0C4DGB6;B7WNR0;C9JKR2;H7C013,6,False,312,0.9285714285714286,0.07142857142857142,51,0.8793103448275862,26.9295965536053,26.763033998235596
856,.LVNEV+15.995TEFAK.,4.903230278722282e-05,abundance,.LVNEV+15.995TEFAK.,.LVNEVTEFAK.,sp|P02768-3|ALBU_HUMAN;sp|P02768|ALBU_HUMAN;tr|A0A087WWT3|A0A087WWT3_HUMAN;tr|A0A0C4DGB6|A0A0C4DGB6_HUMAN;tr|H7C013|H7C013_HUMAN,"V+16,5[Oxidation]",V+16[Oxidation],1000.0,2.0,P02768,P02768;A0A087WWT3;A0A0C4DGB6;H7C013,4,False,286,0.8511904761904762,0.1488095238095238,50,0.8620689655172413,24.94423497929094,24.86373169495325
857,.LDELR+54.011DEGK.,4.887976912694936e-05,abundance,.LDELR+54.011DEGK.,.LDELRDEGK.,sp|P02768|ALBU_HUMAN;tr|A0A0C4DGB6|A0A0C4DGB6_HUMAN;tr|B7WNR0|B7WNR0_HUMAN;tr|D6RHD5|D6RHD5_HUMAN;tr|H0YA55|H0YA55_HUMAN,"R+54,5[Delta:H(2)C(3)O(1)]",R+54[Delta:H(2)C(3)O(1)],1000.0,2.0,P02768,P02768;A0A0C4DGB6;B7WNR0;D6RHD5;H0YA55,5,False,316,0.9404761904761905,0.05952380952380952,51,0.8793103448275862,25.503435223562327,25.553480437573924
858,.MADEAGSEADHEGTH+57.021STK.__missing,4.880813281325699e-05,missingness,.MADEAGSEADHEGTH+57.021STK,,,,,,,,,0,False,0,0.0,1.0,0,0.0,,
859,.VFDEFKPLVEEPQNLIKQN-17.027C-33.988ELFEQLGEYK.__missing,4.857698527023788e-05,missingness,.VFDEFKPLVEEPQNLIKQN-17.027C-33.988ELFEQLGEYK,,,,,,,,,0,False,0,0.0,1.0,0,0.0,,
860,.FAHNVVTM+15.995R.__missing,4.8549592956635085e-05,missingness,.FAHNVVTM+15.995R,,,,,,,,,0,False,0,0.0,1.0,0,0.0,,
861,.EGFGHLSPTGTTEFWLGNEK+42.047.__missing,4.8391572212928026e-05,missingness,.EGFGHLSPTGTTEFWLGNEK+42.047,,,,,,,,,0,False,0,0.0,1.0,0,0.0,,
862,.HPYFYAPELLFFAK+27.995R.,4.8347957003740194e-05,abundance,.HPYFYAPELLFFAK+27.995R.,.HPYFYAPELLFFAKR.,sp|P02768|ALBU_HUMAN;tr|A0A0C4DGB6|A0A0C4DGB6_HUMAN;tr|B7WNR0|B7WNR0_HUMAN;tr|D6RHD5|D6RHD5_HUMAN;tr|H0YA55|H0YA55_HUMAN;tr|H7C013|H7C013_HUMAN,"K+28,14[Formyl]",K+28[Formyl],37.73,2.0,P02768,P02768;A0A0C4DGB6;B7WNR0;D6RHD5;H0YA55;H7C013,6,False,223,0.6636904761904762,0.33630952380952384,44,0.7586206896551724,23.91314726716652,23.82841058631609
863,.AGTELVN+0.984FLSYFVELGTQPATQ.,4.808093480890796e-05,abundance,.AGTELVN+0.984FLSYFVELGTQPATQ.,.AGTELVNFLSYFVELGTQPATQ.,sp|P02652|APOA2_HUMAN;tr|V9GYE3|V9GYE3_HUMAN;tr|V9GYM3|V9GYM3_HUMAN,"N+1,7[Deamidated]",N+1[Deamidated],1000.0,3.0,P02652,P02652;V9GYE3;V9GYM3,3,False,290,0.8630952380952381,0.13690476190476192,48,0.8275862068965517,22.91325759968668,22.99767908972164
864,.M+15.995REWFSETFQK.,4.797368920094867e-05,abundance,.M+15.995REWFSETFQK.,.MREWFSETFQK.,sp|P02654|APOC1_HUMAN;tr|K7ERI9|K7ERI9_HUMAN,"M+16,1[Oxidation]",M+16[Oxidation],24.102,2.0,P02654,P02654;K7ERI9,2,False,326,0.9702380952380952,0.02976190476190476,55,0.9482758620689655,28.65650646863486,28.328196447775817
865,.MADEAGSE+21.982ADHEGTHSTK.,4.774524060476911e-05,abundance,.MADEAGSE+21.982ADHEGTHSTK.,.MADEAGSEADHEGTHSTK.,sp|P02671-2|FIBA_HUMAN;sp|P02671|FIBA_HUMAN,"E+22,8[Cation:Na]",E+22[Cation:Na],27.911,3.0,P02671,P02671,1,True,219,0.6517857142857143,0.3482142857142857,49,0.8448275862068966,23.18993673432575,23.008378939189807
866,.YPIEHGIITNWDDM+15.995EK.,4.7719063074134045e-05,abundance,.YPIEHGIITNWDDM+15.995EK.,.YPIEHGIITNWDDMEK.,sp|P62736|ACTA_HUMAN;sp|P63267|ACTH_HUMAN;sp|P68032|ACTC_HUMAN;sp|P68133|ACTS_HUMAN;tr|A6NL76|A6NL76_HUMAN;tr|B8ZZJ2|B8ZZJ2_HUMAN;tr|C9JFL5|C9JFL5_HUMAN;tr|F6QUT6|F6QUT6_HUMAN;tr|F6UVQ4|F6UVQ4_HUMAN;tr|F8WB63|F8WB63_HUMAN,"M+16,14[Oxidation]",M+16[Oxidation],44.601,3.0,P62736,P62736;P63267;P68032;P68133;A6NL76;B8ZZJ2;C9JFL5;F6QUT6;F6UVQ4;F8WB63,10,False,299,0.8898809523809523,0.11011904761904762,50,0.8620689655172413,25.45100039312813,25.440944115540564
867,.FQNALLVR+54.011YTK.,4.749674743804051e-05,abundance,.FQNALLVR+54.011YTK.,.FQNALLVRYTK.,sp|P02768-2|ALBU_HUMAN;sp|P02768-3|ALBU_HUMAN;sp|P02768|ALBU_HUMAN;tr|A0A087WWT3|A0A087WWT3_HUMAN;tr|A0A0C4DGB6|A0A0C4DGB6_HUMAN;tr|B7WNR0|B7WNR0_HUMAN;tr|C9JKR2|C9JKR2_HUMAN;tr|D6RHD5|D6RHD5_HUMAN;tr|H0YA55|H0YA55_HUMAN,"R+54,8[Delta:H(2)C(3)O(1)]",R+54[Delta:H(2)C(3)O(1)],0.0,2.0,P02768,P02768;A0A087WWT3;A0A0C4DGB6;B7WNR0;C9JKR2;D6RHD5;H0YA55,7,False,318,0.9464285714285714,0.05357142857142857,52,0.896551724137931,26.626782411250154,26.872059916512935
868,.GHMLEN+0.984HVER.__missing,4.74899586794155e-05,missingness,.GHMLEN+0.984HVER,,,,,,,,,0,False,0,0.0,1.0,0,0.0,,
869,.LV+15.995NEVTEFAK.__missing,4.7481953738540016e-05,missingness,.LV+15.995NEVTEFAK,,,,,,,,,0,False,0,0.0,1.0,0,0.0,,
870,.+43.006HQTVPQNTGGK.__missing,4.73849730689697e-05,missingness,.+43.006HQTVPQNTGGK,,,,,,,,,0,False,0,0.0,1.0,0,0.0,,
871,.PEVQFNWYVDGV+31.972EVHNAK.__missing,4.737617579068171e-05,missingness,.PEVQFNWYVDGV+31.972EVHNAK,,,,,,,,,0,False,0,0.0,1.0,0,0.0,,
872,.-17.027QGLLPVLESFKVSFLSALEEYTKKLNTQ.,4.718488934080274e-05,abundance,.-17.027QGLLPVLESFKVSFLSALEEYTKKLNTQ.,.QGLLPVLESFKVSFLSALEEYTKKLNTQ.,sp|P02647|APOA1_HUMAN;tr|F8W696|F8W696_HUMAN,"Q-17,1[Gln->pyro-Glu]",Q-17[Gln->pyro-Glu],56.243,3.0,P02647,P02647;F8W696,2,False,204,0.6071428571428571,0.39285714285714285,38,0.6551724137931034,22.138820228755613,22.027220863255536
873,.ITPNLAE+21.982FAFSLYR.,4.709278960726592e-05,abundance,.ITPNLAE+21.982FAFSLYR.,.ITPNLAEFAFSLYR.,sp|P01009-2|A1AT_HUMAN;sp|P01009-3|A1AT_HUMAN;sp|P01009|A1AT_HUMAN;tr|A0A024R6I7|A0A024R6I7_HUMAN;tr|A0A0B4J278|A0A0B4J278_HUMAN;tr|A0A0G2JRN3|A0A0G2JRN3_HUMAN;tr|G3V387|G3V387_HUMAN;tr|G3V544|G3V544_HUMAN;tr|G3V5R8|G3V5R8_HUMAN,"E+22,7[Cation:Na]",E+22[Cation:Na],21.211,3.0,P01009,P01009;A0A024R6I7;A0A0B4J278;A0A0G2JRN3;G3V387;G3V544;G3V5R8,7,False,297,0.8839285714285714,0.11607142857142858,52,0.896551724137931,24.358235880427774,24.222337367060003
874,.SWFEPLVEDM+15.995QR.,4.7073179397753775e-05,abundance,.SWFEPLVEDM+15.995QR.,.SWFEPLVEDMQR.,sp|P02649|APOE_HUMAN,"M+16,10[Oxidation]",M+16[Oxidation],22.217,2.0,P02649,P02649,1,True,312,0.9285714285714286,0.07142857142857142,52,0.896551724137931,27.47105947661335,27.276215488567857
875,.SGNTFRPEVHLLPPPSEELALNELVTLTC-33.988LAR.,4.7029152837504825e-05,abundance,.SGNTFRPEVHLLPPPSEELALNELVTLTC-33.988LAR.,.SGNTFRPEVHLLPPPSEELALNELVTLTCLAR.,sp|P01876|IGHA1_HUMAN;sp|P01877|IGHA2_HUMAN;tr|A0A0G2JMB2|A0A0G2JMB2_HUMAN;tr|A0A286YEY1|A0A286YEY1_HUMAN;tr|A0A286YEY5|A0A286YEY5_HUMAN,"C-34,29[Cys->Dha]",C-34[Cys->Dha],65.11,3.0,P01876,P01876;P01877;A0A0G2JMB2;A0A286YEY1;A0A286YEY5,5,False,302,0.8988095238095238,0.10119047619047619,52,0.896551724137931,26.757336816634673,26.676280449626272
876,.N+0.984SLYLQMNSLR.__missing,4.682024055383842e-05,missingness,.N+0.984SLYLQMNSLR,,,,,,,,,0,False,0,0.0,1.0,0,0.0,,
877,.KWQEEM+31.990ELYR.,4.654568739685583e-05,abundance,.KWQEEM+31.990ELYR.,.KWQEEMELYR.,sp|P02647|APOA1_HUMAN;tr|F8W696|F8W696_HUMAN,"M+32,6[Dioxidation]",M+32[Dioxidation],1000.0,2.0,P02647,P02647;F8W696,2,False,270,0.8035714285714286,0.19642857142857142,46,0.7931034482758621,26.24660486653599,25.515653595859963
878,.LYHAFSAM+15.995K.,4.636068822399877e-05,abundance,.LYHAFSAM+15.995K.,.LYHAFSAMK.,sp|P05155-2|IC1_HUMAN;sp|P05155-3|IC1_HUMAN;sp|P05155|IC1_HUMAN;tr|E9PGN7|E9PGN7_HUMAN;tr|H9KV48|H9KV48_HUMAN,"M+16,8[Oxidation]",M+16[Oxidation],16.645,2.0,P05155,P05155;E9PGN7;H9KV48,3,False,327,0.9732142857142857,0.026785714285714284,55,0.9482758620689655,27.11364008048973,27.025515054353882
879,.R-28.006LVRPEVDVMC+57.021TAFHDNEETFLK.,4.6250762253389714e-05,abundance,.R-28.006LVRPEVDVMC+57.021TAFHDNEETFLK.,.RLVRPEVDVMCTAFHDNEETFLK.,sp|P02768-3|ALBU_HUMAN;sp|P02768|ALBU_HUMAN;tr|A0A087WWT3|A0A087WWT3_HUMAN;tr|A0A0C4DGB6|A0A0C4DGB6_HUMAN;tr|H7C013|H7C013_HUMAN,"R-28,1[R->K/1]",R-28[R->K/1],0.0,3.0,P02768,P02768;A0A087WWT3;A0A0C4DGB6;H7C013,4,False,268,0.7976190476190477,0.20238095238095238,51,0.8793103448275862,29.304843196536915,29.17971177712879
880,.DLATVYVDVLK+42.047.,4.61924886126684e-05,abundance,.DLATVYVDVLK+42.047.,.DLATVYVDVLK.,sp|P02647|APOA1_HUMAN,"Z+42,11[Propyl]",Z+42[Propyl],1000.0,2.0,P02647,P02647,1,True,316,0.9404761904761905,0.05952380952380952,52,0.896551724137931,26.995897437434543,26.817170699862018
881,.GHM+15.995LENHVER.,4.609370644722443e-05,abundance,.GHM+15.995LENHVER.,.GHMLENHVER.,sp|P19827-2|ITIH1_HUMAN;sp|P19827-3|ITIH1_HUMAN;sp|P19827|ITIH1_HUMAN;tr|H7C0N0|H7C0N0_HUMAN,"M+16,3[Oxidation]",M+16[Oxidation],12.634,2.0,P19827,P19827;H7C0N0,2,False,327,0.9732142857142857,0.026785714285714284,55,0.9482758620689655,27.25854851261225,27.373660194528508
882,.QEPERNEC+47.985FLQHKDDNPNLPR.,4.604670018539118e-05,abundance,.QEPERNEC+47.985FLQHKDDNPNLPR.,.QEPERNECFLQHKDDNPNLPR.,sp|P02768-3|ALBU_HUMAN;sp|P02768|ALBU_HUMAN;tr|A0A087WWT3|A0A087WWT3_HUMAN;tr|A0A0C4DGB6|A0A0C4DGB6_HUMAN;tr|H7C013|H7C013_HUMAN,"C+48,8[Trioxidation]",C+48[Trioxidation],63.909,3.0,P02768,P02768;A0A087WWT3;A0A0C4DGB6;H7C013,4,False,184,0.5476190476190477,0.4523809523809524,40,0.6896551724137931,28.44735512446219,28.244348540697562
883,.EFNAETFTFHADIC-33.988TLSEKER.,4.59695865144353e-05,abundance,.EFNAETFTFHADIC-33.988TLSEKER.,.EFNAETFTFHADICTLSEKER.,sp|P02768-2|ALBU_HUMAN;sp|P02768-3|ALBU_HUMAN;sp|P02768|ALBU_HUMAN;tr|A0A087WWT3|A0A087WWT3_HUMAN;tr|A0A0C4DGB6|A0A0C4DGB6_HUMAN;tr|B7WNR0|B7WNR0_HUMAN;tr|C9JKR2|C9JKR2_HUMAN;tr|D6RHD5|D6RHD5_HUMAN;tr|H0YA55|H0YA55_HUMAN,"C-34,14[Cys->Dha]",C-34[Cys->Dha],0.0,2.0,P02768,P02768;A0A087WWT3;A0A0C4DGB6;B7WNR0;C9JKR2;D6RHD5;H0YA55,7,False,318,0.9464285714285714,0.05357142857142857,52,0.896551724137931,30.702876770399406,30.48947580131749
884,.MGPTELLIEM+15.995EDWKGDK+42.047.,4.567547909523859e-05,abundance,.MGPTELLIEM+15.995EDWKGDK+42.047.,.MGPTELLIEMEDWKGDK.,sp|P02675|FIBB_HUMAN;tr|D6REL8|D6REL8_HUMAN,"M+16,10[Oxidation] & Z+42,17[Propyl]",M+16[Oxidation],24.517,3.0,P02675,P02675;D6REL8,2,False,290,0.8630952380952381,0.13690476190476192,48,0.8275862068965517,24.985718128525363,24.924823349839826
885,.NGM+15.995LHGDK.,4.561645125311587e-05,abundance,.NGM+15.995LHGDK.,.NGMLHGDK.,sp|P02749|APOH_HUMAN,"M+16,3[Oxidation]",M+16[Oxidation],1000.0,2.0,P02749,P02749,1,True,316,0.9404761904761905,0.05952380952380952,51,0.8793103448275862,24.65909146445253,24.69079491282472
886,.VFDEFKPLVEEPQNLIKQNC-33.988ELFEQLGEYK.,4.552185117734562e-05,abundance,.VFDEFKPLVEEPQNLIKQNC-33.988ELFEQLGEYK.,.VFDEFKPLVEEPQNLIKQNCELFEQLGEYK.,sp|P02768-2|ALBU_HUMAN;sp|P02768-3|ALBU_HUMAN;sp|P02768|ALBU_HUMAN;tr|A0A087WWT3|A0A087WWT3_HUMAN;tr|A0A0C4DGB6|A0A0C4DGB6_HUMAN;tr|B7WNR0|B7WNR0_HUMAN;tr|C9JKR2|C9JKR2_HUMAN;tr|D6RHD5|D6RHD5_HUMAN;tr|H0YA55|H0YA55_HUMAN,"C-34,20[Cys->Dha]",C-34[Cys->Dha],0.0,3.0,P02768,P02768;A0A087WWT3;A0A0C4DGB6;B7WNR0;C9JKR2;D6RHD5;H0YA55,7,False,318,0.9464285714285714,0.05357142857142857,52,0.896551724137931,30.878881314074576,30.884225031115708
887,.TY+15.995ETTLEK.,4.5495133788734584e-05,abundance,.TY+15.995ETTLEK.,.TYETTLEK.,sp|P02768-2|ALBU_HUMAN;sp|P02768|ALBU_HUMAN;tr|A0A087WWT3|A0A087WWT3_HUMAN;tr|A0A0C4DGB6|A0A0C4DGB6_HUMAN;tr|B7WNR0|B7WNR0_HUMAN;tr|C9JKR2|C9JKR2_HUMAN;tr|D6RHD5|D6RHD5_HUMAN;tr|H0YA55|H0YA55_HUMAN,"Y+16,2[Oxidation]",Y+16[Oxidation],1000.0,2.0,P02768,P02768;A0A087WWT3;A0A0C4DGB6;B7WNR0;C9JKR2;D6RHD5;H0YA55,7,False,314,0.9345238095238095,0.06547619047619048,52,0.896551724137931,25.495847546777917,25.454849060950412
888,.+128.095LVRPEVDVMC+57.021TAFHDNEETFLK.,4.543634153518396e-05,abundance,.+128.095LVRPEVDVMC+57.021TAFHDNEETFLK.,.LVRPEVDVMCTAFHDNEETFLK.,sp|P02768-3|ALBU_HUMAN;sp|P02768|ALBU_HUMAN;tr|A0A087WWT3|A0A087WWT3_HUMAN;tr|A0A0C4DGB6|A0A0C4DGB6_HUMAN;tr|H7C013|H7C013_HUMAN,"X+128,1[Lys]",X+128[Lys],47.353,3.0,P02768,P02768;A0A087WWT3;A0A0C4DGB6;H7C013,4,False,248,0.7380952380952381,0.2619047619047619,51,0.8793103448275862,26.741354119570463,26.623835896518184
889,.K+57.021AGTELVNFLSYFVELGTQPATQ.,4.538536893732993e-05,abundance,.K+57.021AGTELVNFLSYFVELGTQPATQ.,.KAGTELVNFLSYFVELGTQPATQ.,sp|P02652|APOA2_HUMAN;tr|V9GYE3|V9GYE3_HUMAN;tr|V9GYM3|V9GYM3_HUMAN,"K+57,1[Carbamidomethyl]",K+57[Carbamidomethyl],30.917,2.0,P02652,P02652;V9GYE3;V9GYM3,3,False,181,0.5386904761904762,0.46130952380952384,42,0.7241379310344828,23.65053290508371,23.34649345557359
890,.-18.011EPQVYTLPPSREEMTK.__missing,4.535636905967772e-05,missingness,.-18.011EPQVYTLPPSREEMTK,,,,,,,,,0,False,0,0.0,1.0,0,0.0,,
891,.M+15.995HAINGR.,4.534318034746035e-05,abundance,.M+15.995HAINGR.,.MHAINGR.,sp|P00450|CERU_HUMAN;tr|E9PFZ2|E9PFZ2_HUMAN;tr|H7C5N5|H7C5N5_HUMAN;tr|H7C5R1|H7C5R1_HUMAN,"M+16,1[Oxidation]",M+16[Oxidation],5.351,2.0,P00450,P00450;E9PFZ2;H7C5N5;H7C5R1,4,False,311,0.9255952380952381,0.0744047619047619,54,0.9310344827586207,25.64709592211796,25.89694872028132
892,.VDNALQSGNSQESVTEQDSK+57.021DSTYSLSSTLTLSK.__missing,4.53285249899206e-05,missingness,.VDNALQSGNSQESVTEQDSK+57.021DSTYSLSSTLTLSK,,,,,,,,,0,False,0,0.0,1.0,0,0.0,,
893,.FM+15.995QAVTGWK.,4.525787510422235e-05,abundance,.FM+15.995QAVTGWK.,.FMQAVTGWK.,sp|P01019|ANGT_HUMAN,"M+16,2[Oxidation]",M+16[Oxidation],13.342,2.0,P01019,P01019,1,True,326,0.9702380952380952,0.02976190476190476,55,0.9482758620689655,25.57690815119372,25.649611918787656
894,.EFNAETFTFHADIC+449.173TLSEK.__missing,4.5114256885149046e-05,missingness,.EFNAETFTFHADIC+449.173TLSEK,,,,,,,,,0,False,0,0.0,1.0,0,0.0,,
895,.TEHGSEM+15.995LFFGNAIEGK.,4.4890155243772575e-05,abundance,.TEHGSEM+15.995LFFGNAIEGK.,.TEHGSEMLFFGNAIEGK.,sp|P04114|APOB_HUMAN,"M+16,7[Oxidation]",M+16[Oxidation],37.34,2.0,P04114,P04114,1,True,287,0.8541666666666666,0.14583333333333334,49,0.8448275862068966,27.474023969989034,26.535274278025277
896,.VSFLSALEEY+15.995TK.,4.4849112891325625e-05,abundance,.VSFLSALEEY+15.995TK.,.VSFLSALEEYTK.,sp|P02647|APOA1_HUMAN;tr|F8W696|F8W696_HUMAN,"Y+16,10[Oxidation]",Y+16[Oxidation],1000.0,2.0,P02647,P02647;F8W696,2,False,309,0.9196428571428571,0.08035714285714286,52,0.896551724137931,26.160656537762527,25.816092748473675
897,.DAAKAATGEC-33.988TATVGKR.,4.4816872379729733e-05,abundance,.DAAKAATGEC-33.988TATVGKR.,.DAAKAATGECTATVGKR.,sp|P01042-2|KNG1_HUMAN;sp|P01042-3|KNG1_HUMAN;sp|P01042|KNG1_HUMAN,"C-34,10[Cys->Dha]",C-34[Cys->Dha],0.0,3.0,P01042,P01042,1,True,272,0.8095238095238095,0.19047619047619047,46,0.7931034482758621,25.030316335071337,24.957417539194932
898,.-17.027QTQVSVLPEGGETPLFK.,4.4688379708985435e-05,abundance,.-17.027QTQVSVLPEGGETPLFK.,.QTQVSVLPEGGETPLFK.,sp|P06396-2|GELS_HUMAN;sp|P06396-3|GELS_HUMAN;sp|P06396-4|GELS_HUMAN;sp|P06396|GELS_HUMAN;tr|A0A0A0MS51|A0A0A0MS51_HUMAN;tr|A0A0A0MT01|A0A0A0MT01_HUMAN,"Q-17,1[Gln->pyro-Glu]",Q-17[Gln->pyro-Glu],28.098,2.0,P06396,P06396;A0A0A0MS51;A0A0A0MT01,3,False,296,0.8809523809523809,0.11904761904761904,51,0.8793103448275862,25.136006087792833,25.004007088705873
899,.IWDVVEKADIGC-33.988TPGSGK.__missing,4.424958484803277e-05,missingness,.IWDVVEKADIGC-33.988TPGSGK,,,,,,,,,0,False,0,0.0,1.0,0,0.0,,
900,.VVSVLTVVHQDWLNGK+42.047.,4.424673771740125e-05,abundance,.VVSVLTVVHQDWLNGK+42.047.,.VVSVLTVVHQDWLNGK.,sp|P01859|IGHG2_HUMAN;tr|A0A286YEY4|A0A286YEY4_HUMAN,"Z+42,16[Propyl]",Z+42[Propyl],1000.0,3.0,P01859,P01859;A0A286YEY4,2,False,317,0.9434523809523809,0.05654761904761905,52,0.896551724137931,26.33485333663652,26.252838309983314
901,.SLHTLFGDKLC-33.988TVATLR.,4.41155643256166e-05,abundance,.SLHTLFGDKLC-33.988TVATLR.,.SLHTLFGDKLCTVATLR.,sp|P02768-3|ALBU_HUMAN;sp|P02768|ALBU_HUMAN;tr|A0A087WWT3|A0A087WWT3_HUMAN;tr|A0A0C4DGB6|A0A0C4DGB6_HUMAN;tr|H7C013|H7C013_HUMAN,"C-34,11[Cys->Dha]",C-34[Cys->Dha],0.0,2.0,P02768,P02768;A0A087WWT3;A0A0C4DGB6;H7C013,4,False,318,0.9464285714285714,0.05357142857142857,52,0.896551724137931,27.812334539283235,27.90816682724249
902,.GTEAAGAMFLEAIPMSIPPEVK+42.047.,4.403193404881696e-05,abundance,.GTEAAGAMFLEAIPMSIPPEVK+42.047.,.GTEAAGAMFLEAIPMSIPPEVK.,sp|P01009|A1AT_HUMAN;tr|A0A024R6I7|A0A024R6I7_HUMAN,"Z+42,22[Propyl]",Z+42[Propyl],1000.0,2.0,P01009,P01009;A0A024R6I7,2,False,302,0.8988095238095238,0.10119047619047619,51,0.8793103448275862,24.320118312853488,24.208652000609014
903,.SHALQLN+0.984NR.,4.398557735047769e-05,abundance,.SHALQLN+0.984NR.,.SHALQLNNR.,sp|P0C0L4-2|CO4A_HUMAN;sp|P0C0L4|CO4A_HUMAN;sp|P0C0L5|CO4B_HUMAN;tr|A0A0G2JL54|A0A0G2JL54_HUMAN;tr|A0A0G2JPR0|A0A0G2JPR0_HUMAN;tr|A0A140TA29|A0A140TA29_HUMAN;tr|A0A140TA32|A0A140TA32_HUMAN;tr|A0A140TA44|A0A140TA44_HUMAN;tr|A0A140TA49|A0A140TA49_HUMAN;tr|A0A3B3ISA6|A0A3B3ISA6_HUMAN [further mapped to 2 additional proteins],"N+1,7[Deamidated]",N+1[Deamidated],17.752,2.0,P0C0L4,P0C0L4;P0C0L5;A0A0G2JL54;A0A0G2JPR0;A0A140TA29;A0A140TA32;A0A140TA44;A0A140TA49;A0A3B3ISA6,9,False,324,0.9642857142857143,0.03571428571428571,55,0.9482758620689655,24.599509423041592,24.601270901965762
904,.FNWYVDGVEVH+57.021NAK.,4.374892928685583e-05,abundance,.FNWYVDGVEVH+57.021NAK.,.FNWYVDGVEVHNAK.,sp|P01857|IGHG1_HUMAN;sp|P01859|IGHG2_HUMAN;sp|P01861|IGHG4_HUMAN;tr|A0A0A0MS08|A0A0A0MS08_HUMAN;tr|A0A286YEY4|A0A286YEY4_HUMAN;tr|A0A286YFJ8|A0A286YFJ8_HUMAN,"H+57,11[Carbamidomethyl]",H+57[Carbamidomethyl],1000.0,2.0,P01857,P01857;P01859;P01861;A0A0A0MS08;A0A286YEY4;A0A286YFJ8,6,False,318,0.9464285714285714,0.05357142857142857,52,0.896551724137931,27.770964902294605,27.713106031483036
905,.ESSSHH+57.021PGIAEFPSR.,4.362423044025315e-05,abundance,.ESSSHH+57.021PGIAEFPSR.,.ESSSHHPGIAEFPSR.,sp|P02671-2|FIBA_HUMAN;sp|P02671|FIBA_HUMAN,"H+57,6[Carbamidomethyl]",H+57[Carbamidomethyl],20.756,2.0,P02671,P02671,1,True,316,0.9404761904761905,0.05952380952380952,53,0.9137931034482759,27.510724203819546,27.45691087630856
906,.VVSVLTVVHQDWLN+0.984GK.,4.3524535546403826e-05,abundance,.VVSVLTVVHQDWLN+0.984GK.,.VVSVLTVVHQDWLNGK.,sp|P01859|IGHG2_HUMAN;tr|A0A286YEY4|A0A286YEY4_HUMAN,"N+1,14[Deamidated]",N+1[Deamidated],1000.0,2.0,P01859,P01859;A0A286YEY4,2,False,325,0.9672619047619048,0.03273809523809524,55,0.9482758620689655,31.652464757925294,31.50720395747663
907,.MADEAGSEADH+57.021EGTHSTK.,4.3387045147586824e-05,abundance,.MADEAGSEADH+57.021EGTHSTK.,.MADEAGSEADHEGTHSTK.,sp|P02671-2|FIBA_HUMAN;sp|P02671|FIBA_HUMAN,"H+57,11[Carbamidomethyl]",H+57[Carbamidomethyl],1000.0,2.0,P02671,P02671,1,True,295,0.8779761904761905,0.12202380952380952,53,0.9137931034482759,24.989802796045435,24.984313395280665
908,.QGFGN+0.984VATNTDGK.__missing,4.338017558512131e-05,missingness,.QGFGN+0.984VATNTDGK,,,,,,,,,0,False,0,0.0,1.0,0,0.0,,
909,.MGPTELLIEMEDWKGDK+42.047.,4.333799964465383e-05,abundance,.MGPTELLIEMEDWKGDK+42.047.,.MGPTELLIEMEDWKGDK.,sp|P02675|FIBB_HUMAN;tr|D6REL8|D6REL8_HUMAN,"Z+42,17[Propyl]",Z+42[Propyl],1000.0,3.0,P02675,P02675;D6REL8,2,False,318,0.9464285714285714,0.05357142857142857,52,0.896551724137931,27.41603965657609,27.34202680133233
910,.FNWYVDGVE+42.047VHNAK.,4.3210620088767864e-05,abundance,.FNWYVDGVE+42.047VHNAK.,.FNWYVDGVEVHNAK.,sp|P01857|IGHG1_HUMAN;sp|P01859|IGHG2_HUMAN;sp|P01861|IGHG4_HUMAN;tr|A0A0A0MS08|A0A0A0MS08_HUMAN;tr|A0A286YEY4|A0A286YEY4_HUMAN;tr|A0A286YFJ8|A0A286YFJ8_HUMAN,"E+42,9[Propyl]",E+42[Propyl],1000.0,3.0,P01857,P01857;P01859;P01861;A0A0A0MS08;A0A286YEY4;A0A286YFJ8,6,False,233,0.6934523809523809,0.30654761904761907,41,0.7068965517241379,24.938001250447318,24.843186234106934
911,.M+15.995ADEAGSEADHEGTHSTK.,4.307975525698037e-05,abundance,.M+15.995ADEAGSEADHEGTHSTK.,.MADEAGSEADHEGTHSTK.,sp|P02671-2|FIBA_HUMAN;sp|P02671|FIBA_HUMAN,"M+16,1[Oxidation]",M+16[Oxidation],31.972,2.0,P02671,P02671,1,True,327,0.9732142857142857,0.026785714285714284,55,0.9482758620689655,30.616207624904973,30.604260851361666
912,.LISVDTEHSNIYLQN+0.984GPDR.,4.3036503796815795e-05,abundance,.LISVDTEHSNIYLQN+0.984GPDR.,.LISVDTEHSNIYLQNGPDR.,sp|P00450|CERU_HUMAN;tr|E9PFZ2|E9PFZ2_HUMAN,"N+1,15[Deamidated]",N+1[Deamidated],1000.0,2.0,P00450,P00450;E9PFZ2,2,False,326,0.9702380952380952,0.02976190476190476,55,0.9482758620689655,26.565604157792457,26.664998649808833
913,.QK+57.021VSVNER.__missing,4.303046817528425e-05,missingness,.QK+57.021VSVNER,,,,,,,,,0,False,0,0.0,1.0,0,0.0,,
914,.SLHTLFGDKL+31.990C+57.021TVATLR.,4.3012721642411485e-05,abundance,.SLHTLFGDKL+31.990C+57.021TVATLR.,.SLHTLFGDKLCTVATLR.,sp|P02768-3|ALBU_HUMAN;sp|P02768|ALBU_HUMAN;tr|A0A087WWT3|A0A087WWT3_HUMAN;tr|A0A0C4DGB6|A0A0C4DGB6_HUMAN;tr|H7C013|H7C013_HUMAN,"L+32,10[Dioxidation]",L+32[Dioxidation],0.0,3.0,P02768,P02768;A0A087WWT3;A0A0C4DGB6;H7C013,4,False,283,0.8422619047619048,0.15773809523809523,47,0.8103448275862069,24.772306216464933,24.782043200713535
915,.-17.027QNMIGMTPTVIAVHYLDETEQWEK.,4.2893051613990335e-05,abundance,.-17.027QNMIGMTPTVIAVHYLDETEQWEK.,.QNMIGMTPTVIAVHYLDETEQWEK.,sp|P01024|CO3_HUMAN,"Q-17,1[Gln->pyro-Glu]",Q-17[Gln->pyro-Glu],29.078,2.0,P01024,P01024,1,True,169,0.5029761904761905,0.49702380952380953,52,0.896551724137931,27.537473980690187,27.04791061046133
916,.VFDEFKPLVE+37.956EPQNLIK.,4.277167053464727e-05,abundance,.VFDEFKPLVE+37.956EPQNLIK.,.VFDEFKPLVEEPQNLIK.,sp|P02768-2|ALBU_HUMAN;sp|P02768-3|ALBU_HUMAN;sp|P02768|ALBU_HUMAN;tr|A0A087WWT3|A0A087WWT3_HUMAN;tr|A0A0C4DGB6|A0A0C4DGB6_HUMAN;tr|B7WNR0|B7WNR0_HUMAN;tr|C9JKR2|C9JKR2_HUMAN;tr|D6RHD5|D6RHD5_HUMAN;tr|H0YA55|H0YA55_HUMAN,"E+38,10[Cation:K]",E+38[Cation:K],33.174,3.0,P02768,P02768;A0A087WWT3;A0A0C4DGB6;B7WNR0;C9JKR2;D6RHD5;H0YA55,7,False,212,0.6309523809523809,0.36904761904761907,47,0.8103448275862069,25.373499670842392,25.15467454850761
917,.TDGEGALSEPSATVTIEELAAPPPPVLM+15.995HHGESSQVLHPGNK.,4.2691542095507475e-05,abundance,.TDGEGALSEPSATVTIEELAAPPPPVLM+15.995HHGESSQVLHPGNK.,.TDGEGALSEPSATVTIEELAAPPPPVLMHHGESSQVLHPGNK.,sp|P04217-2|A1BG_HUMAN;sp|P04217|A1BG_HUMAN,"M+16,28[Oxidation]",M+16[Oxidation],57.809,3.0,P04217,P04217,1,True,278,0.8273809523809523,0.17261904761904762,53,0.9137931034482759,26.830746207673897,26.812956376738278
918,.SDVVYTDWK+42.047.,4.2473949909979124e-05,abundance,.SDVVYTDWK+42.047.,.SDVVYTDWK.,sp|P02763|A1AG1_HUMAN,"Z+42,9[Propyl]",Z+42[Propyl],1000.0,2.0,P02763,P02763,1,True,278,0.8273809523809523,0.17261904761904762,50,0.8620689655172413,24.17246641671322,24.114519575408227
919,.+57.021AGVETTTPSK.,4.247025948376913e-05,abundance,.+57.021AGVETTTPSK.,.AGVETTTPSK.,sp|P0DOY2|IGLC2_HUMAN;sp|P0DOY3|IGLC3_HUMAN,"X+57,1[Carbamidomethyl]",X+57[Carbamidomethyl],15.024,2.0,P0DOY2,P0DOY2;P0DOY3,2,False,257,0.7648809523809523,0.23511904761904762,51,0.8793103448275862,27.021045533814092,26.949855232394526
920,.HKVYAC-33.988EVTHQGLSSPVTK.,4.245779368710713e-05,abundance,.HKVYAC-33.988EVTHQGLSSPVTK.,.HKVYACEVTHQGLSSPVTK.,sp|P01834|IGKC_HUMAN,"C-34,6[Cys->Dha]",C-34[Cys->Dha],0.0,2.0,P01834,P01834,1,True,318,0.9464285714285714,0.05357142857142857,52,0.896551724137931,28.137873981692245,28.030313502332987
921,.+12.000HYEGSTVPEK.,4.244062050032671e-05,abundance,.+12.000HYEGSTVPEK.,.HYEGSTVPEK.,sp|P00738-2|HPT_HUMAN;sp|P00738|HPT_HUMAN;tr|A0A087WU08|A0A087WU08_HUMAN;tr|A0A0C4DGL8|A0A0C4DGL8_HUMAN;tr|H0Y300|H0Y300_HUMAN;tr|H3BS21|H3BS21_HUMAN;tr|J3QLC9|J3QLC9_HUMAN;tr|J3QR68|J3QR68_HUMAN,"X+12,1[Thiazolidine]",X+12[Thiazolidine],1000.0,2.0,P00738,P00738;A0A087WU08;A0A0C4DGL8;H0Y300;H3BS21;J3QLC9;J3QR68,7,False,246,0.7321428571428571,0.26785714285714285,49,0.8448275862068966,24.696051598071108,24.60514479653295
922,.-17.027QEPSQGTTTFAVTSILR.,4.232626840207559e-05,abundance,.-17.027QEPSQGTTTFAVTSILR.,.QEPSQGTTTFAVTSILR.,sp|P01876|IGHA1_HUMAN;tr|A0A0G2JMB2|A0A0G2JMB2_HUMAN;tr|A0A286YEY1|A0A286YEY1_HUMAN,"Q-17,1[Gln->pyro-Glu]",Q-17[Gln->pyro-Glu],43.778,3.0,P01876,P01876;A0A0G2JMB2;A0A286YEY1,3,False,318,0.9464285714285714,0.05357142857142857,52,0.896551724137931,28.522967596248304,28.236360541872514
923,.VQGN+0.984DHSATR.,4.231874373303567e-05,abundance,.VQGN+0.984DHSATR.,.VQGNDHSATR.,sp|Q14624-2|ITIH4_HUMAN;sp|Q14624-3|ITIH4_HUMAN;sp|Q14624-4|ITIH4_HUMAN;sp|Q14624|ITIH4_HUMAN;tr|B7ZKJ8|B7ZKJ8_HUMAN;tr|H7C0L5|H7C0L5_HUMAN,"N+1,4[Deamidated]",N+1[Deamidated],1000.0,2.0,Q14624,Q14624;B7ZKJ8;H7C0L5,3,False,320,0.9523809523809523,0.047619047619047616,55,0.9482758620689655,25.006470647456887,24.695971553110663
924,.-17.027QHLPLIK.,4.231347496408089e-05,abundance,.-17.027QHLPLIK.,.QHLPLIK.,sp|P02671-2|FIBA_HUMAN;sp|P02671|FIBA_HUMAN,"Q-17,1[Gln->pyro-Glu]",Q-17[Gln->pyro-Glu],1000.0,2.0,P02671,P02671,1,True,327,0.9732142857142857,0.026785714285714284,55,0.9482758620689655,32.58636680242822,32.37500303176917
925,.AGVETTTPSK+58.005QSNNK.,4.228925086301176e-05,abundance,.AGVETTTPSK+58.005QSNNK.,.AGVETTTPSKQSNNK.,sp|P0DOY2|IGLC2_HUMAN;sp|P0DOY3|IGLC3_HUMAN,"K+58,10[Carboxymethyl]",K+58[Carboxymethyl],1000.0,2.0,P0DOY2,P0DOY2;P0DOY3,2,False,174,0.5178571428571429,0.48214285714285715,34,0.5862068965517241,22.681113002058442,22.505241716103672
926,.AGVETTT-44.026PSK.,4.2254548666345964e-05,abundance,.AGVETTT-44.026PSK.,.AGVETTTPSK.,sp|P0DOY2|IGLC2_HUMAN;sp|P0DOY3|IGLC3_HUMAN,"T-44,7[T->G/2]",T-44[T->G/2],1000.0,2.0,P0DOY2,P0DOY2;P0DOY3,2,False,254,0.7559523809523809,0.24404761904761904,45,0.7758620689655172,25.998511208865413,25.931532638285184
927,.EFGNTLEDK+42.047.__missing,4.20931698463099e-05,missingness,.EFGNTLEDK+42.047,,,,,,,,,0,False,0,0.0,1.0,0,0.0,,
928,.AYWDIM+15.995ISNHQNSNR.,4.2008860499981154e-05,abundance,.AYWDIM+15.995ISNHQNSNR.,.AYWDIMISNHQNSNR.,sp|P35542|SAA4_HUMAN;tr|A0A096LPE2|A0A096LPE2_HUMAN,"M+16,6[Oxidation]",M+16[Oxidation],36.442,2.0,P35542,P35542;A0A096LPE2,2,False,322,0.9583333333333334,0.041666666666666664,54,0.9310344827586207,27.396258296355413,27.131116365552817
929,.VDNALQSGNSQESVTEQDSKDSTYSLSSTLTLSK+42.047.,4.1890215455103906e-05,abundance,.VDNALQSGNSQESVTEQDSKDSTYSLSSTLTLSK+42.047.,.VDNALQSGNSQESVTEQDSKDSTYSLSSTLTLSK.,sp|P01834|IGKC_HUMAN,"Z+42,34[Propyl]",Z+42[Propyl],113.674,3.0,P01834,P01834,1,True,238,0.7083333333333334,0.2916666666666667,49,0.8448275862068966,25.635063308788574,25.603837184964217
930,.-17.027QANTEERK.,4.186244173296995e-05,abundance,.-17.027QANTEERK.,.QANTEERK.,sp|P06396-2|GELS_HUMAN;sp|P06396-3|GELS_HUMAN;sp|P06396-4|GELS_HUMAN;sp|P06396|GELS_HUMAN;tr|A0A0A0MS51|A0A0A0MS51_HUMAN;tr|A0A0A0MT01|A0A0A0MT01_HUMAN,"Q-17,1[Gln->pyro-Glu]",Q-17[Gln->pyro-Glu],1000.0,2.0,P06396,P06396;A0A0A0MS51;A0A0A0MT01,3,False,234,0.6964285714285714,0.30357142857142855,49,0.8448275862068966,25.085889005453524,24.919201767217956
931,.FATTFYQHLADSKNDNDNIFLSPLSISTAFAM+15.995TK.,4.1854503495377826e-05,abundance,.FATTFYQHLADSKNDNDNIFLSPLSISTAFAM+15.995TK.,.FATTFYQHLADSKNDNDNIFLSPLSISTAFAMTK.,sp|P01008|ANT3_HUMAN;tr|Q8TCE1|Q8TCE1_HUMAN,"M+16,32[Oxidation]",M+16[Oxidation],117.607,4.0,P01008,P01008;Q8TCE1,2,False,222,0.6607142857142857,0.3392857142857143,45,0.7758620689655172,26.372283934455197,26.094974474996135
932,.-17.027QTALVELVK.,4.182466101169955e-05,abundance,.-17.027QTALVELVK.,.QTALVELVK.,sp|P02768-2|ALBU_HUMAN;sp|P02768-3|ALBU_HUMAN;sp|P02768|ALBU_HUMAN;tr|A0A087WWT3|A0A087WWT3_HUMAN;tr|A0A0C4DGB6|A0A0C4DGB6_HUMAN;tr|B7WNR0|B7WNR0_HUMAN;tr|C9JKR2|C9JKR2_HUMAN;tr|D6RHD5|D6RHD5_HUMAN;tr|H0YA55|H0YA55_HUMAN,"Q-17,1[Gln->pyro-Glu]",Q-17[Gln->pyro-Glu],1000.0,2.0,P02768,P02768;A0A087WWT3;A0A0C4DGB6;B7WNR0;C9JKR2;D6RHD5;H0YA55,7,False,324,0.9642857142857143,0.03571428571428571,55,0.9482758620689655,32.30672315668195,32.1781099749157
933,.LNTDIAGLASAIDM+15.995STNYNSDSLHFSNVFR.,4.175031807931496e-05,abundance,.LNTDIAGLASAIDM+15.995STNYNSDSLHFSNVFR.,.LNTDIAGLASAIDMSTNYNSDSLHFSNVFR.,sp|P04114|APOB_HUMAN,"M+16,14[Oxidation]",M+16[Oxidation],45.934,3.0,P04114,P04114,1,True,306,0.9107142857142857,0.08928571428571429,51,0.8793103448275862,26.984677933898595,26.6088273171663
934,.DIAPTLTLYVGK+42.047.,4.150419362401551e-05,abundance,.DIAPTLTLYVGK+42.047.,.DIAPTLTLYVGK.,sp|P00738-2|HPT_HUMAN;sp|P00738|HPT_HUMAN;sp|P00739-2|HPTR_HUMAN;sp|P00739|HPTR_HUMAN;tr|A0A087WU08|A0A087WU08_HUMAN;tr|A0A0A0MRD9|A0A0A0MRD9_HUMAN;tr|A0A0C4DGL8|A0A0C4DGL8_HUMAN;tr|H0Y300|H0Y300_HUMAN;tr|H3BS21|H3BS21_HUMAN;tr|J3QLC9|J3QLC9_HUMAN [further mapped to 1 additional proteins],"Z+42,12[Propyl]",Z+42[Propyl],17.494,2.0,P00738,P00738;P00739;A0A087WU08;A0A0A0MRD9;A0A0C4DGL8;H0Y300;H3BS21;J3QLC9,8,False,290,0.8630952380952381,0.13690476190476192,50,0.8620689655172413,24.11794993085199,23.96444092093112
935,.NM+15.995EQFQVSVSVAPNAK.,4.140125638174648e-05,abundance,.NM+15.995EQFQVSVSVAPNAK.,.NMEQFQVSVSVAPNAK.,sp|Q14624-2|ITIH4_HUMAN;sp|Q14624-3|ITIH4_HUMAN;sp|Q14624-4|ITIH4_HUMAN;sp|Q14624|ITIH4_HUMAN;tr|B7ZKJ8|B7ZKJ8_HUMAN,"M+16,2[Oxidation]",M+16[Oxidation],1000.0,2.0,Q14624,Q14624;B7ZKJ8,2,False,255,0.7589285714285714,0.24107142857142858,47,0.8103448275862069,25.103075660032125,24.96964219926367
936,.VT-30.011ISVDTSK.__missing,4.120016446828743e-05,missingness,.VT-30.011ISVDTSK,,,,,,,,,0,False,0,0.0,1.0,0,0.0,,
937,.+57.021AGVETTTPSK.__missing,4.097322737675803e-05,missingness,.+57.021AGVETTTPSK,,,,,,,,,0,False,0,0.0,1.0,0,0.0,,
938,.ELTPEVLQEWLDELEEMMLVVHM+15.995PR.,4.081624245312405e-05,abundance,.ELTPEVLQEWLDELEEMMLVVHM+15.995PR.,.ELTPEVLQEWLDELEEMMLVVHMPR.,sp|P01008|ANT3_HUMAN,"M+16,23[Oxidation]",M+16[Oxidation],128.488,3.0,P01008,P01008,1,True,322,0.9583333333333334,0.041666666666666664,54,0.9310344827586207,26.673644338094338,26.66432972121305
939,.RPC-33.988FSALEVDETYVPK.,4.081573577394859e-05,abundance,.RPC-33.988FSALEVDETYVPK.,.RPCFSALEVDETYVPK.,sp|P02768-2|ALBU_HUMAN;sp|P02768-3|ALBU_HUMAN;sp|P02768|ALBU_HUMAN;tr|A0A087WWT3|A0A087WWT3_HUMAN;tr|A0A0C4DGB6|A0A0C4DGB6_HUMAN;tr|B7WNR0|B7WNR0_HUMAN;tr|C9JKR2|C9JKR2_HUMAN;tr|D6RHD5|D6RHD5_HUMAN;tr|H0YA55|H0YA55_HUMAN,"C-34,3[Cys->Dha]",C-34[Cys->Dha],1000.0,2.0,P02768,P02768;A0A087WWT3;A0A0C4DGB6;B7WNR0;C9JKR2;D6RHD5;H0YA55,7,False,327,0.9732142857142857,0.026785714285714284,55,0.9482758620689655,32.4304177758559,32.29878385547355
940,.YGM+15.995VAQVTQTLK.,4.068883313563149e-05,abundance,.YGM+15.995VAQVTQTLK.,.YGMVAQVTQTLK.,sp|P04114|APOB_HUMAN;tr|A8MUN2|A8MUN2_HUMAN,"M+16,3[Oxidation]",M+16[Oxidation],20.832,2.0,P04114,P04114;A8MUN2,2,False,314,0.9345238095238095,0.06547619047619048,50,0.8620689655172413,26.822343394291096,26.533556031521208
941,.DLATVYVDVLK+27.995DSGR.,4.066159421982298e-05,abundance,.DLATVYVDVLK+27.995DSGR.,.DLATVYVDVLKDSGR.,sp|P02647|APOA1_HUMAN,"K+28,11[Formyl]",K+28[Formyl],23.9,2.0,P02647,P02647,1,True,199,0.5922619047619048,0.40773809523809523,44,0.7586206896551724,23.84701776376926,23.612867014193572
942,.SPAFTDLH+57.021LR.,4.050057221647391e-05,abundance,.SPAFTDLH+57.021LR.,.SPAFTDLHLR.,sp|P04114|APOB_HUMAN,"H+57,8[Carbamidomethyl]",H+57[Carbamidomethyl],1000.0,3.0,P04114,P04114,1,True,201,0.5982142857142857,0.4017857142857143,48,0.8275862068965517,23.449209615012343,23.49085118962952
943,.SMGGKEDLIWELLNQAQEH+57.021FGK.,4.0458997190955885e-05,abundance,.SMGGKEDLIWELLNQAQEH+57.021FGK.,.SMGGKEDLIWELLNQAQEHFGK.,sp|P02787|TRFE_HUMAN,"H+57,19[Carbamidomethyl]",H+57[Carbamidomethyl],75.969,3.0,P02787,P02787,1,True,317,0.9434523809523809,0.05654761904761905,52,0.896551724137931,27.251312936101193,27.081394088913665
944,.ESSSHHP+15.995GIAEFPSR.,4.044776887808444e-05,abundance,.ESSSHHP+15.995GIAEFPSR.,.ESSSHHPGIAEFPSR.,sp|P02671-2|FIBA_HUMAN;sp|P02671|FIBA_HUMAN,"P+16,7[Oxidation]",P+16[Oxidation],1000.0,3.0,P02671,P02671,1,True,327,0.9732142857142857,0.026785714285714284,55,0.9482758620689655,29.99624397979253,29.74815128022471
945,.SPELQ+0.984AEAK.,4.043080842111881e-05,abundance,.SPELQ+0.984AEAK.,.SPELQAEAK.,sp|P02652|APOA2_HUMAN;tr|V9GYC1|V9GYC1_HUMAN;tr|V9GYE3|V9GYE3_HUMAN;tr|V9GYG9|V9GYG9_HUMAN;tr|V9GYM3|V9GYM3_HUMAN;tr|V9GYS1|V9GYS1_HUMAN,"Q+1,5[Deamidated]",Q+1[Deamidated],1000.0,2.0,P02652,P02652;V9GYC1;V9GYE3;V9GYG9;V9GYM3;V9GYS1,6,False,271,0.8065476190476191,0.19345238095238096,52,0.896551724137931,26.91282378437403,26.877187929907652
946,.ALTD-18.011MPQMR.__missing,4.023773157111746e-05,missingness,.ALTD-18.011MPQMR,,,,,,,,,0,False,0,0.0,1.0,0,0.0,,
947,.LHLETDSLALVALGALDTALYAAGSK+42.047.,4.0194000789892425e-05,abundance,.LHLETDSLALVALGALDTALYAAGSK+42.047.,.LHLETDSLALVALGALDTALYAAGSK.,sp|P0C0L4-2|CO4A_HUMAN;sp|P0C0L4|CO4A_HUMAN;sp|P0C0L5|CO4B_HUMAN;tr|A0A0G2JL54|A0A0G2JL54_HUMAN;tr|A0A0G2JPR0|A0A0G2JPR0_HUMAN;tr|A0A140TA29|A0A140TA29_HUMAN;tr|A0A140TA32|A0A140TA32_HUMAN;tr|A0A140TA44|A0A140TA44_HUMAN;tr|A0A140TA49|A0A140TA49_HUMAN;tr|A0A3B3ISA6|A0A3B3ISA6_HUMAN [further mapped to 1 additional proteins],"Z+42,26[Propyl]",Z+42[Propyl],1000.0,3.0,P0C0L4,P0C0L4;P0C0L5;A0A0G2JL54;A0A0G2JPR0;A0A140TA29;A0A140TA32;A0A140TA44;A0A140TA49;A0A3B3ISA6,9,False,271,0.8065476190476191,0.19345238095238096,50,0.8620689655172413,22.17897965738728,22.08414727054609
948,.EPC+63.962VESLVSQYFQTVTDYGK.,4.011582873603669e-05,abundance,.EPC+63.962VESLVSQYFQTVTDYGK.,.EPCVESLVSQYFQTVTDYGK.,sp|P02652|APOA2_HUMAN;tr|V9GYC1|V9GYC1_HUMAN;tr|V9GYG9|V9GYG9_HUMAN;tr|V9GYM3|V9GYM3_HUMAN;tr|V9GYS1|V9GYS1_HUMAN,"C+64,3[SulfurDioxide]",C+64[SulfurDioxide],26.332,2.0,P02652,P02652;V9GYC1;V9GYG9;V9GYM3;V9GYS1,5,False,206,0.6130952380952381,0.3869047619047619,48,0.8275862068965517,23.000934758461902,22.986288870699962
949,.VSPTDC+119.004SAVEPEAEK.,4.008239243090496e-05,abundance,.VSPTDC+119.004SAVEPEAEK.,.VSPTDCSAVEPEAEK.,sp|P04196|HRG_HUMAN,"C+119,6[Cysteinyl]",C+119[Cysteinyl],21.39,2.0,P04196,P04196,1,True,249,0.7410714285714286,0.25892857142857145,44,0.7586206896551724,23.94868875735588,23.852762195128136
950,.QEPERNEC+57.021F+31.990LQHK.__missing,3.996980979563422e-05,missingness,.QEPERNEC+57.021F+31.990LQHK,,,,,,,,,0,False,0,0.0,1.0,0,0.0,,
951,.VVAGVAN+0.984ALAHK.,3.995199671305452e-05,abundance,.VVAGVAN+0.984ALAHK.,.VVAGVANALAHK.,sp|P02042|HBD_HUMAN;sp|P68871|HBB_HUMAN,"N+1,7[Deamidated]",N+1[Deamidated],13.779,2.0,P02042,P02042;P68871,2,False,318,0.9464285714285714,0.05357142857142857,52,0.896551724137931,26.410893144202205,26.49918278152675
952,.FKDLGEENFKALVLIAFAQYLQQC+63.962PFEDHVK.,3.986683165063246e-05,abundance,.FKDLGEENFKALVLIAFAQYLQQC+63.962PFEDHVK.,.FKDLGEENFKALVLIAFAQYLQQCPFEDHVK.,sp|P02768-3|ALBU_HUMAN;sp|P02768|ALBU_HUMAN;tr|A0A087WWT3|A0A087WWT3_HUMAN;tr|A0A0C4DGB6|A0A0C4DGB6_HUMAN;tr|H7C013|H7C013_HUMAN,"C+64,24[SulfurDioxide]",C+64[SulfurDioxide],1000.0,3.0,P02768,P02768;A0A087WWT3;A0A0C4DGB6;H7C013,4,False,318,0.9464285714285714,0.05357142857142857,52,0.896551724137931,29.993748691938805,30.116663883389183
953,.+27.995AKVQPYLDDFQK.,3.9767713306813905e-05,abundance,.+27.995AKVQPYLDDFQK.,.AKVQPYLDDFQK.,sp|P02647|APOA1_HUMAN;tr|F8W696|F8W696_HUMAN,"X+28,1[Formyl]",X+28[Formyl],41.633,3.0,P02647,P02647;F8W696,2,False,175,0.5208333333333334,0.4791666666666667,46,0.7931034482758621,26.944022712071753,26.82532145035912
954,.M+15.995GLAFESTK.__missing,3.9729042485174164e-05,missingness,.M+15.995GLAFESTK,,,,,,,,,0,False,0,0.0,1.0,0,0.0,,
955,.HPYFYAPELLFFAK+42.047.,3.9680798406008264e-05,abundance,.HPYFYAPELLFFAK+42.047.,.HPYFYAPELLFFAK.,sp|P02768|ALBU_HUMAN;tr|A0A0C4DGB6|A0A0C4DGB6_HUMAN;tr|B7WNR0|B7WNR0_HUMAN;tr|D6RHD5|D6RHD5_HUMAN;tr|H0YA55|H0YA55_HUMAN;tr|H7C013|H7C013_HUMAN,"Z+42,14[Propyl]",Z+42[Propyl],1000.0,2.0,P02768,P02768;A0A0C4DGB6;B7WNR0;D6RHD5;H0YA55;H7C013,6,False,318,0.9464285714285714,0.05357142857142857,54,0.9310344827586207,26.669725824749612,26.580079974142198
956,.K+28.006LDELRDEGK.__missing,3.9609465006164996e-05,missingness,.K+28.006LDELRDEGK,,,,,,,,,0,False,0,0.0,1.0,0,0.0,,
957,.-17.027QGH+57.021NSVFLIK.,3.946953582338406e-05,abundance,.-17.027QGH+57.021NSVFLIK.,.QGHNSVFLIK.,sp|P02790|HEMO_HUMAN;tr|Q9BS19|Q9BS19_HUMAN,"Q-17,1[Gln->pyro-Glu] & H+57,3[Carbamidomethyl]",Q-17[Gln->pyro-Glu],12.28,2.0,P02790,P02790;Q9BS19,2,False,221,0.6577380952380952,0.34226190476190477,44,0.7586206896551724,24.988296576711004,24.75370979433891
958,.SVIPSDGPSVAC+119.004VK.,3.9348109392033616e-05,abundance,.SVIPSDGPSVAC+119.004VK.,.SVIPSDGPSVACVK.,sp|P02787|TRFE_HUMAN;tr|C9JB55|C9JB55_HUMAN;tr|F8WCI6|F8WCI6_HUMAN;tr|F8WEK9|F8WEK9_HUMAN,"C+119,12[Cysteinyl]",C+119[Cysteinyl],1000.0,2.0,P02787,P02787;C9JB55;F8WCI6;F8WEK9,4,False,177,0.5267857142857143,0.4732142857142857,38,0.6551724137931034,24.33585863376901,24.14859132912187
959,.R+54.011HPYFYAPELLFFAK.,3.911171871734238e-05,abundance,.R+54.011HPYFYAPELLFFAK.,.RHPYFYAPELLFFAK.,sp|P02768|ALBU_HUMAN;tr|A0A0C4DGB6|A0A0C4DGB6_HUMAN;tr|B7WNR0|B7WNR0_HUMAN;tr|D6RHD5|D6RHD5_HUMAN;tr|H0YA55|H0YA55_HUMAN;tr|H7C013|H7C013_HUMAN,"R+54,1[Delta:H(2)C(3)O(1)]",R+54[Delta:H(2)C(3)O(1)],30.227,2.0,P02768,P02768;A0A0C4DGB6;B7WNR0;D6RHD5;H0YA55;H7C013,6,False,317,0.9434523809523809,0.05654761904761905,52,0.896551724137931,25.502600633278377,25.62065614505875
960,.+27.995KYLYEIAR.__missing,3.895229971433826e-05,missingness,.+27.995KYLYEIAR,,,,,,,,,0,False,0,0.0,1.0,0,0.0,,
961,.HQM+15.995DLVATLSQLGLQELFQAPDLR.,3.882615542056622e-05,abundance,.HQM+15.995DLVATLSQLGLQELFQAPDLR.,.HQMDLVATLSQLGLQELFQAPDLR.,sp|P08697-2|A2AP_HUMAN;sp|P08697|A2AP_HUMAN;tr|A0A0G2JPA8|A0A0G2JPA8_HUMAN;tr|A0A0J9YWQ3|A0A0J9YWQ3_HUMAN;tr|C9JPV4|C9JPV4_HUMAN,"M+16,3[Oxidation]",M+16[Oxidation],1000.0,3.0,P08697,P08697;A0A0G2JPA8;A0A0J9YWQ3;C9JPV4,4,False,312,0.9285714285714286,0.07142857142857142,55,0.9482758620689655,26.325681329732973,26.112886388159726
962,.DAH-22.032KSEVAHR.,3.848115971116857e-05,abundance,.DAH-22.032KSEVAHR.,.DAHKSEVAHR.,sp|P02768-2|ALBU_HUMAN;sp|P02768-3|ALBU_HUMAN;sp|P02768|ALBU_HUMAN;tr|A0A087WWT3|A0A087WWT3_HUMAN;tr|A0A0C4DGB6|A0A0C4DGB6_HUMAN;tr|B7WNR0|B7WNR0_HUMAN;tr|C9JKR2|C9JKR2_HUMAN;tr|H7C013|H7C013_HUMAN,"H-22,3[H->D/1]",H-22[H->D/1],21.369,3.0,P02768,P02768;A0A087WWT3;A0A0C4DGB6;B7WNR0;C9JKR2;H7C013,6,False,303,0.9017857142857143,0.09821428571428571,50,0.8620689655172413,24.74427214588446,24.768464234599662
963,.VFDEFKPLVEEP+15.995QNLIK.__missing,3.841728724206766e-05,missingness,.VFDEFKPLVEEP+15.995QNLIK,,,,,,,,,0,False,0,0.0,1.0,0,0.0,,
964,.TEGD-18.011GVYTLNDKK.__missing,3.8303112250142696e-05,missingness,.TEGD-18.011GVYTLNDKK,,,,,,,,,0,False,0,0.0,1.0,0,0.0,,
965,.GGSTSY+15.995GTGSETESPR.,3.799531275209632e-05,abundance,.GGSTSY+15.995GTGSETESPR.,.GGSTSYGTGSETESPR.,sp|P02671-2|FIBA_HUMAN;sp|P02671|FIBA_HUMAN,"Y+16,6[Oxidation]",Y+16[Oxidation],1000.0,2.0,P02671,P02671,1,True,255,0.7589285714285714,0.24107142857142858,50,0.8620689655172413,23.42906916804927,23.28894531455201
966,.SEAEDASLLSFM+15.995QGYM+15.995K.,3.799426346263968e-05,abundance,.SEAEDASLLSFM+15.995QGYM+15.995K.,.SEAEDASLLSFMQGYMK.,sp|P02656|APOC3_HUMAN;tr|B0YIW2|B0YIW2_HUMAN;tr|C9J2Q0|C9J2Q0_HUMAN,"M+16,12[Oxidation] & M+16,16[Oxidation]",M+16[Oxidation],24.921,2.0,P02656,P02656;B0YIW2;C9J2Q0,3,False,308,0.9166666666666666,0.08333333333333333,48,0.8275862068965517,29.231286569387137,27.882509134966444
967,.MEEM+15.995GSR.__missing,3.7942339087143296e-05,missingness,.MEEM+15.995GSR,,,,,,,,,0,False,0,0.0,1.0,0,0.0,,
968,.VDSGNDVTDIADDGC+57.021P+31.990KPPEIAHGYVEHSVR.__missing,3.767643619956721e-05,missingness,.VDSGNDVTDIADDGC+57.021P+31.990KPPEIAHGYVEHSVR,,,,,,,,,0,False,0,0.0,1.0,0,0.0,,
969,.C+31.990C-33.988KADDKETC+57.021FAEEGKK.__missing,3.763051366687395e-05,missingness,.C+31.990C-33.988KADDKETC+57.021FAEEGKK,,,,,,,,,0,False,0,0.0,1.0,0,0.0,,
970,.+27.995KVPQVSTPTLVEVSR.,3.762005096620664e-05,abundance,.+27.995KVPQVSTPTLVEVSR.,.KVPQVSTPTLVEVSR.,sp|P02768-2|ALBU_HUMAN;sp|P02768-3|ALBU_HUMAN;sp|P02768|ALBU_HUMAN;tr|A0A087WWT3|A0A087WWT3_HUMAN;tr|A0A0C4DGB6|A0A0C4DGB6_HUMAN;tr|B7WNR0|B7WNR0_HUMAN;tr|C9JKR2|C9JKR2_HUMAN;tr|D6RHD5|D6RHD5_HUMAN;tr|H0YA55|H0YA55_HUMAN,"X+28,1[Formyl]",X+28[Formyl],1000.0,2.0,P02768,P02768;A0A087WWT3;A0A0C4DGB6;B7WNR0;C9JKR2;D6RHD5;H0YA55,7,False,316,0.9404761904761905,0.05952380952380952,51,0.8793103448275862,25.606047248006618,25.602071459434214
971,.YIC-33.988ENQDSISSK.,3.7579069184741575e-05,abundance,.YIC-33.988ENQDSISSK.,.YICENQDSISSK.,sp|P02768-2|ALBU_HUMAN;sp|P02768|ALBU_HUMAN;tr|A0A0C4DGB6|A0A0C4DGB6_HUMAN;tr|B7WNR0|B7WNR0_HUMAN;tr|C9JKR2|C9JKR2_HUMAN;tr|D6RHD5|D6RHD5_HUMAN;tr|H0YA55|H0YA55_HUMAN,"C-34,3[Cys->Dha]",C-34[Cys->Dha],20.296,2.0,P02768,P02768;A0A0C4DGB6;B7WNR0;C9JKR2;D6RHD5;H0YA55,6,False,325,0.9672619047619048,0.03273809523809524,55,0.9482758620689655,32.2413575300639,32.07980412336965
972,.E+42.047DPQGDAAQK.,3.749805336351452e-05,abundance,.E+42.047DPQGDAAQK.,.EDPQGDAAQK.,sp|P01009-2|A1AT_HUMAN;sp|P01009-3|A1AT_HUMAN;sp|P01009|A1AT_HUMAN;sp|P20848|A1ATR_HUMAN;tr|A0A024R6I7|A0A024R6I7_HUMAN;tr|A0A0B4J278|A0A0B4J278_HUMAN;tr|A0A0G2JRN3|A0A0G2JRN3_HUMAN;tr|G3V387|G3V387_HUMAN;tr|G3V544|G3V544_HUMAN;tr|G3V5R8|G3V5R8_HUMAN,"E+42,1[Propyl]",E+42[Propyl],1000.0,2.0,P01009,P01009;P20848;A0A024R6I7;A0A0B4J278;A0A0G2JRN3;G3V387;G3V544;G3V5R8,8,False,318,0.9464285714285714,0.05357142857142857,52,0.896551724137931,26.326945303483168,26.458601356629543
973,.+12.000WYVDGVEVHNAK.__missing,3.747150115503264e-05,missingness,.+12.000WYVDGVEVHNAK,,,,,,,,,0,False,0,0.0,1.0,0,0.0,,
974,.AAC-33.988LLPKLDELR.__missing,3.7456992674487066e-05,missingness,.AAC-33.988LLPKLDELR,,,,,,,,,0,False,0,0.0,1.0,0,0.0,,
975,.MGPTELLIEMEDWKGD-18.011K.__missing,3.704722773502505e-05,missingness,.MGPTELLIEMEDWKGD-18.011K,,,,,,,,,0,False,0,0.0,1.0,0,0.0,,
976,.SGVQM+15.995NTNFFHESGLEAHVALK.__missing,3.691318746541892e-05,missingness,.SGVQM+15.995NTNFFHESGLEAHVALK,,,,,,,,,0,False,0,0.0,1.0,0,0.0,,
977,.VVSVLTVLHQD+37.956WLNGK.,3.6744051036124226e-05,abundance,.VVSVLTVLHQD+37.956WLNGK.,.VVSVLTVLHQDWLNGK.,sp|P01857|IGHG1_HUMAN;sp|P01860|IGHG3_HUMAN;sp|P01861|IGHG4_HUMAN;tr|A0A0A0MS08|A0A0A0MS08_HUMAN;tr|A0A286YES1|A0A286YES1_HUMAN;tr|A0A286YFJ8|A0A286YFJ8_HUMAN,"D+38,11[Cation:K]",D+38[Cation:K],20.639,4.0,P01857,P01857;P01860;P01861;A0A0A0MS08;A0A286YES1;A0A286YFJ8,6,False,170,0.5059523809523809,0.49404761904761907,39,0.6724137931034483,23.932492460345728,23.740493619515323
978,.HY+15.995EGSTVPEKK.,3.6638954727773073e-05,abundance,.HY+15.995EGSTVPEKK.,.HYEGSTVPEKK.,sp|P00738-2|HPT_HUMAN;sp|P00738|HPT_HUMAN;tr|A0A087WU08|A0A087WU08_HUMAN;tr|A0A0C4DGL8|A0A0C4DGL8_HUMAN;tr|H0Y300|H0Y300_HUMAN;tr|J3QLC9|J3QLC9_HUMAN;tr|J3QR68|J3QR68_HUMAN,"Y+16,2[Oxidation]",Y+16[Oxidation],1000.0,2.0,P00738,P00738;A0A087WU08;A0A0C4DGL8;H0Y300;J3QLC9;J3QR68,6,False,234,0.6964285714285714,0.30357142857142855,45,0.7758620689655172,23.964086568738807,23.873725910263094
979,.HRHPDEAAFFDT-18.011ASTGK.,3.657023857973548e-05,abundance,.HRHPDEAAFFDT-18.011ASTGK.,.HRHPDEAAFFDTASTGK.,sp|P02671-2|FIBA_HUMAN;sp|P02671|FIBA_HUMAN,"T-18,12[Dehydrated]",T-18[Dehydrated],25.733,4.0,P02671,P02671,1,True,185,0.5505952380952381,0.4494047619047619,49,0.8448275862068966,26.702265494376594,26.404775748445193
980,.ESSSHHP+15.995GIAEFPSR.__missing,3.6236755140005434e-05,missingness,.ESSSHHP+15.995GIAEFPSR,,,,,,,,,0,False,0,0.0,1.0,0,0.0,,
981,.DLDSQTMM+15.995VLVNYIFFK.,3.620383160569894e-05,abundance,.DLDSQTMM+15.995VLVNYIFFK.,.DLDSQTMMVLVNYIFFK.,sp|P01011-2|AACT_HUMAN;sp|P01011|AACT_HUMAN;tr|G3V595|G3V595_HUMAN,"M+16,8[Oxidation]",M+16[Oxidation],39.222,2.0,P01011,P01011;G3V595,2,False,320,0.9523809523809523,0.047619047619047616,55,0.9482758620689655,22.799340245272116,22.863237394613773
982,.PFVFLMIE-14.016QNTK.__missing,3.614419708781814e-05,missingness,.PFVFLMIE-14.016QNTK,,,,,,,,,0,False,0,0.0,1.0,0,0.0,,
983,.QEPERNEC+119.004FLQHKDDNPNLPR.,3.608439813498303e-05,abundance,.QEPERNEC+119.004FLQHKDDNPNLPR.,.QEPERNECFLQHKDDNPNLPR.,sp|P02768-3|ALBU_HUMAN;sp|P02768|ALBU_HUMAN;tr|A0A087WWT3|A0A087WWT3_HUMAN;tr|A0A0C4DGB6|A0A0C4DGB6_HUMAN;tr|H7C013|H7C013_HUMAN,"C+119,8[Cysteinyl]",C+119[Cysteinyl],57.084,3.0,P02768,P02768;A0A087WWT3;A0A0C4DGB6;H7C013,4,False,318,0.9464285714285714,0.05357142857142857,52,0.896551724137931,27.050277973836998,26.903391164319622
984,.SAVTALW+15.995GK.,3.6013047912097455e-05,abundance,.SAVTALW+15.995GK.,.SAVTALWGK.,sp|P68871|HBB_HUMAN;tr|A0A0J9YWK4|A0A0J9YWK4_HUMAN;tr|A0A2R8Y7R2|A0A2R8Y7R2_HUMAN;tr|F8W6P5|F8W6P5_HUMAN,"W+16,7[Oxidation]",W+16[Oxidation],8.517,2.0,P68871,P68871;A0A0J9YWK4;A0A2R8Y7R2;F8W6P5,4,False,313,0.9315476190476191,0.06845238095238096,50,0.8620689655172413,23.942500545314086,23.91529109073961
985,.SKEQLT-18.011PLIK.,3.590326657080573e-05,abundance,.SKEQLT-18.011PLIK.,.SKEQLTPLIK.,sp|P02652|APOA2_HUMAN;tr|V9GYE3|V9GYE3_HUMAN;tr|V9GYG9|V9GYG9_HUMAN;tr|V9GYM3|V9GYM3_HUMAN,"T-18,6[Dehydrated]",T-18[Dehydrated],12.893,3.0,P02652,P02652;V9GYE3;V9GYG9;V9GYM3,4,False,172,0.5119047619047619,0.4880952380952381,40,0.6896551724137931,24.766279430790313,24.69395830730657
986,.DVMQGTDEHVVC+57.021KVQHPNGN+0.984KEK.__missing,3.585142882742708e-05,missingness,.DVMQGTDEHVVC+57.021KVQHPNGN+0.984KEK,,,,,,,,,0,False,0,0.0,1.0,0,0.0,,
987,.TDTSH+57.021HDQDHPTFNK.__missing,3.581057572346688e-05,missingness,.TDTSH+57.021HDQDHPTFNK,,,,,,,,,0,False,0,0.0,1.0,0,0.0,,
988,.F+15.995QNALLVR.__missing,3.563461464934123e-05,missingness,.F+15.995QNALLVR,,,,,,,,,0,False,0,0.0,1.0,0,0.0,,
989,.AFVA-14.016AWAVAR.,3.560454186969326e-05,abundance,.AFVA-14.016AWAVAR.,.AFVAAWAVAR.,sp|P49190|PTH2R_HUMAN;tr|B4DFN8|B4DFN8_HUMAN,"A-14,4[A->G/1]",A-14[A->G/1],8.149,2.0,P49190,P49190;B4DFN8,2,False,235,0.6994047619047619,0.3005952380952381,43,0.7413793103448276,25.179942110306015,25.024283389454656
990,.-17.027QKPDGVFQEDAPVIHQEMIGGLR.,3.557382181352374e-05,abundance,.-17.027QKPDGVFQEDAPVIHQEMIGGLR.,.QKPDGVFQEDAPVIHQEMIGGLR.,sp|P01024|CO3_HUMAN,"Q-17,1[Gln->pyro-Glu]",Q-17[Gln->pyro-Glu],30.279,3.0,P01024,P01024,1,True,326,0.9702380952380952,0.02976190476190476,55,0.9482758620689655,28.407715888823184,28.428177794418485
991,.LRTEGD-18.011GVYTLNNEK.__missing,3.554756405431102e-05,missingness,.LRTEGD-18.011GVYTLNNEK,,,,,,,,,0,False,0,0.0,1.0,0,0.0,,
992,.GSESGIFTNTK+42.047.,3.5520902061773536e-05,abundance,.GSESGIFTNTK+42.047.,.GSESGIFTNTK.,sp|P02671-2|FIBA_HUMAN;sp|P02671|FIBA_HUMAN,"Z+42,11[Propyl]",Z+42[Propyl],1000.0,2.0,P02671,P02671,1,True,315,0.9375,0.0625,52,0.896551724137931,26.674804132220626,26.648766841604
993,.+298.146AEFAEVSK.,3.528592298074557e-05,abundance,.+298.146AEFAEVSK.,.AEFAEVSK.,sp|P02768-2|ALBU_HUMAN;sp|P02768|ALBU_HUMAN;tr|A0A0C4DGB6|A0A0C4DGB6_HUMAN;tr|B7WNR0|B7WNR0_HUMAN;tr|C9JKR2|C9JKR2_HUMAN;tr|D6RHD5|D6RHD5_HUMAN;tr|H0YA55|H0YA55_HUMAN,"X+298,1[biotinAcrolein298]",X+298[biotinAcrolein298],18.214,2.0,P02768,P02768;A0A0C4DGB6;B7WNR0;C9JKR2;D6RHD5;H0YA55,6,False,171,0.5089285714285714,0.49107142857142855,47,0.8103448275862069,26.45831035645737,26.525847496044342
994,.ESQLPTVM+15.995DFR.,3.523145331871525e-05,abundance,.ESQLPTVM+15.995DFR.,.ESQLPTVMDFR.,sp|P04114|APOB_HUMAN;tr|A8MUN2|A8MUN2_HUMAN,"M+16,8[Oxidation]",M+16[Oxidation],13.605,2.0,P04114,P04114;A8MUN2,2,False,274,0.8154761904761905,0.18452380952380953,47,0.8103448275862069,26.20888540079509,25.76034979915504
995,.SAGWNIPIGLLYC-33.988DLPEPRKPLEK.,3.5215280528226775e-05,abundance,.SAGWNIPIGLLYC-33.988DLPEPRKPLEK.,.SAGWNIPIGLLYCDLPEPRKPLEK.,sp|P02787|TRFE_HUMAN;tr|C9JVG0|C9JVG0_HUMAN,"C-34,13[Cys->Dha]",C-34[Cys->Dha],0.0,3.0,P02787,P02787;C9JVG0,2,False,304,0.9047619047619048,0.09523809523809523,48,0.8275862068965517,24.64503024506934,24.553672547155283
996,.SPEL+15.995QAEAK.,3.503684641399476e-05,abundance,.SPEL+15.995QAEAK.,.SPELQAEAK.,sp|P02652|APOA2_HUMAN;tr|V9GYC1|V9GYC1_HUMAN;tr|V9GYE3|V9GYE3_HUMAN;tr|V9GYG9|V9GYG9_HUMAN;tr|V9GYM3|V9GYM3_HUMAN;tr|V9GYS1|V9GYS1_HUMAN,"L+16,4[Oxidation]",L+16[Oxidation],1000.0,2.0,P02652,P02652;V9GYC1;V9GYE3;V9GYG9;V9GYM3;V9GYS1,6,False,231,0.6875,0.3125,43,0.7413793103448276,22.149093999588807,22.026271474919483
997,.WQEEM+15.995ELYR.,3.5008043679919376e-05,abundance,.WQEEM+15.995ELYR.,.WQEEMELYR.,sp|P02647|APOA1_HUMAN;tr|F8W696|F8W696_HUMAN,"M+16,5[Oxidation]",M+16[Oxidation],12.637,2.0,P02647,P02647;F8W696,2,False,318,0.9464285714285714,0.05357142857142857,52,0.896551724137931,31.426826973625893,30.977738148900954
998,.QK+57.021VSVNER.,3.4992440315644744e-05,abundance,.QK+57.021VSVNER.,.QKVSVNER.,sp|P00738-2|HPT_HUMAN;sp|P00738|HPT_HUMAN;tr|A0A087WU08|A0A087WU08_HUMAN;tr|A0A0C4DGL8|A0A0C4DGL8_HUMAN;tr|H0Y300|H0Y300_HUMAN;tr|H3BS21|H3BS21_HUMAN;tr|J3QLC9|J3QLC9_HUMAN;tr|J3QR68|J3QR68_HUMAN,"K+57,2[Carbamidomethyl]",K+57[Carbamidomethyl],1000.0,2.0,P00738,P00738;A0A087WU08;A0A0C4DGL8;H0Y300;H3BS21;J3QLC9;J3QR68,7,False,251,0.7470238095238095,0.25297619047619047,42,0.7241379310344828,25.218930042767767,25.100606023668544
999,.-17.027QEINSHVEMQTK.,3.491302714455011e-05,abundance,.-17.027QEINSHVEMQTK.,.QEINSHVEMQTK.,sp|P05543|THBG_HUMAN,"Q-17,1[Gln->pyro-Glu]",Q-17[Gln->pyro-Glu],16.663,2.0,P05543,P05543,1,True,180,0.5357142857142857,0.4642857142857143,38,0.6551724137931034,24.97496760621615,24.946259631240654
1000,.DSGRDYVSQFEGSALGK+42.047.,3.4841620454456314e-05,abundance,.DSGRDYVSQFEGSALGK+42.047.,.DSGRDYVSQFEGSALGK.,sp|P02647|APOA1_HUMAN,"Z+42,17[Propyl]",Z+42[Propyl],1000.0,2.0,P02647,P02647,1,True,302,0.8988095238095238,0.10119047619047619,50,0.8620689655172413,26.6376694078674,26.61964897505825
1001,.TFPGFFSPMLGE+37.947FVSETESR.__missing,3.483549749542255e-05,missingness,.TFPGFFSPMLGE+37.947FVSETESR,,,,,,,,,0,False,0,0.0,1.0,0,0.0,,
1002,.LDELRDEGK+28.006ASSAK.__missing,3.4552938905216674e-05,missingness,.LDELRDEGK+28.006ASSAK,,,,,,,,,0,False,0,0.0,1.0,0,0.0,,
1003,.-17.027QGLLPVLESFK.,3.453507988050851e-05,abundance,.-17.027QGLLPVLESFK.,.QGLLPVLESFK.,sp|P02647|APOA1_HUMAN;tr|F8W696|F8W696_HUMAN,"Q-17,1[Gln->pyro-Glu]",Q-17[Gln->pyro-Glu],1000.0,2.0,P02647,P02647;F8W696,2,False,324,0.9642857142857143,0.03571428571428571,55,0.9482758620689655,32.27501875691856,32.111971735457054
1004,.P+17.974LLEKSHC+47.985IAEVENDEMPADLPSLAADFVESK.__missing,3.442599859466281e-05,missingness,.P+17.974LLEKSHC+47.985IAEVENDEMPADLPSLAADFVESK,,,,,,,,,0,False,0,0.0,1.0,0,0.0,,
1005,.C+57.021PLM+15.995VK.__missing,3.441791145316329e-05,missingness,.C+57.021PLM+15.995VK,,,,,,,,,0,False,0,0.0,1.0,0,0.0,,
1006,.SEVAHR+54.011FK.,3.438145800997722e-05,abundance,.SEVAHR+54.011FK.,.SEVAHRFK.,sp|P02768-2|ALBU_HUMAN;sp|P02768-3|ALBU_HUMAN;sp|P02768|ALBU_HUMAN;tr|A0A087WWT3|A0A087WWT3_HUMAN;tr|A0A0C4DGB6|A0A0C4DGB6_HUMAN;tr|B7WNR0|B7WNR0_HUMAN;tr|C9JKR2|C9JKR2_HUMAN;tr|H7C013|H7C013_HUMAN,"R+54,6[Delta:H(2)C(3)O(1)]",R+54[Delta:H(2)C(3)O(1)],8.149,2.0,P02768,P02768;A0A087WWT3;A0A0C4DGB6;B7WNR0;C9JKR2;H7C013,6,False,310,0.9226190476190477,0.07738095238095238,49,0.8448275862068966,24.66817502650978,24.763815525996122
1007,.AEFAEVSK+58.005LVTDLTK.,3.4322768793312155e-05,abundance,.AEFAEVSK+58.005LVTDLTK.,.AEFAEVSKLVTDLTK.,sp|P02768-2|ALBU_HUMAN;sp|P02768|ALBU_HUMAN;tr|A0A0C4DGB6|A0A0C4DGB6_HUMAN;tr|B7WNR0|B7WNR0_HUMAN;tr|C9JKR2|C9JKR2_HUMAN;tr|D6RHD5|D6RHD5_HUMAN;tr|H0YA55|H0YA55_HUMAN,"K+58,8[Carboxymethyl]",K+58[Carboxymethyl],1000.0,3.0,P02768,P02768;A0A0C4DGB6;B7WNR0;C9JKR2;D6RHD5;H0YA55,6,False,296,0.8809523809523809,0.11904761904761904,46,0.7931034482758621,23.691265339689807,23.619214526648523
1008,.-17.027QLVHHFEIDVDIFEPQGISK.,3.429238964989821e-05,abundance,.-17.027QLVHHFEIDVDIFEPQGISK.,.QLVHHFEIDVDIFEPQGISK.,sp|P19827-2|ITIH1_HUMAN;sp|P19827|ITIH1_HUMAN,"Q-17,1[Gln->pyro-Glu]",Q-17[Gln->pyro-Glu],45.708,2.0,P19827,P19827,1,True,325,0.9672619047619048,0.03273809523809524,55,0.9482758620689655,25.21768578081002,25.24308006280019
1009,.ADIGC+119.004TPGSGK.,3.421087905071522e-05,abundance,.ADIGC+119.004TPGSGK.,.ADIGCTPGSGK.,sp|P01024|CO3_HUMAN,"C+119,5[Cysteinyl]",C+119[Cysteinyl],1000.0,2.0,P01024,P01024,1,True,279,0.8303571428571429,0.16964285714285715,50,0.8620689655172413,24.525026922939634,24.462420915024893
1010,.DDKHEQDM+15.995VNGIM+15.995LSVEK.,3.4152528740883095e-05,abundance,.DDKHEQDM+15.995VNGIM+15.995LSVEK.,.DDKHEQDMVNGIMLSVEK.,sp|P04114|APOB_HUMAN;tr|A8MUN2|A8MUN2_HUMAN,"M+16,8[Oxidation] & M+16,13[Oxidation]",M+16[Oxidation],26.407,2.0,P04114,P04114;A8MUN2,2,False,236,0.7023809523809523,0.2976190476190476,46,0.7931034482758621,27.289582164707276,27.03337649101567
1011,.ALVLIAFAQYLQQC+63.962PFEDHVK.,3.409009289021374e-05,abundance,.ALVLIAFAQYLQQC+63.962PFEDHVK.,.ALVLIAFAQYLQQCPFEDHVK.,sp|P02768-3|ALBU_HUMAN;sp|P02768|ALBU_HUMAN;tr|A0A087WWT3|A0A087WWT3_HUMAN;tr|A0A0C4DGB6|A0A0C4DGB6_HUMAN;tr|H7C013|H7C013_HUMAN,"C+64,14[SulfurDioxide]",C+64[SulfurDioxide],51.36,2.0,P02768,P02768;A0A087WWT3;A0A0C4DGB6;H7C013,4,False,320,0.9523809523809523,0.047619047619047616,53,0.9137931034482759,29.78030109611871,29.741298255838483
1012,.+57.021DAHKSEVAHR.,3.408031671584755e-05,abundance,.+57.021DAHKSEVAHR.,.DAHKSEVAHR.,sp|P02768-2|ALBU_HUMAN;sp|P02768-3|ALBU_HUMAN;sp|P02768|ALBU_HUMAN;tr|A0A087WWT3|A0A087WWT3_HUMAN;tr|A0A0C4DGB6|A0A0C4DGB6_HUMAN;tr|B7WNR0|B7WNR0_HUMAN;tr|C9JKR2|C9JKR2_HUMAN;tr|H7C013|H7C013_HUMAN,"X+57,1[Carbamidomethyl]",X+57[Carbamidomethyl],1000.0,2.0,P02768,P02768;A0A087WWT3;A0A0C4DGB6;B7WNR0;C9JKR2;H7C013,6,False,317,0.9434523809523809,0.05654761904761905,52,0.896551724137931,27.7398892584875,27.466796320616208
1013,.LYHSEAFTVNFGDTEEAK+42.047.__missing,3.405154109087211e-05,missingness,.LYHSEAFTVNFGDTEEAK+42.047,,,,,,,,,0,False,0,0.0,1.0,0,0.0,,
1014,.SLH-10.032TLFGDK.,3.381486978506037e-05,abundance,.SLH-10.032TLFGDK.,.SLHTLFGDK.,sp|P02768-3|ALBU_HUMAN;sp|P02768|ALBU_HUMAN;tr|A0A087WWT3|A0A087WWT3_HUMAN;tr|A0A0C4DGB6|A0A0C4DGB6_HUMAN;tr|H7C013|H7C013_HUMAN,"H-10,3[Aspartylurea]",H-10[Aspartylurea],8.891,2.0,P02768,P02768;A0A087WWT3;A0A0C4DGB6;H7C013,4,False,192,0.5714285714285714,0.42857142857142855,33,0.5689655172413793,23.478617157569253,23.21649929542227
1015,.SEAEDASLLSFMQGYM+15.995K.,3.379218487800508e-05,abundance,.SEAEDASLLSFMQGYM+15.995K.,.SEAEDASLLSFMQGYMK.,sp|P02656|APOC3_HUMAN;tr|B0YIW2|B0YIW2_HUMAN;tr|C9J2Q0|C9J2Q0_HUMAN,"M+16,16[Oxidation]",M+16[Oxidation],41.414,2.0,P02656,P02656;B0YIW2;C9J2Q0,3,False,313,0.9315476190476191,0.06845238095238096,52,0.896551724137931,27.69020987179661,27.499452684295672
1016,.GM+15.995ALFGEGK.,3.378820206182671e-05,abundance,.GM+15.995ALFGEGK.,.GMALFGEGK.,sp|P04114|APOB_HUMAN,"M+16,2[Oxidation]",M+16[Oxidation],10.408,2.0,P04114,P04114,1,True,297,0.8839285714285714,0.11607142857142858,51,0.8793103448275862,25.793945567443956,25.63061340075374
1017,.GISTSAASPAVGTVGM+15.995DM+15.995DEDDDFSK.,3.375538410147947e-05,abundance,.GISTSAASPAVGTVGM+15.995DM+15.995DEDDDFSK.,.GISTSAASPAVGTVGMDMDEDDDFSK.,sp|P04114|APOB_HUMAN,"M+16,16[Oxidation] & M+16,18[Oxidation]",M+16[Oxidation],25.423,2.0,P04114,P04114,1,True,210,0.625,0.375,46,0.7931034482758621,27.631172848919952,27.14000825276268
1018,.+12.000LVAASQAALGL.,3.3611575412737044e-05,abundance,.+12.000LVAASQAALGL.,.LVAASQAALGL.,sp|P02768-2|ALBU_HUMAN;sp|P02768-3|ALBU_HUMAN;sp|P02768|ALBU_HUMAN;tr|A0A087WWT3|A0A087WWT3_HUMAN;tr|B7WNR0|B7WNR0_HUMAN;tr|C9JKR2|C9JKR2_HUMAN;tr|D6RHD5|D6RHD5_HUMAN;tr|H0YA55|H0YA55_HUMAN,"X+12,1[Thiazolidine]",X+12[Thiazolidine],1000.0,2.0,P02768,P02768;A0A087WWT3;B7WNR0;C9JKR2;D6RHD5;H0YA55,6,False,274,0.8154761904761905,0.18452380952380953,48,0.8275862068965517,23.993586211994547,23.89660464844522
1019,.TAGWNIPMGLLYN+0.984K.,3.351249184543047e-05,abundance,.TAGWNIPMGLLYN+0.984K.,.TAGWNIPMGLLYNK.,sp|P02787|TRFE_HUMAN;tr|H7C5E8|H7C5E8_HUMAN,"N+1,13[Deamidated]",N+1[Deamidated],1000.0,2.0,P02787,P02787;H7C5E8,2,False,288,0.8571428571428571,0.14285714285714285,51,0.8793103448275862,26.418249107745744,26.154037898595707
1020,.KQINDY+15.995VEK.,3.335386051665693e-05,abundance,.KQINDY+15.995VEK.,.KQINDYVEK.,sp|P01009-2|A1AT_HUMAN;sp|P01009-3|A1AT_HUMAN;sp|P01009|A1AT_HUMAN;tr|A0A024R6I7|A0A024R6I7_HUMAN;tr|A0A0G2JRN3|A0A0G2JRN3_HUMAN;tr|G3V2B9|G3V2B9_HUMAN,"Y+16,6[Oxidation]",Y+16[Oxidation],1000.0,2.0,P01009,P01009;A0A024R6I7;A0A0G2JRN3;G3V2B9,4,False,171,0.5089285714285714,0.49107142857142855,40,0.6896551724137931,23.46961002265784,23.46288190200601
1021,.R-28.006LVHVEEPHTETVR.,3.331049439113589e-05,abundance,.R-28.006LVHVEEPHTETVR.,.RLVHVEEPHTETVR.,sp|P01023|A2MG_HUMAN,"R-28,1[R->K/1]",R-28[R->K/1],0.0,3.0,P01023,P01023,1,True,276,0.8214285714285714,0.17857142857142858,52,0.896551724137931,26.544573056139676,26.49085831979914
1022,.ETEGLRQEMSK+42.047.,3.326678039444453e-05,abundance,.ETEGLRQEMSK+42.047.,.ETEGLRQEMSK.,sp|P02647|APOA1_HUMAN;tr|F8W696|F8W696_HUMAN,"Z+42,11[Propyl]",Z+42[Propyl],1000.0,3.0,P02647,P02647;F8W696,2,False,268,0.7976190476190477,0.20238095238095238,46,0.7931034482758621,26.835149193414715,26.84262291730298
1023,.VNEPSILEM+15.995SR.__missing,3.3238086787799626e-05,missingness,.VNEPSILEM+15.995SR,,,,,,,,,0,False,0,0.0,1.0,0,0.0,,
1024,.VFDEFKPLVEEPQNLIK+42.047.__missing,3.320337753633399e-05,missingness,.VFDEFKPLVEEPQNLIK+42.047,,,,,,,,,0,False,0,0.0,1.0,0,0.0,,
1025,.-17.027QHDMGHMMR.,3.320022544495189e-05,abundance,.-17.027QHDMGHMMR.,.QHDMGHMMR.,sp|P02751-10|FINC_HUMAN;sp|P02751-11|FINC_HUMAN;sp|P02751-12|FINC_HUMAN;sp|P02751-13|FINC_HUMAN;sp|P02751-14|FINC_HUMAN;sp|P02751-15|FINC_HUMAN;sp|P02751-16|FINC_HUMAN;sp|P02751-17|FINC_HUMAN;sp|P02751-2|FINC_HUMAN;sp|P02751-3|FINC_HUMAN [further mapped to 7 additional proteins],"Q-17,1[Gln->pyro-Glu]",Q-17[Gln->pyro-Glu],1000.0,2.0,P02751,P02751,1,True,323,0.9613095238095238,0.03869047619047619,54,0.9310344827586207,25.648468949603927,25.538714703946766
1026,.H+57.021TFMGVVSLGSPSGEVSHPR.__missing,3.3169148303480065e-05,missingness,.H+57.021TFMGVVSLGSPSGEVSHPR,,,,,,,,,0,False,0,0.0,1.0,0,0.0,,
1027,.FNGNTLDNDIMLIK+28.031LSSPATLNSR.,3.306512851008701e-05,abundance,.FNGNTLDNDIMLIK+28.031LSSPATLNSR.,.FNGNTLDNDIMLIKLSSPATLNSR.,TRYP_PIG,"K+28,14[Dimethyl]",K+28[Dimethyl],0.0,3.0,,,0,False,310,0.9226190476190477,0.07738095238095238,54,0.9310344827586207,25.416029780532625,25.451329534110666
1028,.LIVAM+15.995SSWLQK.,3.302028793773418e-05,abundance,.LIVAM+15.995SSWLQK.,.LIVAMSSWLQK.,sp|P04114|APOB_HUMAN,"M+16,5[Oxidation]",M+16[Oxidation],1000.0,2.0,P04114,P04114,1,True,309,0.9196428571428571,0.08035714285714286,48,0.8275862068965517,26.27842354482725,25.60465895017316
1029,.TPVSDR+54.011VTK.,3.294392988942229e-05,abundance,.TPVSDR+54.011VTK.,.TPVSDRVTK.,sp|P02768-2|ALBU_HUMAN;sp|P02768-3|ALBU_HUMAN;sp|P02768|ALBU_HUMAN;tr|A0A087WWT3|A0A087WWT3_HUMAN;tr|A0A0C4DGB6|A0A0C4DGB6_HUMAN;tr|B7WNR0|B7WNR0_HUMAN;tr|C9JKR2|C9JKR2_HUMAN;tr|D6RHD5|D6RHD5_HUMAN;tr|H0YA55|H0YA55_HUMAN,"R+54,6[Delta:H(2)C(3)O(1)]",R+54[Delta:H(2)C(3)O(1)],13.344,2.0,P02768,P02768;A0A087WWT3;A0A0C4DGB6;B7WNR0;C9JKR2;D6RHD5;H0YA55,7,False,256,0.7619047619047619,0.23809523809523808,46,0.7931034482758621,23.73304972627272,23.889240734043447
1030,.HY+15.995EGSTVPEK.,3.291524282838506e-05,abundance,.HY+15.995EGSTVPEK.,.HYEGSTVPEK.,sp|P00738-2|HPT_HUMAN;sp|P00738|HPT_HUMAN;tr|A0A087WU08|A0A087WU08_HUMAN;tr|A0A0C4DGL8|A0A0C4DGL8_HUMAN;tr|H0Y300|H0Y300_HUMAN;tr|H3BS21|H3BS21_HUMAN;tr|J3QLC9|J3QLC9_HUMAN;tr|J3QR68|J3QR68_HUMAN,"Y+16,2[Oxidation]",Y+16[Oxidation],1000.0,2.0,P00738,P00738;A0A087WU08;A0A0C4DGL8;H0Y300;H3BS21;J3QLC9;J3QR68,7,False,299,0.8898809523809523,0.11011904761904762,51,0.8793103448275862,23.900811173758672,23.93273055057022
1031,.ASGVPDRFSGSGSGTDFTLK+28.006.__missing,3.2885047170137704e-05,missingness,.ASGVPDRFSGSGSGTDFTLK+28.006,,,,,,,,,0,False,0,0.0,1.0,0,0.0,,
1032,.EC+57.021C+57.021EKPLLEKSHC+97.016IAEVENDEM+15.995PADLPSLAADFVESK.,3.28187516948013e-05,abundance,.EC+57.021C+57.021EKPLLEKSHC+97.016IAEVENDEM+15.995PADLPSLAADFVESK.,.ECCEKPLLEKSHCIAEVENDEMPADLPSLAADFVESK.,sp|P02768-2|ALBU_HUMAN;sp|P02768|ALBU_HUMAN;tr|A0A0C4DGB6|A0A0C4DGB6_HUMAN;tr|B7WNR0|B7WNR0_HUMAN;tr|C9JKR2|C9JKR2_HUMAN;tr|D6RHD5|D6RHD5_HUMAN;tr|H0YA55|H0YA55_HUMAN,"C+97,13[maleimide] & M+16,22[Oxidation]",C+97[maleimide],0.0,3.0,P02768,P02768;A0A0C4DGB6;B7WNR0;C9JKR2;D6RHD5;H0YA55,6,False,171,0.5089285714285714,0.49107142857142855,46,0.7931034482758621,29.010466555625854,28.758545873838127
1033,.QTALVELVK+42.047.,3.2816656802007535e-05,abundance,.QTALVELVK+42.047.,.QTALVELVK.,sp|P02768-2|ALBU_HUMAN;sp|P02768-3|ALBU_HUMAN;sp|P02768|ALBU_HUMAN;tr|A0A087WWT3|A0A087WWT3_HUMAN;tr|A0A0C4DGB6|A0A0C4DGB6_HUMAN;tr|B7WNR0|B7WNR0_HUMAN;tr|C9JKR2|C9JKR2_HUMAN;tr|D6RHD5|D6RHD5_HUMAN;tr|H0YA55|H0YA55_HUMAN,"Z+42,9[Propyl]",Z+42[Propyl],1000.0,2.0,P02768,P02768;A0A087WWT3;A0A0C4DGB6;B7WNR0;C9JKR2;D6RHD5;H0YA55,7,False,311,0.9255952380952381,0.0744047619047619,51,0.8793103448275862,29.75680246138767,29.698950794927974
1034,.NHLQLEGLFFTN+0.984GEHTSK.__missing,3.2690013280005954e-05,missingness,.NHLQLEGLFFTN+0.984GEHTSK,,,,,,,,,0,False,0,0.0,1.0,0,0.0,,
1035,.VLGAFSDGLAHLDNLK+42.047.,3.2632056216826965e-05,abundance,.VLGAFSDGLAHLDNLK+42.047.,.VLGAFSDGLAHLDNLK.,sp|P02042|HBD_HUMAN;sp|P68871|HBB_HUMAN;tr|A0A2R8Y7R2|A0A2R8Y7R2_HUMAN;tr|E9PEW8|E9PEW8_HUMAN;tr|E9PFT6|E9PFT6_HUMAN;tr|F8W6P5|F8W6P5_HUMAN,"Z+42,16[Propyl]",Z+42[Propyl],1000.0,3.0,P02042,P02042;P68871;A0A2R8Y7R2;E9PEW8;E9PFT6;F8W6P5,6,False,218,0.6488095238095238,0.35119047619047616,41,0.7068965517241379,24.099029630854996,23.99216345680382
1036,.VDN+0.984ALQSGNSQESVTEQDSK.,3.262474035418588e-05,abundance,.VDN+0.984ALQSGNSQESVTEQDSK.,.VDNALQSGNSQESVTEQDSK.,sp|P01834|IGKC_HUMAN,"N+1,3[Deamidated]",N+1[Deamidated],1000.0,2.0,P01834,P01834,1,True,188,0.5595238095238095,0.44047619047619047,49,0.8448275862068966,29.47350840207034,29.440405819111128
1037,.YIC+63.962ENQDSISSK.,3.2503029218806394e-05,abundance,.YIC+63.962ENQDSISSK.,.YICENQDSISSK.,sp|P02768-2|ALBU_HUMAN;sp|P02768|ALBU_HUMAN;tr|A0A0C4DGB6|A0A0C4DGB6_HUMAN;tr|B7WNR0|B7WNR0_HUMAN;tr|C9JKR2|C9JKR2_HUMAN;tr|D6RHD5|D6RHD5_HUMAN;tr|H0YA55|H0YA55_HUMAN,"C+64,3[SulfurDioxide]",C+64[SulfurDioxide],21.193,2.0,P02768,P02768;A0A0C4DGB6;B7WNR0;C9JKR2;D6RHD5;H0YA55,6,False,300,0.8928571428571429,0.10714285714285714,48,0.8275862068965517,24.580702299888067,24.63780754199191
1038,.ALVEQGFTVPEIK+42.047.__missing,3.2323430219577535e-05,missingness,.ALVEQGFTVPEIK+42.047,,,,,,,,,0,False,0,0.0,1.0,0,0.0,,
1039,.DAHK+57.021SEVAHR.,3.226343433494302e-05,abundance,.DAHK+57.021SEVAHR.,.DAHKSEVAHR.,sp|P02768-2|ALBU_HUMAN;sp|P02768-3|ALBU_HUMAN;sp|P02768|ALBU_HUMAN;tr|A0A087WWT3|A0A087WWT3_HUMAN;tr|A0A0C4DGB6|A0A0C4DGB6_HUMAN;tr|B7WNR0|B7WNR0_HUMAN;tr|C9JKR2|C9JKR2_HUMAN;tr|H7C013|H7C013_HUMAN,"K+57,4[Carbamidomethyl]",K+57[Carbamidomethyl],19.053,2.0,P02768,P02768;A0A087WWT3;A0A0C4DGB6;B7WNR0;C9JKR2;H7C013,6,False,318,0.9464285714285714,0.05357142857142857,52,0.896551724137931,28.34163770000579,28.26522701893698
1040,.MADEAGSEADHEGTHSTK+57.021.,3.2152776932092154e-05,abundance,.MADEAGSEADHEGTHSTK+57.021.,.MADEAGSEADHEGTHSTK.,sp|P02671-2|FIBA_HUMAN;sp|P02671|FIBA_HUMAN,"K+57,18[Carbamidomethyl]",K+57[Carbamidomethyl],1000.0,3.0,P02671,P02671,1,True,190,0.5654761904761905,0.43452380952380953,49,0.8448275862068966,25.871270935610838,25.657199993728266
1041,.SK+42.011EQLTPLIK.,3.197080082253565e-05,abundance,.SK+42.011EQLTPLIK.,.SKEQLTPLIK.,sp|P02652|APOA2_HUMAN;tr|V9GYE3|V9GYE3_HUMAN;tr|V9GYG9|V9GYG9_HUMAN;tr|V9GYM3|V9GYM3_HUMAN,"K+42,2[Acetyl]",K+42[Acetyl],6.605,2.0,P02652,P02652;V9GYE3;V9GYG9;V9GYM3,4,False,226,0.6726190476190477,0.3273809523809524,46,0.7931034482758621,25.12631041770664,24.85381504244563
1042,.LLDNWDSVTSTFSK+42.047.,3.179719129267391e-05,abundance,.LLDNWDSVTSTFSK+42.047.,.LLDNWDSVTSTFSK.,sp|P02647|APOA1_HUMAN;tr|F8W696|F8W696_HUMAN,"Z+42,14[Propyl]",Z+42[Propyl],1000.0,2.0,P02647,P02647;F8W696,2,False,303,0.9017857142857143,0.09821428571428571,51,0.8793103448275862,27.959067309124038,27.644649263879444
1043,.Q-13.032VQLVESGGGLVKPGGSLR.__missing,3.1721702473744386e-05,missingness,.Q-13.032VQLVESGGGLVKPGGSLR,,,,,,,,,0,False,0,0.0,1.0,0,0.0,,
1044,.VDNALQSGNSQESVTEQD-18.011SK.__missing,3.16780186030299e-05,missingness,.VDNALQSGNSQESVTEQD-18.011SK,,,,,,,,,0,False,0,0.0,1.0,0,0.0,,
1045,.ALVLIAFAQYLQQC+47.985PFEDH+57.021VK.,3.1663460192420735e-05,abundance,.ALVLIAFAQYLQQC+47.985PFEDH+57.021VK.,.ALVLIAFAQYLQQCPFEDHVK.,sp|P02768-3|ALBU_HUMAN;sp|P02768|ALBU_HUMAN;tr|A0A087WWT3|A0A087WWT3_HUMAN;tr|A0A0C4DGB6|A0A0C4DGB6_HUMAN;tr|H7C013|H7C013_HUMAN,"C+48,14[Trioxidation] & H+57,19[Carbamidomethyl]",C+48[Trioxidation],45.231,3.0,P02768,P02768;A0A087WWT3;A0A0C4DGB6;H7C013,4,False,171,0.5089285714285714,0.49107142857142855,39,0.6724137931034483,25.133711988200385,24.854087785920164
1046,.AHYGGFTVQN+0.984EANK.,3.16555256406976e-05,abundance,.AHYGGFTVQN+0.984EANK.,.AHYGGFTVQNEANK.,sp|P02675|FIBB_HUMAN;tr|D6REL8|D6REL8_HUMAN,"N+1,10[Deamidated]",N+1[Deamidated],1000.0,2.0,P02675,P02675;D6REL8,2,False,320,0.9523809523809523,0.047619047619047616,53,0.9137931034482759,26.519920706593552,26.466484066302336
1047,.D-18.011AHKSEVAHR.,3.143159778481368e-05,abundance,.D-18.011AHKSEVAHR.,.DAHKSEVAHR.,sp|P02768-2|ALBU_HUMAN;sp|P02768-3|ALBU_HUMAN;sp|P02768|ALBU_HUMAN;tr|A0A087WWT3|A0A087WWT3_HUMAN;tr|A0A0C4DGB6|A0A0C4DGB6_HUMAN;tr|B7WNR0|B7WNR0_HUMAN;tr|C9JKR2|C9JKR2_HUMAN;tr|H7C013|H7C013_HUMAN,"D-18,1[Dehydrated]",D-18[Dehydrated],18.537,3.0,P02768,P02768;A0A087WWT3;A0A0C4DGB6;B7WNR0;C9JKR2;H7C013,6,False,257,0.7648809523809523,0.23511904761904762,50,0.8620689655172413,23.276567453311664,23.300081167914485
1048,.DYNLNDILLQLGIEEAFTSK+42.047.,3.128458769688655e-05,abundance,.DYNLNDILLQLGIEEAFTSK+42.047.,.DYNLNDILLQLGIEEAFTSK.,sp|P01011|AACT_HUMAN;tr|G3V3A0|G3V3A0_HUMAN,"Z+42,20[Propyl]",Z+42[Propyl],1000.0,2.0,P01011,P01011;G3V3A0,2,False,287,0.8541666666666666,0.14583333333333334,50,0.8620689655172413,22.09210157808508,21.93082803939315
1049,.SSQSLLHSD-0.984GK.__missing,3.125716234169548e-05,missingness,.SSQSLLHSD-0.984GK,,,,,,,,,0,False,0,0.0,1.0,0,0.0,,
1050,.TLPPSREEM+15.995TK.__missing,3.122976415115646e-05,missingness,.TLPPSREEM+15.995TK,,,,,,,,,0,False,0,0.0,1.0,0,0.0,,
1051,.GHM+15.995LENHVER.__missing,3.105222714845314e-05,missingness,.GHM+15.995LENHVER,,,,,,,,,0,False,0,0.0,1.0,0,0.0,,
1052,.-17.027QKLHELQEK.,3.0900453247306005e-05,abundance,.-17.027QKLHELQEK.,.QKLHELQEK.,sp|P02647|APOA1_HUMAN;tr|F8W696|F8W696_HUMAN,"Q-17,1[Gln->pyro-Glu]",Q-17[Gln->pyro-Glu],22.118,2.0,P02647,P02647;F8W696,2,False,314,0.9345238095238095,0.06547619047619048,52,0.896551724137931,26.605212275056775,26.519420691344187
1053,.AALTELSLGSAYQAM+15.995ILGVDSK.,3.083495656500804e-05,abundance,.AALTELSLGSAYQAM+15.995ILGVDSK.,.AALTELSLGSAYQAMILGVDSK.,sp|P04114|APOB_HUMAN,"M+16,15[Oxidation]",M+16[Oxidation],33.339,2.0,P04114,P04114,1,True,240,0.7142857142857143,0.2857142857142857,46,0.7931034482758621,25.702478926243153,25.323561504589968
1054,.HTFM+15.995GVVSLGSPSGEVSHPR.__missing,3.081439017523577e-05,missingness,.HTFM+15.995GVVSLGSPSGEVSHPR,,,,,,,,,0,False,0,0.0,1.0,0,0.0,,
1055,.AYWDIM+15.995ISN+0.984HQNSNR.,3.075068126772762e-05,abundance,.AYWDIM+15.995ISN+0.984HQNSNR.,.AYWDIMISNHQNSNR.,sp|P35542|SAA4_HUMAN;tr|A0A096LPE2|A0A096LPE2_HUMAN,"M+16,6[Oxidation] & N+1,9[Deamidated]",M+16[Oxidation],14.196,2.0,P35542,P35542;A0A096LPE2,2,False,252,0.75,0.25,45,0.7758620689655172,25.46662393021015,25.128726116358774
1056,.DLTDYLM+15.995K.,3.0660396420130115e-05,abundance,.DLTDYLM+15.995K.,.DLTDYLMK.,sp|P60709|ACTB_HUMAN;sp|P62736|ACTA_HUMAN;sp|P63261|ACTG_HUMAN;sp|P63267-2|ACTH_HUMAN;sp|P63267|ACTH_HUMAN;sp|P68032|ACTC_HUMAN;sp|P68133|ACTS_HUMAN;sp|Q562R1|ACTBL_HUMAN;tr|A0A2R8Y793|A0A2R8Y793_HUMAN;tr|A0A2R8YEA7|A0A2R8YEA7_HUMAN [further mapped to 3 additional proteins],"M+16,7[Oxidation]",M+16[Oxidation],11.651,2.0,P60709,P60709;P62736;P63261;P63267;P68032;P68133;Q562R1;A0A2R8Y793;A0A2R8YEA7,9,False,178,0.5297619047619048,0.47023809523809523,41,0.7068965517241379,23.565705125520637,23.378822201996677
1057,.YVMLPVADQDQC-33.988IRHYEGSTVPEK.__missing,3.054728588903621e-05,missingness,.YVMLPVADQDQC-33.988IRHYEGSTVPEK,,,,,,,,,0,False,0,0.0,1.0,0,0.0,,
1058,.-17.027QGIPFFGQVR.,3.050694924590191e-05,abundance,.-17.027QGIPFFGQVR.,.QGIPFFGQVR.,sp|P01023|A2MG_HUMAN,"Q-17,1[Gln->pyro-Glu]",Q-17[Gln->pyro-Glu],6.413,2.0,P01023,P01023,1,True,318,0.9464285714285714,0.05357142857142857,52,0.896551724137931,25.75562047821146,25.658404830392556
1059,.-17.027QLYNVEATSYALLALLQLKDFDFVPPVVR.,3.0479848753992972e-05,abundance,.-17.027QLYNVEATSYALLALLQLKDFDFVPPVVR.,.QLYNVEATSYALLALLQLKDFDFVPPVVR.,sp|P01024|CO3_HUMAN,"Q-17,1[Gln->pyro-Glu]",Q-17[Gln->pyro-Glu],1000.0,4.0,P01024,P01024,1,True,316,0.9404761904761905,0.05952380952380952,55,0.9482758620689655,25.065884872476964,25.06731201145851
1060,.GFYPSDIAVEWESNGQPEN+0.984NYK.,3.0378048040633245e-05,abundance,.GFYPSDIAVEWESNGQPEN+0.984NYK.,.GFYPSDIAVEWESNGQPENNYK.,sp|P01857|IGHG1_HUMAN;sp|P01861|IGHG4_HUMAN;tr|A0A0A0MS07|A0A0A0MS07_HUMAN;tr|A0A0A0MS08|A0A0A0MS08_HUMAN;tr|A0A286YFJ8|A0A286YFJ8_HUMAN,"N+1,19[Deamidated]",N+1[Deamidated],52.321,2.0,P01857,P01857;P01861;A0A0A0MS07;A0A0A0MS08;A0A286YFJ8,5,False,183,0.5446428571428571,0.45535714285714285,50,0.8620689655172413,30.610740743736255,30.26048868029467
1061,.HPY+15.995FYAPELLFFAK.,3.0332258554705353e-05,abundance,.HPY+15.995FYAPELLFFAK.,.HPYFYAPELLFFAK.,sp|P02768|ALBU_HUMAN;tr|A0A0C4DGB6|A0A0C4DGB6_HUMAN;tr|B7WNR0|B7WNR0_HUMAN;tr|D6RHD5|D6RHD5_HUMAN;tr|H0YA55|H0YA55_HUMAN;tr|H7C013|H7C013_HUMAN,"Y+16,3[Oxidation]",Y+16[Oxidation],1000.0,2.0,P02768,P02768;A0A0C4DGB6;B7WNR0;D6RHD5;H0YA55;H7C013,6,False,305,0.9077380952380952,0.09226190476190477,50,0.8620689655172413,24.683234037305805,24.611513704225327
1062,.EFGNTLEDK+42.047.,3.0258559988187867e-05,abundance,.EFGNTLEDK+42.047.,.EFGNTLEDK.,sp|P02654|APOC1_HUMAN;tr|K7EJI9|K7EJI9_HUMAN;tr|K7EKP1|K7EKP1_HUMAN;tr|K7ELM9|K7ELM9_HUMAN;tr|K7EPF9|K7EPF9_HUMAN;tr|K7ERI9|K7ERI9_HUMAN,"Z+42,9[Propyl]",Z+42[Propyl],1000.0,2.0,P02654,P02654;K7EJI9;K7EKP1;K7ELM9;K7EPF9;K7ERI9,6,False,201,0.5982142857142857,0.4017857142857143,37,0.6379310344827587,27.219834837429527,27.195820512467883
1063,.EIFNM+15.995AR.,3.0245288581518253e-05,abundance,.EIFNM+15.995AR.,.EIFNMAR.,sp|P04114|APOB_HUMAN;tr|A8MUN2|A8MUN2_HUMAN,"M+16,5[Oxidation]",M+16[Oxidation],4.593,2.0,P04114,P04114;A8MUN2,2,False,327,0.9732142857142857,0.026785714285714284,55,0.9482758620689655,27.78528358202909,27.400993694991357
1064,.VFDEFKPLVEEP+15.995QNLIK.,3.0037963563904034e-05,abundance,.VFDEFKPLVEEP+15.995QNLIK.,.VFDEFKPLVEEPQNLIK.,sp|P02768-2|ALBU_HUMAN;sp|P02768-3|ALBU_HUMAN;sp|P02768|ALBU_HUMAN;tr|A0A087WWT3|A0A087WWT3_HUMAN;tr|A0A0C4DGB6|A0A0C4DGB6_HUMAN;tr|B7WNR0|B7WNR0_HUMAN;tr|C9JKR2|C9JKR2_HUMAN;tr|D6RHD5|D6RHD5_HUMAN;tr|H0YA55|H0YA55_HUMAN,"P+16,12[Oxidation]",P+16[Oxidation],1000.0,3.0,P02768,P02768;A0A087WWT3;A0A0C4DGB6;B7WNR0;C9JKR2;D6RHD5;H0YA55,7,False,170,0.5059523809523809,0.49404761904761907,38,0.6551724137931034,26.070136674340606,26.03923259626513
1065,.NEC+119.004FLQHK.,2.9892546850667184e-05,abundance,.NEC+119.004FLQHK.,.NECFLQHK.,sp|P02768-3|ALBU_HUMAN;sp|P02768|ALBU_HUMAN;tr|A0A087WWT3|A0A087WWT3_HUMAN;tr|A0A0C4DGB6|A0A0C4DGB6_HUMAN;tr|H7C013|H7C013_HUMAN,"C+119,3[Cysteinyl]",C+119[Cysteinyl],12.284,2.0,P02768,P02768;A0A087WWT3;A0A0C4DGB6;H7C013,4,False,317,0.9434523809523809,0.05654761904761905,53,0.9137931034482759,24.173951948827124,24.197932149493223
1066,.ALM+15.995DETMK.,2.988693689922745e-05,abundance,.ALM+15.995DETMK.,.ALMDETMK.,sp|P02649|APOE_HUMAN;tr|E7ERP7|E7ERP7_HUMAN;tr|E9PEV4|E9PEV4_HUMAN;tr|H0Y7L5|H0Y7L5_HUMAN,"M+16,3[Oxidation]",M+16[Oxidation],1000.0,2.0,P02649,P02649;E7ERP7;E9PEV4;H0Y7L5,4,False,313,0.9315476190476191,0.06845238095238096,51,0.8793103448275862,25.077724805707565,25.02884402749713
1067,.QGLLPVLE+42.047SFK.,2.9785061359629597e-05,abundance,.QGLLPVLE+42.047SFK.,.QGLLPVLESFK.,sp|P02647|APOA1_HUMAN;tr|F8W696|F8W696_HUMAN,"E+42,8[Propyl]",E+42[Propyl],1000.0,2.0,P02647,P02647;F8W696,2,False,255,0.7589285714285714,0.24107142857142858,51,0.8793103448275862,25.335228275103162,25.27564979974885
1068,.SSQESYAH+57.021GTK.,2.9739695780895292e-05,abundance,.SSQESYAH+57.021GTK.,.SSQESYAHGTK.,sp|P08603|CFAH_HUMAN,"H+57,8[Carbamidomethyl]",H+57[Carbamidomethyl],1000.0,2.0,P08603,P08603,1,True,181,0.5386904761904762,0.46130952380952384,45,0.7758620689655172,23.368900191325892,23.204838278205973
1069,.LLDNWD+21.982SVTSTFSK.__missing,2.960548683490696e-05,missingness,.LLDNWD+21.982SVTSTFSK,,,,,,,,,0,False,0,0.0,1.0,0,0.0,,
1070,.TM+15.995QENSTPRED.,2.9471708473231486e-05,abundance,.TM+15.995QENSTPRED.,.TMQENSTPRED.,sp|P09871|C1S_HUMAN;tr|A0A087X232|A0A087X232_HUMAN;tr|F8WCZ6|F8WCZ6_HUMAN,"M+16,2[Oxidation]",M+16[Oxidation],1000.0,2.0,P09871,P09871;A0A087X232;F8WCZ6,3,False,318,0.9464285714285714,0.05357142857142857,52,0.896551724137931,25.23270334546823,25.346783096200863
1071,.EFNAETFTFHADIC+47.985TLSEK.,2.941179170340652e-05,abundance,.EFNAETFTFHADIC+47.985TLSEK.,.EFNAETFTFHADICTLSEK.,sp|P02768-2|ALBU_HUMAN;sp|P02768-3|ALBU_HUMAN;sp|P02768|ALBU_HUMAN;tr|A0A087WWT3|A0A087WWT3_HUMAN;tr|A0A0C4DGB6|A0A0C4DGB6_HUMAN;tr|B7WNR0|B7WNR0_HUMAN;tr|C9JKR2|C9JKR2_HUMAN;tr|D6RHD5|D6RHD5_HUMAN;tr|H0YA55|H0YA55_HUMAN,"C+48,14[Trioxidation]",C+48[Trioxidation],1000.0,2.0,P02768,P02768;A0A087WWT3;A0A0C4DGB6;B7WNR0;C9JKR2;D6RHD5;H0YA55,7,False,304,0.9047619047619048,0.09523809523809523,52,0.896551724137931,25.777926230789742,25.644407096713213
1072,.-17.027QVGSGVTTDQVQAEAK.,2.922828828847406e-05,abundance,.-17.027QVGSGVTTDQVQAEAK.,.QVGSGVTTDQVQAEAK.,sp|P01871-2|IGHM_HUMAN;sp|P01871|IGHM_HUMAN;tr|A0A1B0GUU9|A0A1B0GUU9_HUMAN,"Q-17,1[Gln->pyro-Glu]",Q-17[Gln->pyro-Glu],1000.0,2.0,P01871,P01871;A0A1B0GUU9,2,False,296,0.8809523809523809,0.11904761904761904,51,0.8793103448275862,27.037621524412444,27.05426287739601
1073,.RHPYFYAPE+37.956LLFFAK.,2.922638639791653e-05,abundance,.RHPYFYAPE+37.956LLFFAK.,.RHPYFYAPELLFFAK.,sp|P02768|ALBU_HUMAN;tr|A0A0C4DGB6|A0A0C4DGB6_HUMAN;tr|B7WNR0|B7WNR0_HUMAN;tr|D6RHD5|D6RHD5_HUMAN;tr|H0YA55|H0YA55_HUMAN;tr|H7C013|H7C013_HUMAN,"E+38,9[Cation:K]",E+38[Cation:K],20.829,4.0,P02768,P02768;A0A0C4DGB6;B7WNR0;D6RHD5;H0YA55;H7C013,6,False,171,0.5089285714285714,0.49107142857142855,38,0.6551724137931034,24.063400841892154,23.875592560420415
1074,.IK+42.011QSELSAK.,2.9115068146113374e-05,abundance,.IK+42.011QSELSAK.,.IKQSELSAK.,sp|P02654|APOC1_HUMAN;tr|K7EJI9|K7EJI9_HUMAN;tr|K7ELM9|K7ELM9_HUMAN;tr|K7EPF9|K7EPF9_HUMAN;tr|K7ERI9|K7ERI9_HUMAN,"K+42,2[Acetyl]",K+42[Acetyl],13.01,2.0,P02654,P02654;K7EJI9;K7ELM9;K7EPF9;K7ERI9,5,False,227,0.6755952380952381,0.3244047619047619,45,0.7758620689655172,25.56388768546449,25.349648664003958
1075,.FQNALL+15.995VR.,2.9112544961477886e-05,abundance,.FQNALL+15.995VR.,.FQNALLVR.,sp|P02768-2|ALBU_HUMAN;sp|P02768-3|ALBU_HUMAN;sp|P02768|ALBU_HUMAN;tr|A0A087WWT3|A0A087WWT3_HUMAN;tr|A0A0C4DGB6|A0A0C4DGB6_HUMAN;tr|B7WNR0|B7WNR0_HUMAN;tr|C9JKR2|C9JKR2_HUMAN;tr|D6RHD5|D6RHD5_HUMAN;tr|H0YA55|H0YA55_HUMAN,"L+16,6[Oxidation]",L+16[Oxidation],1000.0,2.0,P02768,P02768;A0A087WWT3;A0A0C4DGB6;B7WNR0;C9JKR2;D6RHD5;H0YA55,7,False,303,0.9017857142857143,0.09821428571428571,47,0.8103448275862069,24.936979785969523,24.910518938265913
1076,.LRTEGDGVYTLNDK+0.948K.,2.895481557413871e-05,abundance,.LRTEGDGVYTLNDK+0.948K.,.LRTEGDGVYTLNDKK.,sp|P00738|HPT_HUMAN;sp|P00739-2|HPTR_HUMAN;sp|P00739|HPTR_HUMAN;tr|A0A0C4DGL8|A0A0C4DGL8_HUMAN;tr|H0Y300|H0Y300_HUMAN;tr|J3KRH2|J3KRH2_HUMAN;tr|J3KTC3|J3KTC3_HUMAN;tr|J3QLC9|J3QLC9_HUMAN;tr|J3QR68|J3QR68_HUMAN,"K+1,14[K->E/1]",K+1[K->E/1],15.8,2.0,P00738,P00738;P00739;A0A0C4DGL8;H0Y300;J3KRH2;J3KTC3;J3QLC9;J3QR68,8,False,212,0.6309523809523809,0.36904761904761907,46,0.7931034482758621,26.496573854509027,26.563969880104732
1077,.ELDRDTVFALVNY+15.995IFFK.,2.891230961935028e-05,abundance,.ELDRDTVFALVNY+15.995IFFK.,.ELDRDTVFALVNYIFFK.,sp|P01009-2|A1AT_HUMAN;sp|P01009-3|A1AT_HUMAN;sp|P01009|A1AT_HUMAN;tr|A0A024R6I7|A0A024R6I7_HUMAN;tr|A0A0G2JRN3|A0A0G2JRN3_HUMAN,"Y+16,13[Oxidation]",Y+16[Oxidation],60.467,3.0,P01009,P01009;A0A024R6I7;A0A0G2JRN3,3,False,290,0.8630952380952381,0.13690476190476192,49,0.8448275862068966,23.520278315613165,23.33417005664666
1078,.VPLLLSEPINIIDALEM+15.995R.,2.877144244428256e-05,abundance,.VPLLLSEPINIIDALEM+15.995R.,.VPLLLSEPINIIDALEMR.,sp|P04114|APOB_HUMAN,"M+16,17[Oxidation]",M+16[Oxidation],27.137,2.0,P04114,P04114,1,True,325,0.9672619047619048,0.03273809523809524,55,0.9482758620689655,28.132712301377207,28.054679599100805
1079,.QK+27.995LHELQEK.,2.8707867691992097e-05,abundance,.QK+27.995LHELQEK.,.QKLHELQEK.,sp|P02647|APOA1_HUMAN;tr|F8W696|F8W696_HUMAN,"K+28,2[Formyl]",K+28[Formyl],1000.0,2.0,P02647,P02647;F8W696,2,False,184,0.5476190476190477,0.4523809523809524,46,0.7931034482758621,27.257433123317828,27.025432108648314
1080,.SLHTLFGDKLC+63.962TVATLR.,2.86047429205642e-05,abundance,.SLHTLFGDKLC+63.962TVATLR.,.SLHTLFGDKLCTVATLR.,sp|P02768-3|ALBU_HUMAN;sp|P02768|ALBU_HUMAN;tr|A0A087WWT3|A0A087WWT3_HUMAN;tr|A0A0C4DGB6|A0A0C4DGB6_HUMAN;tr|H7C013|H7C013_HUMAN,"C+64,11[SulfurDioxide]",C+64[SulfurDioxide],0.0,3.0,P02768,P02768;A0A087WWT3;A0A0C4DGB6;H7C013,4,False,248,0.7380952380952381,0.2619047619047619,39,0.6724137931034483,25.311258129538423,25.292601011939205
1081,.SMGGKEDLIWELLNQAQEHFGK+42.047.,2.828438935300891e-05,abundance,.SMGGKEDLIWELLNQAQEHFGK+42.047.,.SMGGKEDLIWELLNQAQEHFGK.,sp|P02787|TRFE_HUMAN,"K+42,22[Trimethyl]",K+42[Trimethyl],70.577,3.0,P02787,P02787,1,True,199,0.5922619047619048,0.40773809523809523,39,0.6724137931034483,25.783654824713327,25.38996535073576
1082,.KDKC-33.988EPLEK.__missing,2.8270903124645972e-05,missingness,.KDKC-33.988EPLEK,,,,,,,,,0,False,0,0.0,1.0,0,0.0,,
1083,.DASGVTFTWTPSSGK+42.047.,2.7968624427999322e-05,abundance,.DASGVTFTWTPSSGK+42.047.,.DASGVTFTWTPSSGK.,sp|P01876|IGHA1_HUMAN;tr|A0A286YEY1|A0A286YEY1_HUMAN,"Z+42,15[Propyl]",Z+42[Propyl],1000.0,2.0,P01876,P01876;A0A286YEY1,2,False,297,0.8839285714285714,0.11607142857142858,52,0.896551724137931,26.33596082814523,26.185713858514486
1084,.RHPYFYAPE+37.947LLFFAK.,2.793419699175033e-05,abundance,.RHPYFYAPE+37.947LLFFAK.,.RHPYFYAPELLFFAK.,sp|P02768|ALBU_HUMAN;tr|A0A0C4DGB6|A0A0C4DGB6_HUMAN;tr|B7WNR0|B7WNR0_HUMAN;tr|D6RHD5|D6RHD5_HUMAN;tr|H0YA55|H0YA55_HUMAN;tr|H7C013|H7C013_HUMAN,"E+38,9[Cation:Ca[II]]",E+38[Cation:Ca[II]],19.073,4.0,P02768,P02768;A0A0C4DGB6;B7WNR0;D6RHD5;H0YA55;H7C013,6,False,177,0.5267857142857143,0.4732142857142857,42,0.7241379310344828,24.006630493656473,23.833787147071497
1085,.INDI-14.016LEHVK.,2.7827365485918134e-05,abundance,.INDI-14.016LEHVK.,.INDILEHVK.,sp|P04114|APOB_HUMAN,"I-14,4[I->V/1]",I-14[I->V/1],0.0,2.0,P04114,P04114,1,True,197,0.5863095238095238,0.41369047619047616,46,0.7931034482758621,24.840909664167516,24.709515612395183
1086,.SC+47.985HTAVGR.,2.758741797631306e-05,abundance,.SC+47.985HTAVGR.,.SCHTAVGR.,sp|P02787|TRFE_HUMAN;tr|H7C5E8|H7C5E8_HUMAN,"C+48,2[Trioxidation]",C+48[Trioxidation],7.023,2.0,P02787,P02787;H7C5E8,2,False,297,0.8839285714285714,0.11607142857142858,50,0.8620689655172413,24.642909286585578,24.572097042586595
1087,.MGPTELLIEM+15.995EDW+3.995KGDK.,2.7578786614074573e-05,abundance,.MGPTELLIEM+15.995EDW+3.995KGDK.,.MGPTELLIEMEDWKGDK.,sp|P02675|FIBB_HUMAN;tr|D6REL8|D6REL8_HUMAN,"M+16,10[Oxidation] & W+4,13[Trp->Kynurenin]",M+16[Oxidation],33.129,3.0,P02675,P02675;D6REL8,2,False,304,0.9047619047619048,0.09523809523809523,50,0.8620689655172413,25.672056509251753,25.509772971230966
1088,.GTEAAGAM+15.995FLEAIPMSIPPEVK.,2.7565407823797188e-05,abundance,.GTEAAGAM+15.995FLEAIPMSIPPEVK.,.GTEAAGAMFLEAIPMSIPPEVK.,sp|P01009|A1AT_HUMAN;tr|A0A024R6I7|A0A024R6I7_HUMAN,"M+16,8[Oxidation]",M+16[Oxidation],1000.0,2.0,P01009,P01009;A0A024R6I7,2,False,318,0.9464285714285714,0.05357142857142857,52,0.896551724137931,27.841603278979925,27.653666114458634
1089,.LNHQLEGLTFQM+15.995K.,2.7521263089021603e-05,abundance,.LNHQLEGLTFQM+15.995K.,.LNHQLEGLTFQMK.,sp|P06727|APOA4_HUMAN,"M+16,12[Oxidation]",M+16[Oxidation],27.09,2.0,P06727,P06727,1,True,327,0.9732142857142857,0.026785714285714284,55,0.9482758620689655,26.972595205562314,27.012409173477106
1090,.-17.027QAKEPC+47.985VESLVSQYFQTVTDYGK.,2.724889686452083e-05,abundance,.-17.027QAKEPC+47.985VESLVSQYFQTVTDYGK.,.QAKEPCVESLVSQYFQTVTDYGK.,sp|P02652|APOA2_HUMAN;tr|V9GYC1|V9GYC1_HUMAN;tr|V9GYG9|V9GYG9_HUMAN;tr|V9GYM3|V9GYM3_HUMAN;tr|V9GYS1|V9GYS1_HUMAN,"Q-17,1[Gln->pyro-Glu] & C+48,6[Trioxidation]",Q-17[Gln->pyro-Glu],0.0,3.0,P02652,P02652;V9GYC1;V9GYG9;V9GYM3;V9GYS1,5,False,242,0.7202380952380952,0.27976190476190477,47,0.8103448275862069,23.286535434890972,23.212041001516237
1091,.SMGGKEDLIWE+37.956LLNQAQEHFGK.__missing,2.7191855480776002e-05,missingness,.SMGGKEDLIWE+37.956LLNQAQEHFGK,,,,,,,,,0,False,0,0.0,1.0,0,0.0,,
1092,.LV-2.016NEVTEFAK.,2.7185028420046933e-05,abundance,.LV-2.016NEVTEFAK.,.LVNEVTEFAK.,sp|P02768-3|ALBU_HUMAN;sp|P02768|ALBU_HUMAN;tr|A0A087WWT3|A0A087WWT3_HUMAN;tr|A0A0C4DGB6|A0A0C4DGB6_HUMAN;tr|H7C013|H7C013_HUMAN,"V-2,2[V->P/2]",V-2[V->P/2],1000.0,2.0,P02768,P02768;A0A087WWT3;A0A0C4DGB6;H7C013,4,False,235,0.6994047619047619,0.3005952380952381,40,0.6896551724137931,27.021842455911113,26.606162667649695
1093,.VF-33.984DEFKPLVEEPQNLIK.__missing,2.7157325384214172e-05,missingness,.VF-33.984DEFKPLVEEPQNLIK,,,,,,,,,0,False,0,0.0,1.0,0,0.0,,
1094,.LSPLGEEM+15.995RDR.,2.6959478112718633e-05,abundance,.LSPLGEEM+15.995RDR.,.LSPLGEEMRDR.,sp|P02647|APOA1_HUMAN;tr|F8W696|F8W696_HUMAN,"M+16,8[Oxidation]",M+16[Oxidation],6.433,3.0,P02647,P02647;F8W696,2,False,318,0.9464285714285714,0.05357142857142857,52,0.896551724137931,32.38117474767738,32.019900011521734
1095,.AVMDDFAAF+15.995VEK.,2.692592749523438e-05,abundance,.AVMDDFAAF+15.995VEK.,.AVMDDFAAFVEK.,sp|P02768-2|ALBU_HUMAN;sp|P02768-3|ALBU_HUMAN;sp|P02768|ALBU_HUMAN;tr|A0A087WWT3|A0A087WWT3_HUMAN;tr|A0A0C4DGB6|A0A0C4DGB6_HUMAN;tr|B7WNR0|B7WNR0_HUMAN;tr|C9JKR2|C9JKR2_HUMAN;tr|D6RHD5|D6RHD5_HUMAN;tr|H0YA55|H0YA55_HUMAN,"F+16,9[Oxidation]",F+16[Oxidation],1000.0,2.0,P02768,P02768;A0A087WWT3;A0A0C4DGB6;B7WNR0;C9JKR2;D6RHD5;H0YA55,7,False,174,0.5178571428571429,0.48214285714285715,49,0.8448275862068966,24.72548815869417,24.619351056163943
1096,.EDLIWELLNQAQEH+57.021FGK.__missing,2.6906499320902838e-05,missingness,.EDLIWELLNQAQEH+57.021FGK,,,,,,,,,0,False,0,0.0,1.0,0,0.0,,
1097,.DLGEENFKALVLIAFAQYLQQC+47.985PFEDHVK.,2.675195772845782e-05,abundance,.DLGEENFKALVLIAFAQYLQQC+47.985PFEDHVK.,.DLGEENFKALVLIAFAQYLQQCPFEDHVK.,sp|P02768-3|ALBU_HUMAN;sp|P02768|ALBU_HUMAN;tr|A0A087WWT3|A0A087WWT3_HUMAN;tr|A0A0C4DGB6|A0A0C4DGB6_HUMAN;tr|H7C013|H7C013_HUMAN,"C+48,22[Trioxidation]",C+48[Trioxidation],83.327,3.0,P02768,P02768;A0A087WWT3;A0A0C4DGB6;H7C013,4,False,311,0.9255952380952381,0.0744047619047619,52,0.896551724137931,27.34976132606894,27.14077849952406
1098,.IAQWQSFQLEGGLK+42.047.,2.6427380085382574e-05,abundance,.IAQWQSFQLEGGLK+42.047.,.IAQWQSFQLEGGLK.,sp|P01023|A2MG_HUMAN,"Z+42,14[Propyl]",Z+42[Propyl],1000.0,2.0,P01023,P01023,1,True,282,0.8392857142857143,0.16071428571428573,49,0.8448275862068966,25.195804361104464,25.13159011950094
1099,.AEFAEVSK+42.047.,2.642295805098773e-05,abundance,.AEFAEVSK+42.047.,.AEFAEVSK.,sp|P02768-2|ALBU_HUMAN;sp|P02768|ALBU_HUMAN;tr|A0A0C4DGB6|A0A0C4DGB6_HUMAN;tr|B7WNR0|B7WNR0_HUMAN;tr|C9JKR2|C9JKR2_HUMAN;tr|D6RHD5|D6RHD5_HUMAN;tr|H0YA55|H0YA55_HUMAN,"Z+42,8[Propyl]",Z+42[Propyl],1000.0,2.0,P02768,P02768;A0A0C4DGB6;B7WNR0;C9JKR2;D6RHD5;H0YA55,6,False,309,0.9196428571428571,0.08035714285714286,52,0.896551724137931,32.60045898141014,32.28396833859481
1100,.-17.027QGLLPVLESFKVSFLSALEEYTK.,2.633007494424042e-05,abundance,.-17.027QGLLPVLESFKVSFLSALEEYTK.,.QGLLPVLESFKVSFLSALEEYTK.,sp|P02647|APOA1_HUMAN;tr|F8W696|F8W696_HUMAN,"Q-17,1[Gln->pyro-Glu]",Q-17[Gln->pyro-Glu],37.547,2.0,P02647,P02647;F8W696,2,False,318,0.9464285714285714,0.05357142857142857,52,0.896551724137931,24.053136662936478,23.968971622100604
1101,.LRTEGDGVYTLNNEK+57.021.__missing,2.6216050028946363e-05,missingness,.LRTEGDGVYTLNNEK+57.021,,,,,,,,,0,False,0,0.0,1.0,0,0.0,,
1102,.QGLLPVLESFK+43.006VSFLSALEEYTK.__missing,2.6140079182163996e-05,missingness,.QGLLPVLESFK+43.006VSFLSALEEYTK,,,,,,,,,0,False,0,0.0,1.0,0,0.0,,
1103,.SKPTVSSSM+15.995EFK.,2.5815821035358925e-05,abundance,.SKPTVSSSM+15.995EFK.,.SKPTVSSSMEFK.,sp|P04114|APOB_HUMAN,"M+16,9[Oxidation]",M+16[Oxidation],14.645,2.0,P04114,P04114,1,True,302,0.8988095238095238,0.10119047619047619,49,0.8448275862068966,24.985561882294213,24.661900243843633
1104,.VPMM+15.995NSK.,2.581016345998775e-05,abundance,.VPMM+15.995NSK.,.VPMMNSK.,sp|P05155-2|IC1_HUMAN;sp|P05155-3|IC1_HUMAN;sp|P05155|IC1_HUMAN;tr|E9PGN7|E9PGN7_HUMAN;tr|H0YCA1|H0YCA1_HUMAN;tr|H9KV48|H9KV48_HUMAN,"M+16,4[Oxidation]",M+16[Oxidation],6.036,2.0,P05155,P05155;E9PGN7;H0YCA1;H9KV48,4,False,300,0.8928571428571429,0.10714285714285714,52,0.896551724137931,25.953415793739005,25.817292951018086
1105,.VFDEFKPLVEEPQN+0.984LIK.,2.573322937534262e-05,abundance,.VFDEFKPLVEEPQN+0.984LIK.,.VFDEFKPLVEEPQNLIK.,sp|P02768-2|ALBU_HUMAN;sp|P02768-3|ALBU_HUMAN;sp|P02768|ALBU_HUMAN;tr|A0A087WWT3|A0A087WWT3_HUMAN;tr|A0A0C4DGB6|A0A0C4DGB6_HUMAN;tr|B7WNR0|B7WNR0_HUMAN;tr|C9JKR2|C9JKR2_HUMAN;tr|D6RHD5|D6RHD5_HUMAN;tr|H0YA55|H0YA55_HUMAN,"N+1,14[Deamidated]",N+1[Deamidated],1000.0,2.0,P02768,P02768;A0A087WWT3;A0A0C4DGB6;B7WNR0;C9JKR2;D6RHD5;H0YA55,7,False,318,0.9464285714285714,0.05357142857142857,52,0.896551724137931,30.292922263534567,30.142293012875047
1106,.ESQLPTVM+15.995DFRK.,2.5621817872010518e-05,abundance,.ESQLPTVM+15.995DFRK.,.ESQLPTVMDFRK.,sp|P04114|APOB_HUMAN;tr|A8MUN2|A8MUN2_HUMAN,"M+16,8[Oxidation]",M+16[Oxidation],1000.0,2.0,P04114,P04114;A8MUN2,2,False,269,0.8005952380952381,0.19940476190476192,43,0.7413793103448276,26.34471410910383,25.926862120273967
1107,.M+15.995ADEAGSEADHEGTHSTKRG.,2.5621159268079476e-05,abundance,.M+15.995ADEAGSEADHEGTHSTKRG.,.MADEAGSEADHEGTHSTKRG.,sp|P02671-2|FIBA_HUMAN;sp|P02671|FIBA_HUMAN,"M+16,1[Oxidation]",M+16[Oxidation],34.076,4.0,P02671,P02671,1,True,279,0.8303571428571429,0.16964285714285715,47,0.8103448275862069,23.738356606970413,23.64819647182857
1108,.ALVQQM+15.995EQLR.__missing,2.552275297124284e-05,missingness,.ALVQQM+15.995EQLR,,,,,,,,,0,False,0,0.0,1.0,0,0.0,,
1109,.SLHM+15.995YANR.__missing,2.5493323960045216e-05,missingness,.SLHM+15.995YANR,,,,,,,,,0,False,0,0.0,1.0,0,0.0,,
1110,.MHAIN+0.984GR.__missing,2.5401766081203875e-05,missingness,.MHAIN+0.984GR,,,,,,,,,0,False,0,0.0,1.0,0,0.0,,
1111,.LDELRDEGK+27.995ASSAK.,2.5305303467960365e-05,abundance,.LDELRDEGK+27.995ASSAK.,.LDELRDEGKASSAK.,sp|P02768|ALBU_HUMAN;tr|A0A0C4DGB6|A0A0C4DGB6_HUMAN;tr|B7WNR0|B7WNR0_HUMAN;tr|D6RHD5|D6RHD5_HUMAN;tr|H0YA55|H0YA55_HUMAN,"K+28,9[Formyl]",K+28[Formyl],28.564,2.0,P02768,P02768;A0A0C4DGB6;B7WNR0;D6RHD5;H0YA55,5,False,302,0.8988095238095238,0.10119047619047619,52,0.896551724137931,28.236636872860018,28.160374919958773
1112,.TEVSSNHVLIYLDK+42.047.__missing,2.5196143780770348e-05,missingness,.TEVSSNHVLIYLDK+42.047,,,,,,,,,0,False,0,0.0,1.0,0,0.0,,
1113,.ETE+42.047GLRQEMSK.__missing,2.513828121533296e-05,missingness,.ETE+42.047GLRQEMSK,,,,,,,,,0,False,0,0.0,1.0,0,0.0,,
1114,.-18.011ELDRDTVFALVNYIFFK.,2.5052170645336803e-05,abundance,.-18.011ELDRDTVFALVNYIFFK.,.ELDRDTVFALVNYIFFK.,sp|P01009-2|A1AT_HUMAN;sp|P01009-3|A1AT_HUMAN;sp|P01009|A1AT_HUMAN;tr|A0A024R6I7|A0A024R6I7_HUMAN;tr|A0A0G2JRN3|A0A0G2JRN3_HUMAN,"E-18,1[Glu->pyro-Glu]",E-18[Glu->pyro-Glu],42.253,2.0,P01009,P01009;A0A024R6I7;A0A0G2JRN3,3,False,282,0.8392857142857143,0.16071428571428573,51,0.8793103448275862,25.90881592676521,25.80290738187618
1115,.QGLLPVLESFK+57.021VSFLSALEEYTK.,2.497832890711205e-05,abundance,.QGLLPVLESFK+57.021VSFLSALEEYTK.,.QGLLPVLESFKVSFLSALEEYTK.,sp|P02647|APOA1_HUMAN;tr|F8W696|F8W696_HUMAN,"K+57,11[Carbamidomethyl]",K+57[Carbamidomethyl],1000.0,3.0,P02647,P02647;F8W696,2,False,308,0.9166666666666666,0.08333333333333333,52,0.896551724137931,25.75667292444866,25.601458283262705
1116,.LREQLGPVTQ+0.984EFWDNLEK.__missing,2.4874500536954288e-05,missingness,.LREQLGPVTQ+0.984EFWDNLEK,,,,,,,,,0,False,0,0.0,1.0,0,0.0,,
1117,.EIVMTQSPATLSVSPGE-14.016R.__missing,2.4522409157164306e-05,missingness,.EIVMTQSPATLSVSPGE-14.016R,,,,,,,,,0,False,0,0.0,1.0,0,0.0,,
1118,.TSEVK+57.021QLIK.,2.4450893976005312e-05,abundance,.TSEVK+57.021QLIK.,.TSEVKQLIK.,sp|P02679-2|FIBG_HUMAN;sp|P02679|FIBG_HUMAN;tr|C9JC84|C9JC84_HUMAN;tr|C9JEU5|C9JEU5_HUMAN,"K+57,5[Carbamidomethyl]",K+57[Carbamidomethyl],8.431,2.0,P02679,P02679;C9JC84;C9JEU5,3,False,292,0.8690476190476191,0.13095238095238096,51,0.8793103448275862,25.63331165983973,25.526764199166102
1119,.M+15.995SDLGAVISLLLWGR.,2.4414252801759138e-05,abundance,.M+15.995SDLGAVISLLLWGR.,.MSDLGAVISLLLWGR.,sp|P00739|HPTR_HUMAN;tr|J3KTC3|J3KTC3_HUMAN,"M+16,1[Oxidation]",M+16[Oxidation],24.062,2.0,P00739,P00739;J3KTC3,2,False,272,0.8095238095238095,0.19047619047619047,44,0.7586206896551724,21.65284148614002,21.689450995367586
1120,.KW+15.995QEEMELYR.,2.434817635000562e-05,abundance,.KW+15.995QEEMELYR.,.KWQEEMELYR.,sp|P02647|APOA1_HUMAN;tr|F8W696|F8W696_HUMAN,"W+16,2[Oxidation]",W+16[Oxidation],1000.0,3.0,P02647,P02647;F8W696,2,False,224,0.6666666666666666,0.3333333333333333,44,0.7586206896551724,25.2856783307223,24.900618786190968
1121,.KMLEEIM+15.995K.,2.4011862143744858e-05,abundance,.KMLEEIM+15.995K.,.KMLEEIMK.,sp|P02679-2|FIBG_HUMAN;sp|P02679|FIBG_HUMAN;tr|C9JC84|C9JC84_HUMAN;tr|C9JEU5|C9JEU5_HUMAN;tr|C9JPQ9|C9JPQ9_HUMAN;tr|C9JU00|C9JU00_HUMAN,"M+16,7[Oxidation]",M+16[Oxidation],16.566,2.0,P02679,P02679;C9JC84;C9JEU5;C9JPQ9;C9JU00,5,False,303,0.9017857142857143,0.09821428571428571,52,0.896551724137931,25.07602422927565,24.99143554282867
1122,.ASS+27.995LESGVPSR.__missing,2.3892738433611714e-05,missingness,.ASS+27.995LESGVPSR,,,,,,,,,0,False,0,0.0,1.0,0,0.0,,
1123,.VQHPN+0.984GNK.,2.381132274319912e-05,abundance,.VQHPN+0.984GNK.,.VQHPNGNK.,sp|P01871-2|IGHM_HUMAN;sp|P01871|IGHM_HUMAN;tr|A0A1B0GUU9|A0A1B0GUU9_HUMAN,"N+1,5[Deamidated]",N+1[Deamidated],1000.0,2.0,P01871,P01871;A0A1B0GUU9,2,False,318,0.9464285714285714,0.05357142857142857,52,0.896551724137931,27.64384176316,27.707524649767993
1124,.GDFSSANN+0.984RDNTYNR.,2.380387862527056e-05,abundance,.GDFSSANN+0.984RDNTYNR.,.GDFSSANNRDNTYNR.,sp|P02671-2|FIBA_HUMAN;sp|P02671|FIBA_HUMAN;tr|A0A087WUA0|A0A087WUA0_HUMAN,"N+1,8[Deamidated]",N+1[Deamidated],1000.0,2.0,P02671,P02671;A0A087WUA0,2,False,225,0.6696428571428571,0.33035714285714285,51,0.8793103448275862,27.201335784444854,27.005266286063133
1125,.QEPERNEC+57.021F+31.990LQHKDDNPNLPR.__missing,2.3755295069495247e-05,missingness,.QEPERNEC+57.021F+31.990LQHKDDNPNLPR,,,,,,,,,0,False,0,0.0,1.0,0,0.0,,
1126,.THLAPY+15.995SDELR.,2.371618934592461e-05,abundance,.THLAPY+15.995SDELR.,.THLAPYSDELR.,sp|P02647|APOA1_HUMAN;tr|F8W696|F8W696_HUMAN,"Y+16,6[Oxidation]",Y+16[Oxidation],1000.0,2.0,P02647,P02647;F8W696,2,False,226,0.6726190476190477,0.3273809523809524,46,0.7931034482758621,28.11574310909382,27.582201419210964
1127,.NSVDELNNNVE+37.956AVSQTSSSSFQYMYLLK.__missing,2.370313861898926e-05,missingness,.NSVDELNNNVE+37.956AVSQTSSSSFQYMYLLK,,,,,,,,,0,False,0,0.0,1.0,0,0.0,,
1128,.VK+27.995DLATVYVDVLK.,2.3649372492600272e-05,abundance,.VK+27.995DLATVYVDVLK.,.VKDLATVYVDVLK.,sp|P02647|APOA1_HUMAN,"K+28,2[Formyl]",K+28[Formyl],1000.0,2.0,P02647,P02647,1,True,178,0.5297619047619048,0.47023809523809523,46,0.7931034482758621,26.770932180221518,26.674175916474177
1129,.STAAM+15.995STYTGIFTDQVLSVLKGEE.,2.3588792996063148e-05,abundance,.STAAM+15.995STYTGIFTDQVLSVLKGEE.,.STAAMSTYTGIFTDQVLSVLKGEE.,sp|P02655|APOC2_HUMAN;tr|A0A024R0T9|A0A024R0T9_HUMAN;tr|K7ER74|K7ER74_HUMAN;tr|V9GYJ8|V9GYJ8_HUMAN,"M+16,5[Oxidation]",M+16[Oxidation],1000.0,2.0,P02655,P02655;A0A024R0T9;K7ER74;V9GYJ8,4,False,247,0.7351190476190477,0.2648809523809524,46,0.7931034482758621,26.733244598577762,26.599045162446828
1130,.PEVQFNWYVDGM+15.995EVHNAK.__missing,2.3545083943633338e-05,missingness,.PEVQFNWYVDGM+15.995EVHNAK,,,,,,,,,0,False,0,0.0,1.0,0,0.0,,
1131,.VVSVLTVLHQDWLNGK+42.047.,2.3535059964164833e-05,abundance,.VVSVLTVLHQDWLNGK+42.047.,.VVSVLTVLHQDWLNGK.,sp|P01857|IGHG1_HUMAN;sp|P01860|IGHG3_HUMAN;sp|P01861|IGHG4_HUMAN;tr|A0A0A0MS08|A0A0A0MS08_HUMAN;tr|A0A286YES1|A0A286YES1_HUMAN;tr|A0A286YFJ8|A0A286YFJ8_HUMAN,"Z+42,16[Propyl]",Z+42[Propyl],1000.0,3.0,P01857,P01857;P01860;P01861;A0A0A0MS08;A0A286YES1;A0A286YFJ8,6,False,310,0.9226190476190477,0.07738095238095238,52,0.896551724137931,27.369888752890056,27.208183650908524
1132,.DLQSLEDILHQVEN+0.984K.,2.3509823214686168e-05,abundance,.DLQSLEDILHQVEN+0.984K.,.DLQSLEDILHQVENK.,sp|P02679-2|FIBG_HUMAN;sp|P02679|FIBG_HUMAN;tr|C9JC84|C9JC84_HUMAN;tr|C9JEU5|C9JEU5_HUMAN,"N+1,14[Deamidated]",N+1[Deamidated],1000.0,3.0,P02679,P02679;C9JC84;C9JEU5,3,False,288,0.8571428571428571,0.14285714285714285,47,0.8103448275862069,23.088422629984848,22.986307728743437
1133,.SLPAPWLSM+15.995APVSWITPGLK.,2.3432514173594e-05,abundance,.SLPAPWLSM+15.995APVSWITPGLK.,.SLPAPWLSMAPVSWITPGLK.,sp|P04217|A1BG_HUMAN;tr|M0R009|M0R009_HUMAN,"M+16,9[Oxidation]",M+16[Oxidation],1000.0,2.0,P04217,P04217;M0R009,2,False,313,0.9315476190476191,0.06845238095238096,52,0.896551724137931,26.8734065266659,26.703393006823447
1134,.VQW+31.990KVDNALQSGNSQESVTEQDSK.,2.3335750469705337e-05,abundance,.VQW+31.990KVDNALQSGNSQESVTEQDSK.,.VQWKVDNALQSGNSQESVTEQDSK.,sp|P01834|IGKC_HUMAN,"W+32,3[Dioxidation]",W+32[Dioxidation],1000.0,3.0,P01834,P01834,1,True,264,0.7857142857142857,0.21428571428571427,45,0.7758620689655172,24.99988142410068,24.83277992143066
1135,.TPVSDR-42.022VTK.,2.3332192925503206e-05,abundance,.TPVSDR-42.022VTK.,.TPVSDRVTK.,sp|P02768-2|ALBU_HUMAN;sp|P02768-3|ALBU_HUMAN;sp|P02768|ALBU_HUMAN;tr|A0A087WWT3|A0A087WWT3_HUMAN;tr|A0A0C4DGB6|A0A0C4DGB6_HUMAN;tr|B7WNR0|B7WNR0_HUMAN;tr|C9JKR2|C9JKR2_HUMAN;tr|D6RHD5|D6RHD5_HUMAN;tr|H0YA55|H0YA55_HUMAN,"R-42,6[Arg->Orn]",R-42[Arg->Orn],1000.0,2.0,P02768,P02768;A0A087WWT3;A0A0C4DGB6;B7WNR0;C9JKR2;D6RHD5;H0YA55,7,False,204,0.6071428571428571,0.39285714285714285,41,0.7068965517241379,23.050915303730697,23.039261174099288
1136,.-18.011EVDLKDYEDQQK.,2.3035526368142275e-05,abundance,.-18.011EVDLKDYEDQQK.,.EVDLKDYEDQQK.,sp|P02671-2|FIBA_HUMAN;sp|P02671|FIBA_HUMAN;tr|A0A087WUA0|A0A087WUA0_HUMAN,"E-18,1[Glu->pyro-Glu]",E-18[Glu->pyro-Glu],1000.0,2.0,P02671,P02671;A0A087WUA0,2,False,200,0.5952380952380952,0.40476190476190477,47,0.8103448275862069,24.528528631917517,24.46186028829389
1137,.HVIILMTDGLHNM+15.995GGDPITVIDEIR.,2.289287365580955e-05,abundance,.HVIILMTDGLHNM+15.995GGDPITVIDEIR.,.HVIILMTDGLHNMGGDPITVIDEIR.,sp|P00751-2|CFAB_HUMAN;sp|P00751|CFAB_HUMAN;tr|A0A0G2JH38|A0A0G2JH38_HUMAN;tr|B4E1Z4|B4E1Z4_HUMAN;tr|E7ETN3|E7ETN3_HUMAN,"M+16,13[Oxidation]",M+16[Oxidation],74.604,3.0,P00751,P00751;A0A0G2JH38;B4E1Z4;E7ETN3,4,False,324,0.9642857142857143,0.03571428571428571,55,0.9482758620689655,26.37044179897623,26.339179349090145
1138,.DTLM+15.995ISR.__missing,2.2850393231619714e-05,missingness,.DTLM+15.995ISR,,,,,,,,,0,False,0,0.0,1.0,0,0.0,,
1139,.HPYFYAPE+42.047LLFFAK.,2.2798356845126637e-05,abundance,.HPYFYAPE+42.047LLFFAK.,.HPYFYAPELLFFAK.,sp|P02768|ALBU_HUMAN;tr|A0A0C4DGB6|A0A0C4DGB6_HUMAN;tr|B7WNR0|B7WNR0_HUMAN;tr|D6RHD5|D6RHD5_HUMAN;tr|H0YA55|H0YA55_HUMAN;tr|H7C013|H7C013_HUMAN,"E+42,8[Propyl]",E+42[Propyl],1000.0,2.0,P02768,P02768;A0A0C4DGB6;B7WNR0;D6RHD5;H0YA55;H7C013,6,False,277,0.8244047619047619,0.17559523809523808,51,0.8793103448275862,25.525300803875073,25.39885598370764
1140,.LM-17.956IYDVSK.__missing,2.2770801653747898e-05,missingness,.LM-17.956IYDVSK,,,,,,,,,0,False,0,0.0,1.0,0,0.0,,
1141,.GLLIFDASSSWGPQM+15.995SASVHLDSK.,2.2768976874776454e-05,abundance,.GLLIFDASSSWGPQM+15.995SASVHLDSK.,.GLLIFDASSSWGPQMSASVHLDSK.,sp|P04114|APOB_HUMAN,"M+16,15[Oxidation]",M+16[Oxidation],71.078,3.0,P04114,P04114,1,True,265,0.7886904761904762,0.2113095238095238,46,0.7931034482758621,26.118430587402372,25.838706613936697
1142,.+43.006LVNEVTEFAK.,2.2720893376857242e-05,abundance,.+43.006LVNEVTEFAK.,.LVNEVTEFAK.,sp|P02768-3|ALBU_HUMAN;sp|P02768|ALBU_HUMAN;tr|A0A087WWT3|A0A087WWT3_HUMAN;tr|A0A0C4DGB6|A0A0C4DGB6_HUMAN;tr|H7C013|H7C013_HUMAN,"X+43,1[Carbamyl]",X+43[Carbamyl],1000.0,2.0,P02768,P02768;A0A087WWT3;A0A0C4DGB6;H7C013,4,False,317,0.9434523809523809,0.05654761904761905,52,0.896551724137931,25.068406619485177,25.033892821405253
1143,.MADEAGSEADHEGTH+57.021STK.,2.2318809369663523e-05,abundance,.MADEAGSEADHEGTH+57.021STK.,.MADEAGSEADHEGTHSTK.,sp|P02671-2|FIBA_HUMAN;sp|P02671|FIBA_HUMAN,"H+57,15[Carbamidomethyl]",H+57[Carbamidomethyl],1000.0,2.0,P02671,P02671,1,True,324,0.9642857142857143,0.03571428571428571,54,0.9310344827586207,26.70788964261751,26.642444213001742
1144,.HDAHLN+0.984GK.__missing,2.2304213973635744e-05,missingness,.HDAHLN+0.984GK,,,,,,,,,0,False,0,0.0,1.0,0,0.0,,
1145,.SLHM+15.995YANR.,2.225067314449302e-05,abundance,.SLHM+15.995YANR.,.SLHMYANR.,sp|P04114|APOB_HUMAN,"M+16,4[Oxidation]",M+16[Oxidation],15.528,3.0,P04114,P04114,1,True,327,0.9732142857142857,0.026785714285714284,55,0.9482758620689655,27.488515220534456,27.56989253994967
1146,.HYEGSTVPE+42.047K.__missing,2.2172733850270513e-05,missingness,.HYEGSTVPE+42.047K,,,,,,,,,0,False,0,0.0,1.0,0,0.0,,
1147,.R+54.011HPDYSVVLLLR.,2.2128755858604526e-05,abundance,.R+54.011HPDYSVVLLLR.,.RHPDYSVVLLLR.,sp|P02768-2|ALBU_HUMAN;sp|P02768|ALBU_HUMAN;tr|A0A0C4DGB6|A0A0C4DGB6_HUMAN;tr|B7WNR0|B7WNR0_HUMAN;tr|C9JKR2|C9JKR2_HUMAN;tr|D6RHD5|D6RHD5_HUMAN;tr|H0YA55|H0YA55_HUMAN,"R+54,1[Delta:H(2)C(3)O(1)]",R+54[Delta:H(2)C(3)O(1)],27.114,3.0,P02768,P02768;A0A0C4DGB6;B7WNR0;C9JKR2;D6RHD5;H0YA55,6,False,301,0.8958333333333334,0.10416666666666667,47,0.8103448275862069,23.88181300308092,24.02976399066453
1148,.VVSVLTVLHQD-18.011WLNGK.__missing,2.20102445919138e-05,missingness,.VVSVLTVLHQD-18.011WLNGK,,,,,,,,,0,False,0,0.0,1.0,0,0.0,,
1149,.LQQC+47.985PFEDHVK.,2.1995155477695384e-05,abundance,.LQQC+47.985PFEDHVK.,.LQQCPFEDHVK.,sp|P02768-3|ALBU_HUMAN;sp|P02768|ALBU_HUMAN;tr|A0A087WWT3|A0A087WWT3_HUMAN;tr|A0A0C4DGB6|A0A0C4DGB6_HUMAN;tr|H7C013|H7C013_HUMAN,"C+48,4[Trioxidation]",C+48[Trioxidation],0.0,2.0,P02768,P02768;A0A087WWT3;A0A0C4DGB6;H7C013,4,False,318,0.9464285714285714,0.05357142857142857,52,0.896551724137931,26.04690765798862,26.147014043876727
1150,.APN-17.027HAVVTR.__missing,2.1937695788589962e-05,missingness,.APN-17.027HAVVTR,,,,,,,,,0,False,0,0.0,1.0,0,0.0,,
1151,.LVDEDM+15.995NSFK.,2.1936848442734697e-05,abundance,.LVDEDM+15.995NSFK.,.LVDEDMNSFK.,sp|Q06033-2|ITIH3_HUMAN;sp|Q06033|ITIH3_HUMAN;tr|A0A087WW43|A0A087WW43_HUMAN;tr|E7ET33|E7ET33_HUMAN,"M+16,6[Oxidation]",M+16[Oxidation],10.913,2.0,Q06033,Q06033;A0A087WW43;E7ET33,3,False,296,0.8809523809523809,0.11904761904761904,50,0.8620689655172413,25.493958523121158,25.568801157798095
1152,.ALVLIAFAQYLQQC+119.004PFEDHVK.,2.1880651082019062e-05,abundance,.ALVLIAFAQYLQQC+119.004PFEDHVK.,.ALVLIAFAQYLQQCPFEDHVK.,sp|P02768-3|ALBU_HUMAN;sp|P02768|ALBU_HUMAN;tr|A0A087WWT3|A0A087WWT3_HUMAN;tr|A0A0C4DGB6|A0A0C4DGB6_HUMAN;tr|H7C013|H7C013_HUMAN,"C+119,14[Cysteinyl]",C+119[Cysteinyl],1000.0,3.0,P02768,P02768;A0A087WWT3;A0A0C4DGB6;H7C013,4,False,327,0.9732142857142857,0.026785714285714284,55,0.9482758620689655,26.971625357817366,26.888590173934325
1153,.NSLFEYQK+42.047.,2.1795955595130556e-05,abundance,.NSLFEYQK+42.047.,.NSLFEYQK.,sp|P02671-2|FIBA_HUMAN;sp|P02671|FIBA_HUMAN;tr|A0A087WUA0|A0A087WUA0_HUMAN,"Z+42,8[Propyl]",Z+42[Propyl],1000.0,2.0,P02671,P02671;A0A087WUA0,2,False,315,0.9375,0.0625,52,0.896551724137931,26.630246152756506,26.55888921616751
1154,.ALVLIAFAQYLQQC+119.004PFEDHVK.__missing,2.178592757638288e-05,missingness,.ALVLIAFAQYLQQC+119.004PFEDHVK,,,,,,,,,0,False,0,0.0,1.0,0,0.0,,
1155,.STSESTAALGC+119.004LVK.__missing,2.1762356108849717e-05,missingness,.STSESTAALGC+119.004LVK,,,,,,,,,0,False,0,0.0,1.0,0,0.0,,
1156,.IITHPNFNGNTLDNDIMLIK+28.031LSSPATLNSR.__missing,2.1730732103972555e-05,missingness,.IITHPNFNGNTLDNDIMLIK+28.031LSSPATLNSR,,,,,,,,,0,False,0,0.0,1.0,0,0.0,,
1157,.HGGLYHENM+15.995R.__missing,2.1678443290327343e-05,missingness,.HGGLYHENM+15.995R,,,,,,,,,0,False,0,0.0,1.0,0,0.0,,
1158,.DSHSLTTNIM+15.995EILR.,2.1625000419682044e-05,abundance,.DSHSLTTNIM+15.995EILR.,.DSHSLTTNIMEILR.,sp|P02671-2|FIBA_HUMAN;sp|P02671|FIBA_HUMAN;tr|A0A087WUA0|A0A087WUA0_HUMAN,"M+16,10[Oxidation]",M+16[Oxidation],20.322,2.0,P02671,P02671;A0A087WUA0,2,False,327,0.9732142857142857,0.026785714285714284,55,0.9482758620689655,29.97504363425094,29.88858556350415
1159,.LHDRN+0.984TYEK.__missing,2.1609957736506885e-05,missingness,.LHDRN+0.984TYEK,,,,,,,,,0,False,0,0.0,1.0,0,0.0,,
1160,.AQLVDM+15.995K.,2.1472380997946385e-05,abundance,.AQLVDM+15.995K.,.AQLVDMK.,sp|P02671-2|FIBA_HUMAN;sp|P02671|FIBA_HUMAN;tr|A0A087WUA0|A0A087WUA0_HUMAN,"M+16,6[Oxidation]",M+16[Oxidation],9.107,2.0,P02671,P02671;A0A087WUA0,2,False,318,0.9464285714285714,0.05357142857142857,52,0.896551724137931,27.89496163096969,27.828573133373556
1161,.AGTELVNFLSYFVE+37.956LGTQPA.,2.133970593301241e-05,abundance,.AGTELVNFLSYFVE+37.956LGTQPA.,.AGTELVNFLSYFVELGTQPA.,sp|P02652|APOA2_HUMAN;tr|V9GYE3|V9GYE3_HUMAN;tr|V9GYM3|V9GYM3_HUMAN,"E+38,14[Cation:K]",E+38[Cation:K],21.693,3.0,P02652,P02652;V9GYE3;V9GYM3,3,False,199,0.5922619047619048,0.40773809523809523,38,0.6551724137931034,22.15646302922893,22.29841945482384
1162,.LVRPEVDVMC+63.962TAFHDNEETFLKK.,2.1282240523935892e-05,abundance,.LVRPEVDVMC+63.962TAFHDNEETFLKK.,.LVRPEVDVMCTAFHDNEETFLKK.,sp|P02768-3|ALBU_HUMAN;sp|P02768|ALBU_HUMAN;tr|A0A087WWT3|A0A087WWT3_HUMAN;tr|A0A0C4DGB6|A0A0C4DGB6_HUMAN;tr|H7C013|H7C013_HUMAN,"C+64,10[SulfurDioxide]",C+64[SulfurDioxide],1000.0,4.0,P02768,P02768;A0A087WWT3;A0A0C4DGB6;H7C013,4,False,314,0.9345238095238095,0.06547619047619048,52,0.896551724137931,26.516372956705833,26.496607235607012
1163,.AYWDIMISNHQN+0.984SNR.,2.1203230243802763e-05,abundance,.AYWDIMISNHQN+0.984SNR.,.AYWDIMISNHQNSNR.,sp|P35542|SAA4_HUMAN;tr|A0A096LPE2|A0A096LPE2_HUMAN,"N+1,12[Deamidated]",N+1[Deamidated],28.235,2.0,P35542,P35542;A0A096LPE2,2,False,219,0.6517857142857143,0.3482142857142857,52,0.896551724137931,25.374954191740578,24.994666744975532
1164,.SEAEDASLLSFM+15.995QGYM+15.995K.__missing,2.1008157034290366e-05,missingness,.SEAEDASLLSFM+15.995QGYM+15.995K,,,,,,,,,0,False,0,0.0,1.0,0,0.0,,
1165,.SWFEPLVEDM+15.995QR.__missing,2.1001314391733866e-05,missingness,.SWFEPLVEDM+15.995QR,,,,,,,,,0,False,0,0.0,1.0,0,0.0,,
1166,.LHELQEK+57.021LSPLGEEMRDR.,2.0939180749397583e-05,abundance,.LHELQEK+57.021LSPLGEEMRDR.,.LHELQEKLSPLGEEMRDR.,sp|P02647|APOA1_HUMAN;tr|F8W696|F8W696_HUMAN,"K+57,7[Carbamidomethyl]",K+57[Carbamidomethyl],0.0,4.0,P02647,P02647;F8W696,2,False,263,0.7827380952380952,0.21726190476190477,51,0.8793103448275862,25.997751058221997,25.852723135704434
1167,.R-28.006LDGSVDFK.,2.0852494469964556e-05,abundance,.R-28.006LDGSVDFK.,.RLDGSVDFK.,sp|P02679-2|FIBG_HUMAN;sp|P02679|FIBG_HUMAN;tr|C9JC84|C9JC84_HUMAN;tr|C9JEU5|C9JEU5_HUMAN,"R-28,1[R->K/1]",R-28[R->K/1],1000.0,2.0,P02679,P02679;C9JC84;C9JEU5,3,False,251,0.7470238095238095,0.25297619047619047,52,0.896551724137931,28.02957432549265,27.828680390920763
1168,.GEVQAM+15.995LGQSTEELR.,2.0831488564503725e-05,abundance,.GEVQAM+15.995LGQSTEELR.,.GEVQAMLGQSTEELR.,sp|P02649|APOE_HUMAN;tr|E7ERP7|E7ERP7_HUMAN;tr|E9PEV4|E9PEV4_HUMAN;tr|H0Y7L5|H0Y7L5_HUMAN,"M+16,6[Oxidation]",M+16[Oxidation],26.115,2.0,P02649,P02649;E7ERP7;E9PEV4;H0Y7L5,4,False,318,0.9464285714285714,0.05357142857142857,52,0.896551724137931,27.34162383025473,27.070351349671235
1169,.VDNALQSGNSQESVTEQD-18.011SK.,2.065634543524767e-05,abundance,.VDNALQSGNSQESVTEQD-18.011SK.,.VDNALQSGNSQESVTEQDSK.,sp|P01834|IGKC_HUMAN,"D-18,18[Dehydrated]",D-18[Dehydrated],1000.0,2.0,P01834,P01834,1,True,229,0.6815476190476191,0.31845238095238093,51,0.8793103448275862,26.11813350326305,26.148935187485602
1170,.QGLLPVLESFK+42.011VSFLSALEEYTK.,2.0651264870357068e-05,abundance,.QGLLPVLESFK+42.011VSFLSALEEYTK.,.QGLLPVLESFKVSFLSALEEYTK.,sp|P02647|APOA1_HUMAN;tr|F8W696|F8W696_HUMAN,"K+42,11[Acetyl]",K+42[Acetyl],35.502,2.0,P02647,P02647;F8W696,2,False,279,0.8303571428571429,0.16964285714285715,48,0.8275862068965517,23.686028542949654,23.32350971862604
1171,.HVIILMTDGLHNM+15.995GGDPITVIDEIRDLLYIGK.,2.0361170872720525e-05,abundance,.HVIILMTDGLHNM+15.995GGDPITVIDEIRDLLYIGK.,.HVIILMTDGLHNMGGDPITVIDEIRDLLYIGK.,sp|P00751-2|CFAB_HUMAN;sp|P00751|CFAB_HUMAN;tr|A0A0G2JH38|A0A0G2JH38_HUMAN;tr|B4E1Z4|B4E1Z4_HUMAN;tr|E7ETN3|E7ETN3_HUMAN,"M+16,13[Oxidation]",M+16[Oxidation],102.908,4.0,P00751,P00751;A0A0G2JH38;B4E1Z4;E7ETN3,4,False,316,0.9404761904761905,0.05952380952380952,54,0.9310344827586207,25.51391124376559,25.400048258229546
1172,.ATLELSPWQM+15.995SALVQVHASQPSSFHDFPDLGQEVALNANTK.,2.019255952173539e-05,abundance,.ATLELSPWQM+15.995SALVQVHASQPSSFHDFPDLGQEVALNANTK.,.ATLELSPWQMSALVQVHASQPSSFHDFPDLGQEVALNANTK.,sp|P04114|APOB_HUMAN,"M+16,10[Oxidation]",M+16[Oxidation],69.862,3.0,P04114,P04114,1,True,228,0.6785714285714286,0.32142857142857145,47,0.8103448275862069,27.09247210432941,26.758166803719938
1173,.LKC+47.985ASLQK.__missing,2.016928146182864e-05,missingness,.LKC+47.985ASLQK,,,,,,,,,0,False,0,0.0,1.0,0,0.0,,
1174,.QIND-18.011YVEK.,2.0157712234691255e-05,abundance,.QIND-18.011YVEK.,.QINDYVEK.,sp|P01009-2|A1AT_HUMAN;sp|P01009-3|A1AT_HUMAN;sp|P01009|A1AT_HUMAN;tr|A0A024R6I7|A0A024R6I7_HUMAN;tr|A0A0G2JRN3|A0A0G2JRN3_HUMAN;tr|G3V2B9|G3V2B9_HUMAN,"D-18,4[Dehydrated]",D-18[Dehydrated],13.01,2.0,P01009,P01009;A0A024R6I7;A0A0G2JRN3;G3V2B9,4,False,227,0.6755952380952381,0.3244047619047619,48,0.8275862068965517,24.784665993970222,24.869066750218526
1175,.VQLSNDFDEYIM+15.995AIEQTIK.__missing,2.015152211095733e-05,missingness,.VQLSNDFDEYIM+15.995AIEQTIK,,,,,,,,,0,False,0,0.0,1.0,0,0.0,,
1176,.FQNAL+15.995LVR.__missing,2.0124185480091497e-05,missingness,.FQNAL+15.995LVR,,,,,,,,,0,False,0,0.0,1.0,0,0.0,,
1177,.E+42.047LDRDTVFALVNYIFFK.,2.0000604694916744e-05,abundance,.E+42.047LDRDTVFALVNYIFFK.,.ELDRDTVFALVNYIFFK.,sp|P01009-2|A1AT_HUMAN;sp|P01009-3|A1AT_HUMAN;sp|P01009|A1AT_HUMAN;tr|A0A024R6I7|A0A024R6I7_HUMAN;tr|A0A0G2JRN3|A0A0G2JRN3_HUMAN,"E+42,1[Propyl]",E+42[Propyl],1000.0,2.0,P01009,P01009;A0A024R6I7;A0A0G2JRN3,3,False,316,0.9404761904761905,0.05952380952380952,52,0.896551724137931,25.135082277279935,25.009915679419368
1178,.ALVLIAFAQYLQQC-33.988PFEDHVK.,1.990304604389147e-05,abundance,.ALVLIAFAQYLQQC-33.988PFEDHVK.,.ALVLIAFAQYLQQCPFEDHVK.,sp|P02768-3|ALBU_HUMAN;sp|P02768|ALBU_HUMAN;tr|A0A087WWT3|A0A087WWT3_HUMAN;tr|A0A0C4DGB6|A0A0C4DGB6_HUMAN;tr|H7C013|H7C013_HUMAN,"C-34,14[Cys->Dha]",C-34[Cys->Dha],1000.0,2.0,P02768,P02768;A0A087WWT3;A0A0C4DGB6;H7C013,4,False,321,0.9553571428571429,0.044642857142857144,53,0.9137931034482759,28.392725606799306,28.32859866085303
1179,.TTPPMLDSDGSFFLYSK+42.047.__missing,1.989832577804972e-05,missingness,.TTPPMLDSDGSFFLYSK+42.047,,,,,,,,,0,False,0,0.0,1.0,0,0.0,,
1180,.DKEAC+47.985VHK.,1.9893153160459617e-05,abundance,.DKEAC+47.985VHK.,.DKEACVHK.,sp|P02787|TRFE_HUMAN,"C+48,5[Trioxidation]",C+48[Trioxidation],0.0,2.0,P02787,P02787,1,True,217,0.6458333333333334,0.3541666666666667,48,0.8275862068965517,21.681617610288143,21.82664702489488
1181,.KVADALTNAVAHVDDM+15.995PNALSALSDLHAHK.,1.9841319286694203e-05,abundance,.KVADALTNAVAHVDDM+15.995PNALSALSDLHAHK.,.KVADALTNAVAHVDDMPNALSALSDLHAHK.,sp|P69905|HBA_HUMAN;tr|A0A2R8Y7C0|A0A2R8Y7C0_HUMAN;tr|G3V1N2|G3V1N2_HUMAN,"M+16,16[Oxidation]",M+16[Oxidation],66.427,3.0,P69905,P69905;A0A2R8Y7C0;G3V1N2,3,False,316,0.9404761904761905,0.05952380952380952,51,0.8793103448275862,26.300260029310394,26.282427240088044
1182,.RPC-33.988FSALEVDETYVPK.__missing,1.9629603392094703e-05,missingness,.RPC-33.988FSALEVDETYVPK,,,,,,,,,0,False,0,0.0,1.0,0,0.0,,
1183,.DAH+4.979KSEVAHR.,1.953093347035222e-05,abundance,.DAH+4.979KSEVAHR.,.DAHKSEVAHR.,sp|P02768-2|ALBU_HUMAN;sp|P02768-3|ALBU_HUMAN;sp|P02768|ALBU_HUMAN;tr|A0A087WWT3|A0A087WWT3_HUMAN;tr|A0A0C4DGB6|A0A0C4DGB6_HUMAN;tr|B7WNR0|B7WNR0_HUMAN;tr|C9JKR2|C9JKR2_HUMAN;tr|H7C013|H7C013_HUMAN,"H+5,3[Formylasparagine]",H+5[Formylasparagine],12.871,2.0,P02768,P02768;A0A087WWT3;A0A0C4DGB6;B7WNR0;C9JKR2;H7C013,6,False,290,0.8630952380952381,0.13690476190476192,49,0.8448275862068966,25.9686192467264,25.65007699420464
1184,.SAVTALW+3.995GK.__missing,1.926506694831082e-05,missingness,.SAVTALW+3.995GK,,,,,,,,,0,False,0,0.0,1.0,0,0.0,,
1185,.MGPTELLIEM+15.995EDWKGDK+42.047.__missing,1.9137717191036854e-05,missingness,.MGPTELLIEM+15.995EDWKGDK+42.047,,,,,,,,,0,False,0,0.0,1.0,0,0.0,,
1186,.VPTADLEDVLPLAE+37.947DITNILSK.,1.9082208924141843e-05,abundance,.VPTADLEDVLPLAE+37.947DITNILSK.,.VPTADLEDVLPLAEDITNILSK.,sp|P02774-2|VTDB_HUMAN;sp|P02774-3|VTDB_HUMAN;sp|P02774|VTDB_HUMAN;tr|D6RBJ7|D6RBJ7_HUMAN;tr|D6RF35|D6RF35_HUMAN,"E+38,14[Cation:Ca[II]]",E+38[Cation:Ca[II]],56.798,4.0,P02774,P02774;D6RBJ7;D6RF35,3,False,192,0.5714285714285714,0.42857142857142855,47,0.8103448275862069,23.358684362647615,23.39054677078094
1187,.ATLVC-33.988LISDFYPGAVTVAWK.,1.9049529878738895e-05,abundance,.ATLVC-33.988LISDFYPGAVTVAWK.,.ATLVCLISDFYPGAVTVAWK.,sp|B9A064|IGLL5_HUMAN;sp|P0CG04|IGLC1_HUMAN;sp|P0DOY2|IGLC2_HUMAN;sp|P0DOY3|IGLC3_HUMAN;tr|A0A0B4J231|A0A0B4J231_HUMAN,"C-34,5[Cys->Dha]",C-34[Cys->Dha],21.629,2.0,B9A064,B9A064;P0CG04;P0DOY2;P0DOY3;A0A0B4J231,5,False,298,0.8869047619047619,0.1130952380952381,52,0.896551724137931,27.401474890176374,27.146914448576016
1188,.VIGNM+15.995GQTM+15.995EQLTPELK.,1.898611431803916e-05,abundance,.VIGNM+15.995GQTM+15.995EQLTPELK.,.VIGNMGQTMEQLTPELK.,sp|P04114|APOB_HUMAN;tr|A8MUN2|A8MUN2_HUMAN,"M+16,5[Oxidation] & M+16,9[Oxidation]",M+16[Oxidation],12.667,2.0,P04114,P04114;A8MUN2,2,False,186,0.5535714285714286,0.44642857142857145,40,0.6896551724137931,25.417431832775833,25.385588415952274
1189,.AHYGGFTVQNEANK+57.021YQISVNK.__missing,1.8978824321292964e-05,missingness,.AHYGGFTVQNEANK+57.021YQISVNK,,,,,,,,,0,False,0,0.0,1.0,0,0.0,,
1190,.WYLFGM+15.995GNEVDVHAAFFHGQALTNK.,1.896730923861034e-05,abundance,.WYLFGM+15.995GNEVDVHAAFFHGQALTNK.,.WYLFGMGNEVDVHAAFFHGQALTNK.,sp|P00450|CERU_HUMAN;tr|E9PFZ2|E9PFZ2_HUMAN;tr|H7C5R1|H7C5R1_HUMAN,"M+16,6[Oxidation]",M+16[Oxidation],52.816,2.0,P00450,P00450;E9PFZ2;H7C5R1,3,False,259,0.7708333333333334,0.22916666666666666,49,0.8448275862068966,25.58624755587384,25.664958821877406
1191,.THTC-33.988PPC+31.990PAPELLGGPSVFLFPPK.__missing,1.894535843690754e-05,missingness,.THTC-33.988PPC+31.990PAPELLGGPSVFLFPPK,,,,,,,,,0,False,0,0.0,1.0,0,0.0,,
1192,.-17.027QLGLPGPPDVPDHAAYHPFR.__missing,1.8862146656212253e-05,missingness,.-17.027QLGLPGPPDVPDHAAYHPFR,,,,,,,,,0,False,0,0.0,1.0,0,0.0,,
1193,.AVSM+15.995PSFSILGSDVR.,1.8813753257052474e-05,abundance,.AVSM+15.995PSFSILGSDVR.,.AVSMPSFSILGSDVR.,sp|P04114|APOB_HUMAN,"M+16,4[Oxidation]",M+16[Oxidation],13.964,2.0,P04114,P04114,1,True,321,0.9553571428571429,0.044642857142857144,53,0.9137931034482759,28.193673988153463,27.902079752300665
1194,.ELTPEVLQEWLDELEEMM+15.995LVVHMPR.,1.8749149555891152e-05,abundance,.ELTPEVLQEWLDELEEMM+15.995LVVHMPR.,.ELTPEVLQEWLDELEEMMLVVHMPR.,sp|P01008|ANT3_HUMAN,"M+16,18[Oxidation]",M+16[Oxidation],88.354,3.0,P01008,P01008,1,True,324,0.9642857142857143,0.03571428571428571,55,0.9482758620689655,26.635439360674624,26.544600412484826
1195,.DSGRDYVSQFEGSALGK+42.047.__missing,1.8511060684810878e-05,missingness,.DSGRDYVSQFEGSALGK+42.047,,,,,,,,,0,False,0,0.0,1.0,0,0.0,,
1196,.SLHTLFGDKLC+47.985TVATLR.__missing,1.8505489916061454e-05,missingness,.SLHTLFGDKLC+47.985TVATLR,,,,,,,,,0,False,0,0.0,1.0,0,0.0,,
1197,.TM+15.995TIHN+0.984GMFFSTYDRDNDGWLTSDPR.,1.8284406483115623e-05,abundance,.TM+15.995TIHN+0.984GMFFSTYDRDNDGWLTSDPR.,.TMTIHNGMFFSTYDRDNDGWLTSDPR.,sp|P02675|FIBB_HUMAN;tr|D6REL8|D6REL8_HUMAN,"M+16,2[Oxidation] & N+1,6[Deamidated]",M+16[Oxidation],32.913,3.0,P02675,P02675;D6REL8,2,False,279,0.8303571428571429,0.16964285714285715,51,0.8793103448275862,26.865298557094594,26.818790334334317
1198,.PLLEKSHC-33.988IAEVENDEMPADLPSLAADFVESK.,1.821273203843157e-05,abundance,.PLLEKSHC-33.988IAEVENDEMPADLPSLAADFVESK.,.PLLEKSHCIAEVENDEMPADLPSLAADFVESK.,sp|P02768-2|ALBU_HUMAN;sp|P02768|ALBU_HUMAN;tr|A0A0C4DGB6|A0A0C4DGB6_HUMAN;tr|B7WNR0|B7WNR0_HUMAN;tr|C9JKR2|C9JKR2_HUMAN;tr|D6RHD5|D6RHD5_HUMAN;tr|H0YA55|H0YA55_HUMAN,"C-34,8[Cys->Dha]",C-34[Cys->Dha],0.0,3.0,P02768,P02768;A0A0C4DGB6;B7WNR0;C9JKR2;D6RHD5;H0YA55,6,False,317,0.9434523809523809,0.05654761904761905,52,0.896551724137931,26.713291101256637,26.691318588649523
1199,.VPTADLEDVLPLAE+37.947DITNILSK.__missing,1.8207479389040553e-05,missingness,.VPTADLEDVLPLAE+37.947DITNILSK,,,,,,,,,0,False,0,0.0,1.0,0,0.0,,
1200,.+57.021GGSTSYGTGSETESPR.,1.8168544923186116e-05,abundance,.+57.021GGSTSYGTGSETESPR.,.GGSTSYGTGSETESPR.,sp|P02671-2|FIBA_HUMAN;sp|P02671|FIBA_HUMAN,"X+57,1[Carbamidomethyl]",X+57[Carbamidomethyl],24.72,2.0,P02671,P02671,1,True,176,0.5238095238095238,0.47619047619047616,46,0.7931034482758621,24.462398055744117,24.208642555612915
1201,.YVMLPVADQDQC+47.985IRHYEGST-18.011VPEKK.__missing,1.8141507932105482e-05,missingness,.YVMLPVADQDQC+47.985IRHYEGST-18.011VPEKK,,,,,,,,,0,False,0,0.0,1.0,0,0.0,,
1202,.LSSW+3.995VLLMK.,1.8093353034285017e-05,abundance,.LSSW+3.995VLLMK.,.LSSWVLLMK.,sp|P01009-2|A1AT_HUMAN;sp|P01009-3|A1AT_HUMAN;sp|P01009|A1AT_HUMAN;tr|A0A024R6I7|A0A024R6I7_HUMAN;tr|A0A0G2JRN3|A0A0G2JRN3_HUMAN,"W+4,4[Trp->Kynurenin]",W+4[Trp->Kynurenin],1000.0,2.0,P01009,P01009;A0A024R6I7;A0A0G2JRN3,3,False,171,0.5089285714285714,0.49107142857142855,36,0.6206896551724138,23.21109439216476,23.097928176469452
1203,.SK+27.995EQLTPLIK.__missing,1.8030141549707534e-05,missingness,.SK+27.995EQLTPLIK,,,,,,,,,0,False,0,0.0,1.0,0,0.0,,
1204,.+57.021AEFAEVSK.__missing,1.7965383055553333e-05,missingness,.+57.021AEFAEVSK,,,,,,,,,0,False,0,0.0,1.0,0,0.0,,
1205,.FSGSGSG+58.005TDFTLK.,1.7872316844923075e-05,abundance,.FSGSGSG+58.005TDFTLK.,.FSGSGSGTDFTLK.,sp|A0A075B6P5|KV228_HUMAN;sp|A0A075B6S2|KVD29_HUMAN;sp|A0A075B6S6|KVD30_HUMAN;sp|A0A087WW87|KV240_HUMAN;sp|A0A0A0MRZ7|KVD26_HUMAN;sp|A2NJV5|KV229_HUMAN;sp|P01614|KVD40_HUMAN;sp|P01615|KV202_HUMAN;sp|P06310|KV230_HUMAN;tr|A0A087X0Q4|A0A087X0Q4_HUMAN,"G+58,7[G->D/1]",G+58[G->D/1],1000.0,2.0,A0A075B6P5,A0A075B6P5;A0A075B6S2;A0A075B6S6;A0A087WW87;A0A0A0MRZ7;A2NJV5;P01614;P01615;P06310;A0A087X0Q4,10,False,173,0.5148809523809523,0.4851190476190476,39,0.6724137931034483,25.257026944232404,25.288301074344144
1206,.HPYFYAPE+21.982LLFFAK.,1.7842269191553772e-05,abundance,.HPYFYAPE+21.982LLFFAK.,.HPYFYAPELLFFAK.,sp|P02768|ALBU_HUMAN;tr|A0A0C4DGB6|A0A0C4DGB6_HUMAN;tr|B7WNR0|B7WNR0_HUMAN;tr|D6RHD5|D6RHD5_HUMAN;tr|H0YA55|H0YA55_HUMAN;tr|H7C013|H7C013_HUMAN,"E+22,8[Cation:Na]",E+22[Cation:Na],42.853,3.0,P02768,P02768;A0A0C4DGB6;B7WNR0;D6RHD5;H0YA55;H7C013,6,False,169,0.5029761904761905,0.49702380952380953,39,0.6724137931034483,23.333199035908915,23.337078603545752
1207,.K+28.006MADEAGSEADHEGTHSTK.__missing,1.7689769077693504e-05,missingness,.K+28.006MADEAGSEADHEGTHSTK,,,,,,,,,0,False,0,0.0,1.0,0,0.0,,
1208,.VYLQGLIDC+60.054YLFGNSSTVLEDSK.__missing,1.76320839257198e-05,missingness,.VYLQGLIDC+60.054YLFGNSSTVLEDSK,,,,,,,,,0,False,0,0.0,1.0,0,0.0,,
1209,.TLQGIPQM+15.995IGEVIR.,1.750544333141048e-05,abundance,.TLQGIPQM+15.995IGEVIR.,.TLQGIPQMIGEVIR.,sp|P04114|APOB_HUMAN,"M+16,8[Oxidation]",M+16[Oxidation],14.577,2.0,P04114,P04114,1,True,315,0.9375,0.0625,53,0.9137931034482759,28.918087588878226,28.2367759192269
1210,.-18.011EHSSLAFWK.__missing,1.7477177184794034e-05,missingness,.-18.011EHSSLAFWK,,,,,,,,,0,False,0,0.0,1.0,0,0.0,,
1211,.IHLISTQ+0.984SAIPYALR.,1.7401661312788952e-05,abundance,.IHLISTQ+0.984SAIPYALR.,.IHLISTQSAIPYALR.,sp|P02679-2|FIBG_HUMAN;sp|P02679|FIBG_HUMAN;tr|C9JC84|C9JC84_HUMAN;tr|C9JEU5|C9JEU5_HUMAN,"Q+1,7[Deamidated]",Q+1[Deamidated],1000.0,3.0,P02679,P02679;C9JC84;C9JEU5,3,False,264,0.7857142857142857,0.21428571428571427,45,0.7758620689655172,24.374148516209694,24.1955148359629
1212,.AHYGGFTVQNEAN+0.984K.,1.740115354597464e-05,abundance,.AHYGGFTVQNEAN+0.984K.,.AHYGGFTVQNEANK.,sp|P02675|FIBB_HUMAN;tr|D6REL8|D6REL8_HUMAN,"N+1,13[Deamidated]",N+1[Deamidated],1000.0,2.0,P02675,P02675;D6REL8,2,False,314,0.9345238095238095,0.06547619047619048,52,0.896551724137931,25.842456875472244,25.753908586101417
1213,.-17.027QGLLPVLESFKVSFLSALEEYTKKLNTQ.__missing,1.7288217169464406e-05,missingness,.-17.027QGLLPVLESFKVSFLSALEEYTKKLNTQ,,,,,,,,,0,False,0,0.0,1.0,0,0.0,,
1214,.LNN-17.027GEITQHR.__missing,1.7259921497202795e-05,missingness,.LNN-17.027GEITQHR,,,,,,,,,0,False,0,0.0,1.0,0,0.0,,
1215,.LREQLGPVTQEFW+15.995DNLEK.,1.724641798412167e-05,abundance,.LREQLGPVTQEFW+15.995DNLEK.,.LREQLGPVTQEFWDNLEK.,sp|P02647|APOA1_HUMAN;tr|F8W696|F8W696_HUMAN,"W+16,13[Oxidation]",W+16[Oxidation],1000.0,2.0,P02647,P02647;F8W696,2,False,310,0.9226190476190477,0.07738095238095238,49,0.8448275862068966,26.81932846052849,26.793795534975295
1216,.FN-17.027WYVDGVEVHNAK.__missing,1.7150287521965106e-05,missingness,.FN-17.027WYVDGVEVHNAK,,,,,,,,,0,False,0,0.0,1.0,0,0.0,,
1217,.HYEGSTVPEK+57.021.,1.6958141962282708e-05,abundance,.HYEGSTVPEK+57.021.,.HYEGSTVPEK.,sp|P00738-2|HPT_HUMAN;sp|P00738|HPT_HUMAN;tr|A0A087WU08|A0A087WU08_HUMAN;tr|A0A0C4DGL8|A0A0C4DGL8_HUMAN;tr|H0Y300|H0Y300_HUMAN;tr|H3BS21|H3BS21_HUMAN;tr|J3QLC9|J3QLC9_HUMAN;tr|J3QR68|J3QR68_HUMAN,"K+57,10[Carbamidomethyl]",K+57[Carbamidomethyl],1000.0,2.0,P00738,P00738;A0A087WU08;A0A0C4DGL8;H0Y300;H3BS21;J3QLC9;J3QR68,7,False,244,0.7261904761904762,0.27380952380952384,50,0.8620689655172413,24.402923467365333,24.516357094708706
1218,.ETEGLRQEM+15.995SK.,1.6853055175645617e-05,abundance,.ETEGLRQEM+15.995SK.,.ETEGLRQEMSK.,sp|P02647|APOA1_HUMAN;tr|F8W696|F8W696_HUMAN,"M+16,9[Oxidation]",M+16[Oxidation],22.138,3.0,P02647,P02647;F8W696,2,False,318,0.9464285714285714,0.05357142857142857,52,0.896551724137931,32.92688481281033,32.656058558097435
1219,.KVETNM+15.995AFSPFSIASLLTQVLLGAGENTK.,1.6801274924407713e-05,abundance,.KVETNM+15.995AFSPFSIASLLTQVLLGAGENTK.,.KVETNMAFSPFSIASLLTQVLLGAGENTK.,sp|P05155-2|IC1_HUMAN;sp|P05155-3|IC1_HUMAN;sp|P05155|IC1_HUMAN;tr|E9PGN7|E9PGN7_HUMAN;tr|H9KV48|H9KV48_HUMAN,"M+16,6[Oxidation]",M+16[Oxidation],1000.0,3.0,P05155,P05155;E9PGN7;H9KV48,3,False,300,0.8928571428571429,0.10714285714285714,54,0.9310344827586207,22.649338240758905,23.01141678148254
1220,.C+57.021HAANPN+0.984GR.,1.678111327315442e-05,abundance,.C+57.021HAANPN+0.984GR.,.CHAANPNGR.,sp|P02675|FIBB_HUMAN;tr|D6REL8|D6REL8_HUMAN,"N+1,7[Deamidated]",N+1[Deamidated],12.641,2.0,P02675,P02675;D6REL8,2,False,202,0.6011904761904762,0.39880952380952384,44,0.7586206896551724,21.599530411042917,21.534236383489326
1221,.-17.027QFSFPLSSEPFQGSYK.,1.674721835244587e-05,abundance,.-17.027QFSFPLSSEPFQGSYK.,.QFSFPLSSEPFQGSYK.,sp|P01023|A2MG_HUMAN,"Q-17,1[Gln->pyro-Glu]",Q-17[Gln->pyro-Glu],22.016,2.0,P01023,P01023,1,True,198,0.5892857142857143,0.4107142857142857,43,0.7413793103448276,27.08171992366919,26.720531267161046
1222,.Q+0.984FTSSTSYNRGDSTFESK.,1.6649061559426576e-05,abundance,.Q+0.984FTSSTSYNRGDSTFESK.,.QFTSSTSYNRGDSTFESK.,sp|P02671-2|FIBA_HUMAN;sp|P02671|FIBA_HUMAN,"Q+1,1[Deamidated]",Q+1[Deamidated],1000.0,2.0,P02671,P02671,1,True,173,0.5148809523809523,0.4851190476190476,44,0.7586206896551724,27.22736963979181,26.81120872049822
1223,.AQLVPLPPSTYVEFTVSGTDC-33.988VAKEATEAAK.,1.6539078028057914e-05,abundance,.AQLVPLPPSTYVEFTVSGTDC-33.988VAKEATEAAK.,.AQLVPLPPSTYVEFTVSGTDCVAKEATEAAK.,sp|P02765|FETUA_HUMAN;tr|C9JV77|C9JV77_HUMAN,"C-34,21[Cys->Dha]",C-34[Cys->Dha],0.0,3.0,P02765,P02765;C9JV77,2,False,306,0.9107142857142857,0.08928571428571429,47,0.8103448275862069,24.87445110115476,24.757720171729748
1224,.YLYEIAR+54.011R.,1.6483701265850708e-05,abundance,.YLYEIAR+54.011R.,.YLYEIARR.,sp|P02768|ALBU_HUMAN;tr|A0A0C4DGB6|A0A0C4DGB6_HUMAN;tr|B7WNR0|B7WNR0_HUMAN;tr|D6RHD5|D6RHD5_HUMAN;tr|H0YA55|H0YA55_HUMAN;tr|H7C013|H7C013_HUMAN,"R+54,7[Delta:H(2)C(3)O(1)]",R+54[Delta:H(2)C(3)O(1)],10.408,2.0,P02768,P02768;A0A0C4DGB6;B7WNR0;D6RHD5;H0YA55;H7C013,6,False,189,0.5625,0.4375,40,0.6896551724137931,24.017791857772856,23.95006622485788
1225,.VSFLSALEEYTKK+28.006.__missing,1.646424772420922e-05,missingness,.VSFLSALEEYTKK+28.006,,,,,,,,,0,False,0,0.0,1.0,0,0.0,,
1226,.FQNALLVR+72.021YTK.,1.630205466594835e-05,abundance,.FQNALLVR+72.021YTK.,.FQNALLVRYTK.,sp|P02768-2|ALBU_HUMAN;sp|P02768-3|ALBU_HUMAN;sp|P02768|ALBU_HUMAN;tr|A0A087WWT3|A0A087WWT3_HUMAN;tr|A0A0C4DGB6|A0A0C4DGB6_HUMAN;tr|B7WNR0|B7WNR0_HUMAN;tr|C9JKR2|C9JKR2_HUMAN;tr|D6RHD5|D6RHD5_HUMAN;tr|H0YA55|H0YA55_HUMAN,"R+72,8[Dihydroxyimidazolidine]",R+72[Dihydroxyimidazolidine],0.0,3.0,P02768,P02768;A0A087WWT3;A0A0C4DGB6;B7WNR0;C9JKR2;D6RHD5;H0YA55,7,False,292,0.8690476190476191,0.13095238095238096,46,0.7931034482758621,24.032593780459365,24.256661175062327
1227,.ILGDM+15.995QPGDYFDLVLFGTR.,1.629654329694189e-05,abundance,.ILGDM+15.995QPGDYFDLVLFGTR.,.ILGDMQPGDYFDLVLFGTR.,sp|P19827-2|ITIH1_HUMAN;sp|P19827-3|ITIH1_HUMAN;sp|P19827|ITIH1_HUMAN,"M+16,5[Oxidation]",M+16[Oxidation],30.639,2.0,P19827,P19827,1,True,268,0.7976190476190477,0.20238095238095238,48,0.8275862068965517,25.455641990544056,25.177929076335698
1228,.+12.000HPYFYAPELLFFAK.,1.622171382210481e-05,abundance,.+12.000HPYFYAPELLFFAK.,.HPYFYAPELLFFAK.,sp|P02768|ALBU_HUMAN;tr|A0A0C4DGB6|A0A0C4DGB6_HUMAN;tr|B7WNR0|B7WNR0_HUMAN;tr|D6RHD5|D6RHD5_HUMAN;tr|H0YA55|H0YA55_HUMAN;tr|H7C013|H7C013_HUMAN,"X+12,1[Thiazolidine]",X+12[Thiazolidine],42.315,2.0,P02768,P02768;A0A0C4DGB6;B7WNR0;D6RHD5;H0YA55;H7C013,6,False,251,0.7470238095238095,0.25297619047619047,48,0.8275862068965517,26.238559847948174,25.88647472762294
1229,.SASDLTWDNLK+42.047.__missing,1.618751942826442e-05,missingness,.SASDLTWDNLK+42.047,,,,,,,,,0,False,0,0.0,1.0,0,0.0,,
1230,.TDTS+13.979HHDQDHPTFNK.__missing,1.6142940388529283e-05,missingness,.TDTS+13.979HHDQDHPTFNK,,,,,,,,,0,False,0,0.0,1.0,0,0.0,,
1231,.-17.027QSGLYFIK.,1.611886047160678e-05,abundance,.-17.027QSGLYFIK.,.QSGLYFIK.,sp|P02679-2|FIBG_HUMAN;sp|P02679|FIBG_HUMAN;tr|C9JC84|C9JC84_HUMAN;tr|C9JEU5|C9JEU5_HUMAN;tr|C9JPQ9|C9JPQ9_HUMAN;tr|C9JU00|C9JU00_HUMAN,"Q-17,1[Gln->pyro-Glu]",Q-17[Gln->pyro-Glu],1000.0,2.0,P02679,P02679;C9JC84;C9JEU5;C9JPQ9;C9JU00,5,False,318,0.9464285714285714,0.05357142857142857,52,0.896551724137931,26.129990208689506,26.0531070542223
1232,.SKPTVSSSM+15.995EFK.__missing,1.6025891256472537e-05,missingness,.SKPTVSSSM+15.995EFK,,,,,,,,,0,False,0,0.0,1.0,0,0.0,,
1233,.NYAEAKDVFLGM+15.995FLYEYAR.,1.6011699671424987e-05,abundance,.NYAEAKDVFLGM+15.995FLYEYAR.,.NYAEAKDVFLGMFLYEYAR.,sp|P02768-2|ALBU_HUMAN;sp|P02768|ALBU_HUMAN;tr|A0A0C4DGB6|A0A0C4DGB6_HUMAN;tr|B7WNR0|B7WNR0_HUMAN;tr|C9JKR2|C9JKR2_HUMAN;tr|D6RHD5|D6RHD5_HUMAN;tr|H0YA55|H0YA55_HUMAN,"M+16,12[Oxidation]",M+16[Oxidation],47.76,3.0,P02768,P02768;A0A0C4DGB6;B7WNR0;C9JKR2;D6RHD5;H0YA55,6,False,302,0.8988095238095238,0.10119047619047619,52,0.896551724137931,26.34557719720358,26.31486966941798
1234,.FKDLGEENFKALVLIAFAQYLQQC+47.985PFEDHVK.,1.5994657323832375e-05,abundance,.FKDLGEENFKALVLIAFAQYLQQC+47.985PFEDHVK.,.FKDLGEENFKALVLIAFAQYLQQCPFEDHVK.,sp|P02768-3|ALBU_HUMAN;sp|P02768|ALBU_HUMAN;tr|A0A087WWT3|A0A087WWT3_HUMAN;tr|A0A0C4DGB6|A0A0C4DGB6_HUMAN;tr|H7C013|H7C013_HUMAN,"C+48,24[Trioxidation]",C+48[Trioxidation],75.144,3.0,P02768,P02768;A0A087WWT3;A0A0C4DGB6;H7C013,4,False,320,0.9523809523809523,0.047619047619047616,53,0.9137931034482759,30.449343066152053,30.409639536520796
1235,.LRTEGDGVYTLN+0.984DKK.__missing,1.5980415193411264e-05,missingness,.LRTEGDGVYTLN+0.984DKK,,,,,,,,,0,False,0,0.0,1.0,0,0.0,,
1236,.LAK+27.995TYETTLEK.,1.5934973384813233e-05,abundance,.LAK+27.995TYETTLEK.,.LAKTYETTLEK.,sp|P02768-2|ALBU_HUMAN;sp|P02768|ALBU_HUMAN;tr|A0A0C4DGB6|A0A0C4DGB6_HUMAN;tr|B7WNR0|B7WNR0_HUMAN;tr|C9JKR2|C9JKR2_HUMAN;tr|D6RHD5|D6RHD5_HUMAN;tr|H0YA55|H0YA55_HUMAN,"K+28,3[Formyl]",K+28[Formyl],1000.0,2.0,P02768,P02768;A0A0C4DGB6;B7WNR0;C9JKR2;D6RHD5;H0YA55,6,False,179,0.5327380952380952,0.46726190476190477,44,0.7586206896551724,24.83278544492342,24.801298842690624
1237,.+12.000HYEGSTVPEKK.__missing,1.590667056232251e-05,missingness,.+12.000HYEGSTVPEKK,,,,,,,,,0,False,0,0.0,1.0,0,0.0,,
1238,.AFQPFFVELTM+15.995PYSVIR.,1.584831193177204e-05,abundance,.AFQPFFVELTM+15.995PYSVIR.,.AFQPFFVELTMPYSVIR.,sp|P01023|A2MG_HUMAN;sp|P20742-2|PZP_HUMAN;sp|P20742|PZP_HUMAN,"M+16,11[Oxidation]",M+16[Oxidation],30.064,2.0,P01023,P01023;P20742,2,False,275,0.8184523809523809,0.18154761904761904,50,0.8620689655172413,25.507652269337537,25.171815365061747
1239,.NGM+15.995LHGDK.__missing,1.5808375440361453e-05,missingness,.NGM+15.995LHGDK,,,,,,,,,0,False,0,0.0,1.0,0,0.0,,
1240,.LLIYA+43.990ASTLQSGVPSR.__missing,1.5765812039045448e-05,missingness,.LLIYA+43.990ASTLQSGVPSR,,,,,,,,,0,False,0,0.0,1.0,0,0.0,,
1241,.TDTSHHDQDHPTF+15.995NK.__missing,1.570197244218455e-05,missingness,.TDTSHHDQDHPTF+15.995NK,,,,,,,,,0,False,0,0.0,1.0,0,0.0,,
1242,.GFM+15.995QTYYDDHLR.__missing,1.567538196980972e-05,missingness,.GFM+15.995QTYYDDHLR,,,,,,,,,0,False,0,0.0,1.0,0,0.0,,
1243,.FM+15.995QAVTGWK.__missing,1.563945337124136e-05,missingness,.FM+15.995QAVTGWK,,,,,,,,,0,False,0,0.0,1.0,0,0.0,,
1244,.QGH+57.021NSVFLIK.__missing,1.532859695497075e-05,missingness,.QGH+57.021NSVFLIK,,,,,,,,,0,False,0,0.0,1.0,0,0.0,,
1245,.FDVSSFNPHGISTFTDEDNAM+15.995YLLVVNHPDAK.,1.5262927700502424e-05,abundance,.FDVSSFNPHGISTFTDEDNAM+15.995YLLVVNHPDAK.,.FDVSSFNPHGISTFTDEDNAMYLLVVNHPDAK.,sp|P27169|PON1_HUMAN,"M+16,21[Oxidation]",M+16[Oxidation],113.811,4.0,P27169,P27169,1,True,176,0.5238095238095238,0.47619047619047616,36,0.6206896551724138,26.485693435942512,26.356803821679737
1246,.RHPYFYAPELLFFAK+57.021R.__missing,1.5080845480474177e-05,missingness,.RHPYFYAPELLFFAK+57.021R,,,,,,,,,0,False,0,0.0,1.0,0,0.0,,
1247,.YEASILTHD-18.011SSIR.,1.5025956553571824e-05,abundance,.YEASILTHD-18.011SSIR.,.YEASILTHDSSIR.,sp|P02679-2|FIBG_HUMAN;sp|P02679|FIBG_HUMAN;tr|C9JC84|C9JC84_HUMAN;tr|C9JEU5|C9JEU5_HUMAN;tr|C9JPQ9|C9JPQ9_HUMAN;tr|C9JU00|C9JU00_HUMAN,"D-18,9[Dehydrated]",D-18[Dehydrated],19.829,3.0,P02679,P02679;C9JC84;C9JEU5;C9JPQ9;C9JU00,5,False,185,0.5505952380952381,0.4494047619047619,38,0.6551724137931034,25.380056602225867,25.28418680927499
1248,.SILQM+15.995SLDHHIVTPLTSLVIENEAGDER.,1.4945428743433385e-05,abundance,.SILQM+15.995SLDHHIVTPLTSLVIENEAGDER.,.SILQMSLDHHIVTPLTSLVIENEAGDER.,sp|P19823|ITIH2_HUMAN;tr|Q5T985|Q5T985_HUMAN,"M+16,5[Oxidation]",M+16[Oxidation],1000.0,3.0,P19823,P19823;Q5T985,2,False,270,0.8035714285714286,0.19642857142857142,51,0.8793103448275862,26.13729591969051,25.961236673259396
1249,.DDTVC-33.988LAKLHDRNTYEK.,1.4769095235573354e-05,abundance,.DDTVC-33.988LAKLHDRNTYEK.,.DDTVCLAKLHDRNTYEK.,sp|P02787|TRFE_HUMAN,"C-34,5[Cys->Dha]",C-34[Cys->Dha],0.0,4.0,P02787,P02787,1,True,179,0.5327380952380952,0.46726190476190477,29,0.5,24.86855977814222,24.844388771473554
1250,.AALTELSLGSAYQAM+15.995ILGVDSK.__missing,1.4529742458783126e-05,missingness,.AALTELSLGSAYQAM+15.995ILGVDSK,,,,,,,,,0,False,0,0.0,1.0,0,0.0,,
1251,.HRHPDEAAFFD-18.011TASTGK.__missing,1.443328464499951e-05,missingness,.HRHPDEAAFFD-18.011TASTGK,,,,,,,,,0,False,0,0.0,1.0,0,0.0,,
1252,.SHKSYSC-33.988QVTHEGSTVEK.__missing,1.4318008679574223e-05,missingness,.SHKSYSC-33.988QVTHEGSTVEK,,,,,,,,,0,False,0,0.0,1.0,0,0.0,,
1253,.-17.027QWAGLVEK.__missing,1.4296385838362886e-05,missingness,.-17.027QWAGLVEK,,,,,,,,,0,False,0,0.0,1.0,0,0.0,,
1254,.LKEC+31.990C+57.021E+37.956KPLLEKSHC+57.021IAEVENDEMPADLPSLAADFVESK.__missing,1.417236210095652e-05,missingness,.LKEC+31.990C+57.021E+37.956KPLLEKSHC+57.021IAEVENDEMPADLPSLAADFVESK,,,,,,,,,0,False,0,0.0,1.0,0,0.0,,
1255,.-17.027QHLPLIK.__missing,1.4162303254063904e-05,missingness,.-17.027QHLPLIK,,,,,,,,,0,False,0,0.0,1.0,0,0.0,,
1256,.YRLHDNQN+0.984GWSGDSAPVELILSDETLPAPEFSPEPESGR.,1.4083616428510277e-05,abundance,.YRLHDNQN+0.984GWSGDSAPVELILSDETLPAPEFSPEPESGR.,.YRLHDNQNGWSGDSAPVELILSDETLPAPEFSPEPESGR.,sp|P04217-2|A1BG_HUMAN;sp|P04217|A1BG_HUMAN;tr|M0R009|M0R009_HUMAN,"N+1,8[Deamidated]",N+1[Deamidated],161.366,4.0,P04217,P04217;M0R009,2,False,304,0.9047619047619048,0.09523809523809523,50,0.8620689655172413,26.960590148160108,26.80151119715609
1257,.TLIYS+27.011TNTR.__missing,1.3990289575332773e-05,missingness,.TLIYS+27.011TNTR,,,,,,,,,0,False,0,0.0,1.0,0,0.0,,
1258,.VTQEFHM+15.995K.__missing,1.3874890723940292e-05,missingness,.VTQEFHM+15.995K,,,,,,,,,0,False,0,0.0,1.0,0,0.0,,
1259,.HPYFYAPELLFFAK+43.006R.__missing,1.3851584747966057e-05,missingness,.HPYFYAPELLFFAK+43.006R,,,,,,,,,0,False,0,0.0,1.0,0,0.0,,
1260,.LLD-18.011NWDSVTSTFSK.,1.3756447705337521e-05,abundance,.LLD-18.011NWDSVTSTFSK.,.LLDNWDSVTSTFSK.,sp|P02647|APOA1_HUMAN;tr|F8W696|F8W696_HUMAN,"D-18,3[Dehydrated]",D-18[Dehydrated],1000.0,2.0,P02647,P02647;F8W696,2,False,288,0.8571428571428571,0.14285714285714285,51,0.8793103448275862,26.795243584171523,26.659917155838727
1261,.EQLGPVTQEFW+3.995DNLEK.,1.3755633143726176e-05,abundance,.EQLGPVTQEFW+3.995DNLEK.,.EQLGPVTQEFWDNLEK.,sp|P02647|APOA1_HUMAN;tr|F8W696|F8W696_HUMAN,"W+4,11[Trp->Kynurenin]",W+4[Trp->Kynurenin],1000.0,2.0,P02647,P02647;F8W696,2,False,262,0.7797619047619048,0.22023809523809523,46,0.7931034482758621,25.32739166402709,25.244681178521468
1262,.APVGHFYEPQAPSAEVEM+15.995TSYVLLAYLTAQPAPTSEDLTSATNIVK.__missing,1.3660041975576328e-05,missingness,.APVGHFYEPQAPSAEVEM+15.995TSYVLLAYLTAQPAPTSEDLTSATNIVK,,,,,,,,,0,False,0,0.0,1.0,0,0.0,,
1263,.ASSLES-30.011GVPSR.__missing,1.3630728533012632e-05,missingness,.ASSLES-30.011GVPSR,,,,,,,,,0,False,0,0.0,1.0,0,0.0,,
1264,.KWQEEM+15.995ELYR.,1.3557798803268903e-05,abundance,.KWQEEM+15.995ELYR.,.KWQEEMELYR.,sp|P02647|APOA1_HUMAN;tr|F8W696|F8W696_HUMAN,"M+16,6[Oxidation]",M+16[Oxidation],17.932,2.0,P02647,P02647;F8W696,2,False,318,0.9464285714285714,0.05357142857142857,52,0.896551724137931,32.074209697378244,31.685738921112716
1265,.EDLIWELLN+0.984QAQEHFGK.__missing,1.3486492216981813e-05,missingness,.EDLIWELLN+0.984QAQEHFGK,,,,,,,,,0,False,0,0.0,1.0,0,0.0,,
1266,.DVC-33.988KNYAEAKDVFLGMFLYEYAR.__missing,1.340687544539451e-05,missingness,.DVC-33.988KNYAEAKDVFLGMFLYEYAR,,,,,,,,,0,False,0,0.0,1.0,0,0.0,,
1267,.LDELRDEGK+136.029ASSAK.__missing,1.3307096996340393e-05,missingness,.LDELRDEGK+136.029ASSAK,,,,,,,,,0,False,0,0.0,1.0,0,0.0,,
1268,.IHLISTQ+0.984SAIPYALR.__missing,1.3281983748284118e-05,missingness,.IHLISTQ+0.984SAIPYALR,,,,,,,,,0,False,0,0.0,1.0,0,0.0,,
1269,.QAPGQGLEWM+15.995GR.__missing,1.3239432492136513e-05,missingness,.QAPGQGLEWM+15.995GR,,,,,,,,,0,False,0,0.0,1.0,0,0.0,,
1270,.GDFSSANN+0.984RDNTYNR.__missing,1.3211979561941814e-05,missingness,.GDFSSANN+0.984RDNTYNR,,,,,,,,,0,False,0,0.0,1.0,0,0.0,,
1271,.DFHINLFQVLPWLK+42.047.__missing,1.314355895641933e-05,missingness,.DFHINLFQVLPWLK+42.047,,,,,,,,,0,False,0,0.0,1.0,0,0.0,,
1272,.+43.006FQNALLVR.__missing,1.312639179604787e-05,missingness,.+43.006FQNALLVR,,,,,,,,,0,False,0,0.0,1.0,0,0.0,,
1273,.LDELR+39.995DEGK.,1.3096628035518803e-05,abundance,.LDELR+39.995DEGK.,.LDELRDEGK.,sp|P02768|ALBU_HUMAN;tr|A0A0C4DGB6|A0A0C4DGB6_HUMAN;tr|B7WNR0|B7WNR0_HUMAN;tr|D6RHD5|D6RHD5_HUMAN;tr|H0YA55|H0YA55_HUMAN,"R+40,5[G-H1]",R+40[G-H1],1000.0,2.0,P02768,P02768;A0A0C4DGB6;B7WNR0;D6RHD5;H0YA55,5,False,287,0.8541666666666666,0.14583333333333334,48,0.8275862068965517,24.184983062672742,24.120132888198903
1274,.EVQLVESGGGLVQPGG+72.021SLR.__missing,1.3015263528946259e-05,missingness,.EVQLVESGGGLVQPGG+72.021SLR,,,,,,,,,0,False,0,0.0,1.0,0,0.0,,
1275,.FKN+0.984GMLHGDK.__missing,1.2961984965463901e-05,missingness,.FKN+0.984GMLHGDK,,,,,,,,,0,False,0,0.0,1.0,0,0.0,,
1276,.TPFVTHPGYDTGN+0.984GIQLPGTSGQQPSVGQQMIFEEHGFRR.__missing,1.2915411393667031e-05,missingness,.TPFVTHPGYDTGN+0.984GIQLPGTSGQQPSVGQQMIFEEHGFRR,,,,,,,,,0,False,0,0.0,1.0,0,0.0,,
1277,.LKC-33.988ASLQKFGER.__missing,1.290021031035624e-05,missingness,.LKC-33.988ASLQKFGER,,,,,,,,,0,False,0,0.0,1.0,0,0.0,,
1278,.NYAEAK+57.021DVFLGMFLYEYAR.,1.2872246363772766e-05,abundance,.NYAEAK+57.021DVFLGMFLYEYAR.,.NYAEAKDVFLGMFLYEYAR.,sp|P02768-2|ALBU_HUMAN;sp|P02768|ALBU_HUMAN;tr|A0A0C4DGB6|A0A0C4DGB6_HUMAN;tr|B7WNR0|B7WNR0_HUMAN;tr|C9JKR2|C9JKR2_HUMAN;tr|D6RHD5|D6RHD5_HUMAN;tr|H0YA55|H0YA55_HUMAN,"K+57,6[Carbamidomethyl]",K+57[Carbamidomethyl],1000.0,3.0,P02768,P02768;A0A0C4DGB6;B7WNR0;C9JKR2;D6RHD5;H0YA55,6,False,304,0.9047619047619048,0.09523809523809523,52,0.896551724137931,25.856272998035983,25.754703452144582
1279,.IK+27.995QSELSAK.,1.2854866236827181e-05,abundance,.IK+27.995QSELSAK.,.IKQSELSAK.,sp|P02654|APOC1_HUMAN;tr|K7EJI9|K7EJI9_HUMAN;tr|K7ELM9|K7ELM9_HUMAN;tr|K7EPF9|K7EPF9_HUMAN;tr|K7ERI9|K7ERI9_HUMAN,"K+28,2[Formyl]",K+28[Formyl],1000.0,2.0,P02654,P02654;K7EJI9;K7ELM9;K7EPF9;K7ERI9,5,False,242,0.7202380952380952,0.27976190476190477,46,0.7931034482758621,26.72750581865003,25.53016206600977
1280,.PLGEEM+15.995RDR.__missing,1.2841820163079605e-05,missingness,.PLGEEM+15.995RDR,,,,,,,,,0,False,0,0.0,1.0,0,0.0,,
1281,.R+54.011HPDYSVVLLLR.__missing,1.2825586586722853e-05,missingness,.R+54.011HPDYSVVLLLR,,,,,,,,,0,False,0,0.0,1.0,0,0.0,,
1282,.TYTC-33.988NVDHKPSNTK.__missing,1.2725860356632521e-05,missingness,.TYTC-33.988NVDHKPSNTK,,,,,,,,,0,False,0,0.0,1.0,0,0.0,,
1283,.TGLQEVEVK+42.047.__missing,1.2655403805288523e-05,missingness,.TGLQEVEVK+42.047,,,,,,,,,0,False,0,0.0,1.0,0,0.0,,
1284,.LSPLGEE+42.047MR.,1.2521053773917017e-05,abundance,.LSPLGEE+42.047MR.,.LSPLGEEMR.,sp|P02647|APOA1_HUMAN;tr|F8W696|F8W696_HUMAN,"E+42,7[Propyl]",E+42[Propyl],1000.0,2.0,P02647,P02647;F8W696,2,False,273,0.8125,0.1875,49,0.8448275862068966,23.7124385227997,23.55613929313715
1285,.TMTIHN-17.027GMFFSTYDRDNDGWLTSDPR.,1.2427905739186187e-05,abundance,.TMTIHN-17.027GMFFSTYDRDNDGWLTSDPR.,.TMTIHNGMFFSTYDRDNDGWLTSDPR.,sp|P02675|FIBB_HUMAN;tr|D6REL8|D6REL8_HUMAN,"N-17,6[Ammonia-loss]",N-17[Ammonia-loss],81.623,3.0,P02675,P02675;D6REL8,2,False,313,0.9315476190476191,0.06845238095238096,52,0.896551724137931,26.23477700192544,26.12019128091284
1286,.SSQSVLY-76.031SSNNK.__missing,1.2399109090572489e-05,missingness,.SSQSVLY-76.031SSNNK,,,,,,,,,0,False,0,0.0,1.0,0,0.0,,
1287,.GSLHAN+0.984GR.__missing,1.2353440870019513e-05,missingness,.GSLHAN+0.984GR,,,,,,,,,0,False,0,0.0,1.0,0,0.0,,
1288,.ALVQQM+15.995EQLR.,1.2088998456984541e-05,abundance,.ALVQQM+15.995EQLR.,.ALVQQMEQLR.,sp|P06727|APOA4_HUMAN,"M+16,6[Oxidation]",M+16[Oxidation],11.248,2.0,P06727,P06727,1,True,327,0.9732142857142857,0.026785714285714284,55,0.9482758620689655,27.616800928602487,27.56570543094718
1289,.EFNAETFTFHADIC+24.995TLSEK.,1.1931022611298101e-05,abundance,.EFNAETFTFHADIC+24.995TLSEK.,.EFNAETFTFHADICTLSEK.,sp|P02768-2|ALBU_HUMAN;sp|P02768-3|ALBU_HUMAN;sp|P02768|ALBU_HUMAN;tr|A0A087WWT3|A0A087WWT3_HUMAN;tr|A0A0C4DGB6|A0A0C4DGB6_HUMAN;tr|B7WNR0|B7WNR0_HUMAN;tr|C9JKR2|C9JKR2_HUMAN;tr|D6RHD5|D6RHD5_HUMAN;tr|H0YA55|H0YA55_HUMAN,"C+25,14[Cyano]",C+25[Cyano],1000.0,2.0,P02768,P02768;A0A087WWT3;A0A0C4DGB6;B7WNR0;C9JKR2;D6RHD5;H0YA55,7,False,318,0.9464285714285714,0.05357142857142857,52,0.896551724137931,25.820012134862374,25.74782000084188
1290,.LQ+0.984HLENELTHDIITK.__missing,1.1783386665606955e-05,missingness,.LQ+0.984HLENELTHDIITK,,,,,,,,,0,False,0,0.0,1.0,0,0.0,,
1291,.TMTIHN-17.027GMFFSTYDRDNDGWLTSDPR.__missing,1.1758229523242602e-05,missingness,.TMTIHN-17.027GMFFSTYDRDNDGWLTSDPR,,,,,,,,,0,False,0,0.0,1.0,0,0.0,,
1292,.AEFAEVSK+58.005LVTDLTK.__missing,1.1738833740360383e-05,missingness,.AEFAEVSK+58.005LVTDLTK,,,,,,,,,0,False,0,0.0,1.0,0,0.0,,
1293,.-17.027QLANGVDR.__missing,1.1719543722465471e-05,missingness,.-17.027QLANGVDR,,,,,,,,,0,False,0,0.0,1.0,0,0.0,,
1294,.VPLLLSEPINIIDALEM+15.995R.__missing,1.1689682789127468e-05,missingness,.VPLLLSEPINIIDALEM+15.995R,,,,,,,,,0,False,0,0.0,1.0,0,0.0,,
1295,.SLH-10.032TLFGDK.__missing,1.1658698611387396e-05,missingness,.SLH-10.032TLFGDK,,,,,,,,,0,False,0,0.0,1.0,0,0.0,,
1296,.C+24.995PFEDHVK.,1.1629929890613078e-05,abundance,.C+24.995PFEDHVK.,.CPFEDHVK.,sp|P02768-3|ALBU_HUMAN;sp|P02768|ALBU_HUMAN;tr|A0A087WWT3|A0A087WWT3_HUMAN;tr|A0A0C4DGB6|A0A0C4DGB6_HUMAN;tr|H7C013|H7C013_HUMAN,"C+25,1[Cyano]",C+25[Cyano],0.0,2.0,P02768,P02768;A0A087WWT3;A0A0C4DGB6;H7C013,4,False,246,0.7321428571428571,0.26785714285714285,51,0.8793103448275862,26.695547898306046,26.200268900835695
1297,.SASDLTW+3.995DNLK.__missing,1.1554755827856076e-05,missingness,.SASDLTW+3.995DNLK,,,,,,,,,0,False,0,0.0,1.0,0,0.0,,
1298,.+27.995KAGTELVNFLSYFVELGTQPATQ.,1.1413855911805702e-05,abundance,.+27.995KAGTELVNFLSYFVELGTQPATQ.,.KAGTELVNFLSYFVELGTQPATQ.,sp|P02652|APOA2_HUMAN;tr|V9GYE3|V9GYE3_HUMAN;tr|V9GYM3|V9GYM3_HUMAN,"X+28,1[Formyl]",X+28[Formyl],1000.0,3.0,P02652,P02652;V9GYE3;V9GYM3,3,False,193,0.5744047619047619,0.4255952380952381,40,0.6896551724137931,23.295111138149245,23.16067727004299
1299,.GLEWVA+15.995FIR.__missing,1.1345777014820894e-05,missingness,.GLEWVA+15.995FIR,,,,,,,,,0,False,0,0.0,1.0,0,0.0,,
1300,.L+0.959V-2.016NEVTEFAK.__missing,1.1322919993518161e-05,missingness,.L+0.959V-2.016NEVTEFAK,,,,,,,,,0,False,0,0.0,1.0,0,0.0,,
1301,.IHLISTQSAIPYALRVELEDWN-17.027GR.__missing,1.1285447743915951e-05,missingness,.IHLISTQSAIPYALRVELEDWN-17.027GR,,,,,,,,,0,False,0,0.0,1.0,0,0.0,,
1302,.AYWDIMISN+0.984HQNSNR.,1.1118512535217144e-05,abundance,.AYWDIMISN+0.984HQNSNR.,.AYWDIMISNHQNSNR.,sp|P35542|SAA4_HUMAN;tr|A0A096LPE2|A0A096LPE2_HUMAN,"N+1,9[Deamidated]",N+1[Deamidated],39.031,2.0,P35542,P35542;A0A096LPE2,2,False,193,0.5744047619047619,0.4255952380952381,51,0.8793103448275862,25.09042057966077,24.583104253360478
1303,.ASTPN+0.984GYDNGIIWATWK.__missing,1.1089320219618383e-05,missingness,.ASTPN+0.984GYDNGIIWATWK,,,,,,,,,0,False,0,0.0,1.0,0,0.0,,
1304,.QTEATM+15.995TFK.__missing,1.1080772412617278e-05,missingness,.QTEATM+15.995TFK,,,,,,,,,0,False,0,0.0,1.0,0,0.0,,
1305,.EPQVYTLPPSQEEM+15.995TK.__missing,1.1058993609358138e-05,missingness,.EPQVYTLPPSQEEM+15.995TK,,,,,,,,,0,False,0,0.0,1.0,0,0.0,,
1306,.DLGEENF+15.995K.__missing,1.1007619829960839e-05,missingness,.DLGEENF+15.995K,,,,,,,,,0,False,0,0.0,1.0,0,0.0,,
1307,.VGYVSGW+31.990GR.__missing,1.0983553466184819e-05,missingness,.VGYVSGW+31.990GR,,,,,,,,,0,False,0,0.0,1.0,0,0.0,,
1308,.LGEHNIDVLEGNEQFINAAK+28.031IITHPN.__missing,1.0965530238479322e-05,missingness,.LGEHNIDVLEGNEQFINAAK+28.031IITHPN,,,,,,,,,0,False,0,0.0,1.0,0,0.0,,
1309,.VQW+31.990KVDNALQSGNSQESVTEQDSK.__missing,1.0858380178888811e-05,missingness,.VQW+31.990KVDNALQSGNSQESVTEQDSK,,,,,,,,,0,False,0,0.0,1.0,0,0.0,,
1310,.TDTSHHDQD+37.956HPTFNK.__missing,1.083921946588107e-05,missingness,.TDTSHHDQD+37.956HPTFNK,,,,,,,,,0,False,0,0.0,1.0,0,0.0,,
1311,.AHYGGFTVQN+0.984EANK.__missing,1.0837160980356263e-05,missingness,.AHYGGFTVQN+0.984EANK,,,,,,,,,0,False,0,0.0,1.0,0,0.0,,
1312,.ETEGLRQEM-29.993SK.__missing,1.07810437714243e-05,missingness,.ETEGLRQEM-29.993SK,,,,,,,,,0,False,0,0.0,1.0,0,0.0,,
1313,.ETEGLRQEM+33.969SK.__missing,1.0581869374267774e-05,missingness,.ETEGLRQEM+33.969SK,,,,,,,,,0,False,0,0.0,1.0,0,0.0,,
1314,.AVSM+15.995PSFSILGSDVR.__missing,1.053375518958646e-05,missingness,.AVSM+15.995PSFSILGSDVR,,,,,,,,,0,False,0,0.0,1.0,0,0.0,,
1315,.TEHGSEM+15.995LFFGNAIEGK.__missing,1.0489674276963891e-05,missingness,.TEHGSEM+15.995LFFGNAIEGK,,,,,,,,,0,False,0,0.0,1.0,0,0.0,,
1316,.LDELR+39.995DEGK.__missing,1.0310805609828406e-05,missingness,.LDELR+39.995DEGK,,,,,,,,,0,False,0,0.0,1.0,0,0.0,,
1317,.FNWYVDGVEVHNAK+42.047.,1.0295610947990729e-05,abundance,.FNWYVDGVEVHNAK+42.047.,.FNWYVDGVEVHNAK.,sp|P01857|IGHG1_HUMAN;sp|P01859|IGHG2_HUMAN;sp|P01861|IGHG4_HUMAN;tr|A0A0A0MS08|A0A0A0MS08_HUMAN;tr|A0A286YEY4|A0A286YEY4_HUMAN;tr|A0A286YFJ8|A0A286YFJ8_HUMAN,"Z+42,14[Propyl]",Z+42[Propyl],1000.0,2.0,P01857,P01857;P01859;P01861;A0A0A0MS08;A0A286YEY4;A0A286YFJ8,6,False,320,0.9523809523809523,0.047619047619047616,53,0.9137931034482759,27.287886292900986,27.21501157071243
1318,.EVQ+9.000LVQSGAEVK.__missing,1.0262131849940031e-05,missingness,.EVQ+9.000LVQSGAEVK,,,,,,,,,0,False,0,0.0,1.0,0,0.0,,
1319,.LEALK+43.006ENGGAR.,1.0188197262980628e-05,abundance,.LEALK+43.006ENGGAR.,.LEALKENGGAR.,sp|P02647|APOA1_HUMAN;tr|F8W696|F8W696_HUMAN,"K+43,5[Carbamyl]",K+43[Carbamyl],22.118,2.0,P02647,P02647;F8W696,2,False,203,0.6041666666666666,0.3958333333333333,40,0.6896551724137931,25.16296257502932,24.993208610323187
1320,.DIASGLIGPLIIC-33.988K.,1.0062542826561381e-05,abundance,.DIASGLIGPLIIC-33.988K.,.DIASGLIGPLIICK.,sp|P00450|CERU_HUMAN;tr|E9PFZ2|E9PFZ2_HUMAN,"C-34,13[Cys->Dha]",C-34[Cys->Dha],0.0,2.0,P00450,P00450;E9PFZ2,2,False,290,0.8630952380952381,0.13690476190476192,49,0.8448275862068966,24.586815177903766,24.478063423628676
1321,.VKSPELQ+0.984AEAK.__missing,9.979003555564006e-06,missingness,.VKSPELQ+0.984AEAK,,,,,,,,,0,False,0,0.0,1.0,0,0.0,,
1322,.MLEEIM+15.995KYEASILTHDSSIR.,9.88635684016111e-06,abundance,.MLEEIM+15.995KYEASILTHDSSIR.,.MLEEIMKYEASILTHDSSIR.,sp|P02679-2|FIBG_HUMAN;sp|P02679|FIBG_HUMAN;tr|C9JC84|C9JC84_HUMAN;tr|C9JEU5|C9JEU5_HUMAN;tr|C9JPQ9|C9JPQ9_HUMAN;tr|C9JU00|C9JU00_HUMAN,"M+16,6[Oxidation]",M+16[Oxidation],56.705,3.0,P02679,P02679;C9JC84;C9JEU5;C9JPQ9;C9JU00,5,False,311,0.9255952380952381,0.0744047619047619,49,0.8448275862068966,26.091596273664152,26.07978130609118
1323,.TDTSHHDQDH+57.021PTFNK.__missing,9.850295361711724e-06,missingness,.TDTSHHDQDH+57.021PTFNK,,,,,,,,,0,False,0,0.0,1.0,0,0.0,,
1324,.FKDLGEENFKALVLIAFAQYLQQC-33.988PFEDHVK.__missing,9.78241896068124e-06,missingness,.FKDLGEENFKALVLIAFAQYLQQC-33.988PFEDHVK,,,,,,,,,0,False,0,0.0,1.0,0,0.0,,
1325,.SYSC+57.021R+162.053VTHEGSTVEK.__missing,9.746559103880141e-06,missingness,.SYSC+57.021R+162.053VTHEGSTVEK,,,,,,,,,0,False,0,0.0,1.0,0,0.0,,
1326,.ALVLIAFAQYLQQC+47.985PFEDHVK.__missing,9.651998789856905e-06,missingness,.ALVLIAFAQYLQQC+47.985PFEDHVK,,,,,,,,,0,False,0,0.0,1.0,0,0.0,,
1327,.AIQ+0.984LTYNPDESSKPNMIDAATLK.__missing,9.638207131663589e-06,missingness,.AIQ+0.984LTYNPDESSKPNMIDAATLK,,,,,,,,,0,False,0,0.0,1.0,0,0.0,,
1328,.DYNLNDILLQLGIEEAFTSK+42.047.__missing,9.636204422608097e-06,missingness,.DYNLNDILLQLGIEEAFTSK+42.047,,,,,,,,,0,False,0,0.0,1.0,0,0.0,,
1329,.YSQK-14.052FQGR.__missing,9.633367622691051e-06,missingness,.YSQK-14.052FQGR,,,,,,,,,0,False,0,0.0,1.0,0,0.0,,
1330,.MADEAGSEADH+57.021EGTHSTK.__missing,9.603038704006614e-06,missingness,.MADEAGSEADH+57.021EGTHSTK,,,,,,,,,0,False,0,0.0,1.0,0,0.0,,
1331,.LEVANM+15.995QAELVAK.,9.554028634278412e-06,abundance,.LEVANM+15.995QAELVAK.,.LEVANMQAELVAK.,sp|P04114|APOB_HUMAN,"M+16,6[Oxidation]",M+16[Oxidation],0.0,2.0,P04114,P04114,1,True,219,0.6517857142857143,0.3482142857142857,46,0.7931034482758621,26.040789804969993,25.81265980769915
1332,.QTEATM+15.995TFK.,9.52727367226331e-06,abundance,.QTEATM+15.995TFK.,.QTEATMTFK.,sp|P04114|APOB_HUMAN,"M+16,6[Oxidation]",M+16[Oxidation],14.021,2.0,P04114,P04114,1,True,304,0.9047619047619048,0.09523809523809523,46,0.7931034482758621,28.228842089148166,26.961573245540755
1333,.QINDYVEK+57.021GTQGK.__missing,9.52149925086664e-06,missingness,.QINDYVEK+57.021GTQGK,,,,,,,,,0,False,0,0.0,1.0,0,0.0,,
1334,.TIDQM+15.995LNSELQWPVPDIYLR.,9.519979732749344e-06,abundance,.TIDQM+15.995LNSELQWPVPDIYLR.,.TIDQMLNSELQWPVPDIYLR.,sp|P04114|APOB_HUMAN,"M+16,5[Oxidation]",M+16[Oxidation],26.412,2.0,P04114,P04114,1,True,200,0.5952380952380952,0.40476190476190477,45,0.7758620689655172,24.793076648200767,24.639838391245277
1335,.AIQLTYNPDESSKPNMIDAATLK+42.047.__missing,9.457367341969806e-06,missingness,.AIQLTYNPDESSKPNMIDAATLK+42.047,,,,,,,,,0,False,0,0.0,1.0,0,0.0,,
1336,.LREQLGPVTQE+42.047FWDNLEK.__missing,9.45061177353507e-06,missingness,.LREQLGPVTQE+42.047FWDNLEK,,,,,,,,,0,False,0,0.0,1.0,0,0.0,,
1337,.THLPEVFLSK+42.047.__missing,9.422326296527447e-06,missingness,.THLPEVFLSK+42.047,,,,,,,,,0,False,0,0.0,1.0,0,0.0,,
1338,.RP+15.995C+57.021F+15.995SALEVDETYVPK.__missing,9.354986444291715e-06,missingness,.RP+15.995C+57.021F+15.995SALEVDETYVPK,,,,,,,,,0,False,0,0.0,1.0,0,0.0,,
1339,.M+15.995HAINGR.__missing,9.347344417941433e-06,missingness,.M+15.995HAINGR,,,,,,,,,0,False,0,0.0,1.0,0,0.0,,
1340,.TSTADYAMFK+42.047.,9.299475992118423e-06,abundance,.TSTADYAMFK+42.047.,.TSTADYAMFK.,sp|P02679-2|FIBG_HUMAN;sp|P02679|FIBG_HUMAN;tr|C9JC84|C9JC84_HUMAN;tr|C9JEU5|C9JEU5_HUMAN,"Z+42,10[Propyl]",Z+42[Propyl],11.709,2.0,P02679,P02679;C9JC84;C9JEU5,3,False,309,0.9196428571428571,0.08035714285714286,52,0.896551724137931,24.691044019499323,24.63856776386911
1341,.SC-33.988HTAVGR.,9.287303381360047e-06,abundance,.SC-33.988HTAVGR.,.SCHTAVGR.,sp|P02787|TRFE_HUMAN;tr|H7C5E8|H7C5E8_HUMAN,"C-34,2[Cys->Dha]",C-34[Cys->Dha],7.806,2.0,P02787,P02787;H7C5E8,2,False,311,0.9255952380952381,0.0744047619047619,52,0.896551724137931,27.074186224770752,27.01964298658654
1342,.DYVSQFEGSALGK+42.047.__missing,9.279562262681718e-06,missingness,.DYVSQFEGSALGK+42.047,,,,,,,,,0,False,0,0.0,1.0,0,0.0,,
1343,.YVMLPVADQDQC+57.021IRHYEGSTVPEK-27.047K.__missing,9.234514174083364e-06,missingness,.YVMLPVADQDQC+57.021IRHYEGSTVPEK-27.047K,,,,,,,,,0,False,0,0.0,1.0,0,0.0,,
1344,.VDSGNDVTDIADD+31.972GC+57.021PKPPEIAHGYVEHSVR.__missing,9.146234053891552e-06,missingness,.VDSGNDVTDIADD+31.972GC+57.021PKPPEIAHGYVEHSVR,,,,,,,,,0,False,0,0.0,1.0,0,0.0,,
1345,.HPY+15.995FYAPELLFFAK.__missing,9.007558772738325e-06,missingness,.HPY+15.995FYAPELLFFAK,,,,,,,,,0,False,0,0.0,1.0,0,0.0,,
1346,.VSFLSALEE+42.047YTK.__missing,9.003428823710721e-06,missingness,.VSFLSALEE+42.047YTK,,,,,,,,,0,False,0,0.0,1.0,0,0.0,,
1347,.HTFM+15.995GVVSLGSPSGEVSHPR.,8.982505345378942e-06,abundance,.HTFM+15.995GVVSLGSPSGEVSHPR.,.HTFMGVVSLGSPSGEVSHPR.,sp|P02765|FETUA_HUMAN;tr|C9JV77|C9JV77_HUMAN,"M+16,4[Oxidation]",M+16[Oxidation],1000.0,2.0,P02765,P02765;C9JV77,2,False,327,0.9732142857142857,0.026785714285714284,55,0.9482758620689655,29.198729787346434,29.27332958109294
1348,.TNVK+57.021AAWGK.__missing,8.914764913244538e-06,missingness,.TNVK+57.021AAWGK,,,,,,,,,0,False,0,0.0,1.0,0,0.0,,
1349,.LISVDTEHSNIYLQN-17.027GPDR.__missing,8.877883679402403e-06,missingness,.LISVDTEHSNIYLQN-17.027GPDR,,,,,,,,,0,False,0,0.0,1.0,0,0.0,,
1350,.MNFKQELN+0.984GNTK.,8.865661474131123e-06,abundance,.MNFKQELN+0.984GNTK.,.MNFKQELNGNTK.,sp|P04114|APOB_HUMAN,"N+1,8[Deamidated]",N+1[Deamidated],0.0,2.0,P04114,P04114,1,True,180,0.5357142857142857,0.4642857142857143,47,0.8103448275862069,25.146345830477493,25.031200919479883
1351,.VVAGVANAL+15.995AHK.__missing,8.752471915925647e-06,missingness,.VVAGVANAL+15.995AHK,,,,,,,,,0,False,0,0.0,1.0,0,0.0,,
1352,.HLIVTPSGC+47.985GEQNMIGM+15.995TPTVIAVHYLDETEQWEK.,8.74508496787272e-06,abundance,.HLIVTPSGC+47.985GEQNMIGM+15.995TPTVIAVHYLDETEQWEK.,.HLIVTPSGCGEQNMIGMTPTVIAVHYLDETEQWEK.,sp|P01024|CO3_HUMAN,"C+48,9[Trioxidation] & M+16,17[Oxidation]",C+48[Trioxidation],0.0,3.0,P01024,P01024,1,True,171,0.5089285714285714,0.49107142857142855,46,0.7931034482758621,26.67491522749698,26.31312731709468
1353,.ATLYALSHAVN+0.984NYHK.__missing,8.642948057192982e-06,missingness,.ATLYALSHAVN+0.984NYHK,,,,,,,,,0,False,0,0.0,1.0,0,0.0,,
1354,.S-18.011SKLKE+21.982C+57.021C+57.021EKPLLEKSHC+57.021IAEVENDEMPADLPSLAADFVESK.__missing,8.6394987888518e-06,missingness,.S-18.011SKLKE+21.982C+57.021C+57.021EKPLLEKSHC+57.021IAEVENDEMPADLPSLAADFVESK,,,,,,,,,0,False,0,0.0,1.0,0,0.0,,
1355,.DSGFQM+15.995NQLR.__missing,8.60459212546345e-06,missingness,.DSGFQM+15.995NQLR,,,,,,,,,0,False,0,0.0,1.0,0,0.0,,
1356,.SEAEDASLLSFMQGYM+15.995K.__missing,8.594123615580977e-06,missingness,.SEAEDASLLSFMQGYM+15.995K,,,,,,,,,0,False,0,0.0,1.0,0,0.0,,
1357,.DLDSQTMM+15.995VLVNYIFFK.__missing,8.546583882264851e-06,missingness,.DLDSQTMM+15.995VLVNYIFFK,,,,,,,,,0,False,0,0.0,1.0,0,0.0,,
1358,.NM+15.995EQFQVSVSVAPNAK.__missing,8.522297776370579e-06,missingness,.NM+15.995EQFQVSVSVAPNAK,,,,,,,,,0,False,0,0.0,1.0,0,0.0,,
1359,.AGTELVNFLSYFVE+37.956LGTQPA.__missing,8.490600163643143e-06,missingness,.AGTELVNFLSYFVE+37.956LGTQPA,,,,,,,,,0,False,0,0.0,1.0,0,0.0,,
1360,.SHALQLN+0.984NR.__missing,8.472216718455139e-06,missingness,.SHALQLN+0.984NR,,,,,,,,,0,False,0,0.0,1.0,0,0.0,,
1361,.-18.011ELTPEVLQEWLDELEEMMLVVHMPR.,8.458486194842357e-06,abundance,.-18.011ELTPEVLQEWLDELEEMMLVVHMPR.,.ELTPEVLQEWLDELEEMMLVVHMPR.,sp|P01008|ANT3_HUMAN,"E-18,1[Glu->pyro-Glu]",E-18[Glu->pyro-Glu],23.289,2.0,P01008,P01008,1,True,282,0.8392857142857143,0.16071428571428573,52,0.896551724137931,22.963797993916884,22.989813864256654
1362,.H+10.010KVYAC+372.142EVTHQGLSSPVTK.__missing,8.44912827396394e-06,missingness,.H+10.010KVYAC+372.142EVTHQGLSSPVTK,,,,,,,,,0,False,0,0.0,1.0,0,0.0,,
1363,.ATG+58.005IPDRFSGSGSGTDFTLTISR.__missing,8.447287518170504e-06,missingness,.ATG+58.005IPDRFSGSGSGTDFTLTISR,,,,,,,,,0,False,0,0.0,1.0,0,0.0,,
1364,.M+15.995REWFSETFQK.__missing,8.412108862815642e-06,missingness,.M+15.995REWFSETFQK,,,,,,,,,0,False,0,0.0,1.0,0,0.0,,
1365,.EPC+63.962VESLVSQYFQTVTDYGK.__missing,8.398989776102705e-06,missingness,.EPC+63.962VESLVSQYFQTVTDYGK,,,,,,,,,0,False,0,0.0,1.0,0,0.0,,
1366,.QVGSGVTTDQVQ+0.984AEAK.__missing,8.363346223042717e-06,missingness,.QVGSGVTTDQVQ+0.984AEAK,,,,,,,,,0,False,0,0.0,1.0,0,0.0,,
1367,.ATLVC+119.004LISDFYPGAVTVAWK.__missing,8.284517258834553e-06,missingness,.ATLVC+119.004LISDFYPGAVTVAWK,,,,,,,,,0,False,0,0.0,1.0,0,0.0,,
1368,.MADEAGSEADHEGTHSTK+42.047.,8.14642351741037e-06,abundance,.MADEAGSEADHEGTHSTK+42.047.,.MADEAGSEADHEGTHSTK.,sp|P02671-2|FIBA_HUMAN;sp|P02671|FIBA_HUMAN,"Z+42,18[Propyl]",Z+42[Propyl],1000.0,3.0,P02671,P02671,1,True,317,0.9434523809523809,0.05654761904761905,52,0.896551724137931,25.851921424739256,25.820164877264723
1369,.VDNALQSGN+38.931SQESVTEQDSK.__missing,8.039191074352116e-06,missingness,.VDNALQSGN+38.931SQESVTEQDSK,,,,,,,,,0,False,0,0.0,1.0,0,0.0,,
1370,.FNWYVDGVE+57.021VHNAK.__missing,8.02111781430484e-06,missingness,.FNWYVDGVE+57.021VHNAK,,,,,,,,,0,False,0,0.0,1.0,0,0.0,,
1371,.SK+27.995EQLTPLIK.,8.019279897207424e-06,abundance,.SK+27.995EQLTPLIK.,.SKEQLTPLIK.,sp|P02652|APOA2_HUMAN;tr|V9GYE3|V9GYE3_HUMAN;tr|V9GYG9|V9GYG9_HUMAN;tr|V9GYM3|V9GYM3_HUMAN,"K+28,2[Formyl]",K+28[Formyl],1000.0,2.0,P02652,P02652;V9GYE3;V9GYG9;V9GYM3,4,False,209,0.6220238095238095,0.37797619047619047,46,0.7931034482758621,27.57487161756937,26.924356608359545
1372,.VDN+0.984ALQSGNSQESVTEQDSK.__missing,8.005888367264724e-06,missingness,.VDN+0.984ALQSGNSQESVTEQDSK,,,,,,,,,0,False,0,0.0,1.0,0,0.0,,
1373,.HVIILMTDGLHNM+15.995GGDPITVIDEIRDLLYIGK.__missing,7.969648645393488e-06,missingness,.HVIILMTDGLHNM+15.995GGDPITVIDEIRDLLYIGK,,,,,,,,,0,False,0,0.0,1.0,0,0.0,,
1374,.-17.027QDSLSSQNQLGVLPLSWDIPELVNMGQWK.__missing,7.944543943539986e-06,missingness,.-17.027QDSLSSQNQLGVLPLSWDIPELVNMGQWK,,,,,,,,,0,False,0,0.0,1.0,0,0.0,,
1375,.+298.146LVNEVTEFAK.__missing,7.903024959793713e-06,missingness,.+298.146LVNEVTEFAK,,,,,,,,,0,False,0,0.0,1.0,0,0.0,,
1376,.RHPYFYAPE+37.956LLFFAK.__missing,7.872907566111234e-06,missingness,.RHPYFYAPE+37.956LLFFAK,,,,,,,,,0,False,0,0.0,1.0,0,0.0,,
1377,.VETNM+15.995AFSPFSIASLLTQVLLGAGENTK.,7.66338813328274e-06,abundance,.VETNM+15.995AFSPFSIASLLTQVLLGAGENTK.,.VETNMAFSPFSIASLLTQVLLGAGENTK.,sp|P05155-2|IC1_HUMAN;sp|P05155-3|IC1_HUMAN;sp|P05155|IC1_HUMAN;tr|E9PGN7|E9PGN7_HUMAN;tr|H9KV48|H9KV48_HUMAN,"M+16,5[Oxidation]",M+16[Oxidation],27.011,2.0,P05155,P05155;E9PGN7;H9KV48,3,False,324,0.9642857142857143,0.03571428571428571,55,0.9482758620689655,24.659959575147226,24.64102360842818
1378,.-17.027QFPILLDFK.,7.640669714364335e-06,abundance,.-17.027QFPILLDFK.,.QFPILLDFK.,sp|P05546|HEP2_HUMAN,"Q-17,1[Gln->pyro-Glu]",Q-17[Gln->pyro-Glu],15.322,2.0,P05546,P05546,1,True,318,0.9464285714285714,0.05357142857142857,52,0.896551724137931,23.28275924795569,23.267896231155127
1379,.VLGAFSDGLAHLDN+0.984LK.__missing,7.6239275573380024e-06,missingness,.VLGAFSDGLAHLDN+0.984LK,,,,,,,,,0,False,0,0.0,1.0,0,0.0,,
1380,.TPGIWLLH-0.984.,7.569252548143794e-06,abundance,.TPGIWLLH-0.984.,.TPGIWLLH.,sp|P00450|CERU_HUMAN;tr|H7C5N5|H7C5N5_HUMAN;tr|H7C5R1|H7C5R1_HUMAN,"Z-1,8[Amidated]",Z-1[Amidated],6.436,2.0,P00450,P00450;H7C5N5;H7C5R1,3,False,296,0.8809523809523809,0.11904761904761904,53,0.9137931034482759,24.089132074682148,24.033684477956378
1381,.+57.021TVAAPSVFIFPPSDEQLK.__missing,7.557403858731527e-06,missingness,.+57.021TVAAPSVFIFPPSDEQLK,,,,,,,,,0,False,0,0.0,1.0,0,0.0,,
1382,.QSM+15.995TLSSEVQIPDFDVDLGTILR.,7.4431575555134515e-06,abundance,.QSM+15.995TLSSEVQIPDFDVDLGTILR.,.QSMTLSSEVQIPDFDVDLGTILR.,sp|P04114|APOB_HUMAN,"M+16,3[Oxidation]",M+16[Oxidation],13.613,2.0,P04114,P04114,1,True,238,0.7083333333333334,0.2916666666666667,46,0.7931034482758621,26.42214646009521,26.001153851523107
1383,.N+0.984GMLHGDK.__missing,7.434085531594506e-06,missingness,.N+0.984GMLHGDK,,,,,,,,,0,False,0,0.0,1.0,0,0.0,,
1384,.LNHQLEGLTFQM+15.995K.__missing,7.278227042950701e-06,missingness,.LNHQLEGLTFQM+15.995K,,,,,,,,,0,False,0,0.0,1.0,0,0.0,,
1385,.HPYFYAPELLFFAK+27.995R.__missing,7.2477780592849355e-06,missingness,.HPYFYAPELLFFAK+27.995R,,,,,,,,,0,False,0,0.0,1.0,0,0.0,,
1386,.FIEDNIEYITIIAFAQYVQEATFEEM+15.995EK.,7.144306589614849e-06,abundance,.FIEDNIEYITIIAFAQYVQEATFEEM+15.995EK.,.FIEDNIEYITIIAFAQYVQEATFEEMEK.,sp|P43652|AFAM_HUMAN,"M+16,26[Oxidation]",M+16[Oxidation],1000.0,3.0,P43652,P43652,1,True,303,0.9017857142857143,0.09821428571428571,52,0.896551724137931,22.813644210087375,22.798133349019444
1387,.GM+15.995ALFGEGK.__missing,7.128146016092069e-06,missingness,.GM+15.995ALFGEGK,,,,,,,,,0,False,0,0.0,1.0,0,0.0,,
1388,.HPYFYAPE+42.047LLFFAK.__missing,7.125820544075823e-06,missingness,.HPYFYAPE+42.047LLFFAK,,,,,,,,,0,False,0,0.0,1.0,0,0.0,,
1389,.STHHGPEYM+15.995R.__missing,6.990445392738326e-06,missingness,.STHHGPEYM+15.995R,,,,,,,,,0,False,0,0.0,1.0,0,0.0,,
1390,.EHVAH+57.021LLFLR.__missing,6.968163153125431e-06,missingness,.EHVAH+57.021LLFLR,,,,,,,,,0,False,0,0.0,1.0,0,0.0,,
1391,.+12.000HYEGSTVPEK.__missing,6.967528612599757e-06,missingness,.+12.000HYEGSTVPEK,,,,,,,,,0,False,0,0.0,1.0,0,0.0,,
1392,.-18.011EVDLKDYEDQQK.__missing,6.9290133085044814e-06,missingness,.-18.011EVDLKDYEDQQK,,,,,,,,,0,False,0,0.0,1.0,0,0.0,,
1393,.VT-14.016MSVDTSK.__missing,6.9114695010895534e-06,missingness,.VT-14.016MSVDTSK,,,,,,,,,0,False,0,0.0,1.0,0,0.0,,
1394,.AAANQM+15.995R.__missing,6.873172198935316e-06,missingness,.AAANQM+15.995R,,,,,,,,,0,False,0,0.0,1.0,0,0.0,,
1395,.ELTPEVLQEWLDELEEM+15.995M+15.995LVVHMPR.__missing,6.854404609456634e-06,missingness,.ELTPEVLQEWLDELEEM+15.995M+15.995LVVHMPR,,,,,,,,,0,False,0,0.0,1.0,0,0.0,,
1396,.H+57.021YEGSTVPEK.__missing,6.8216772837596184e-06,missingness,.H+57.021YEGSTVPEK,,,,,,,,,0,False,0,0.0,1.0,0,0.0,,
1397,.LSIN+0.984THPSQK.__missing,6.777690983285728e-06,missingness,.LSIN+0.984THPSQK,,,,,,,,,0,False,0,0.0,1.0,0,0.0,,
1398,.EQLQD+21.982MGLVDLFSPEK.__missing,6.675519510592872e-06,missingness,.EQLQD+21.982MGLVDLFSPEK,,,,,,,,,0,False,0,0.0,1.0,0,0.0,,
1399,.KM+15.995TSNFPVDLSDYPK.__missing,6.451984611373891e-06,missingness,.KM+15.995TSNFPVDLSDYPK,,,,,,,,,0,False,0,0.0,1.0,0,0.0,,
1400,.LREQLGPVTQEFW+15.995DNLEK.__missing,6.449423853536985e-06,missingness,.LREQLGPVTQEFW+15.995DNLEK,,,,,,,,,0,False,0,0.0,1.0,0,0.0,,
1401,.LVH+57.021VEEPHTETVR.__missing,6.314835336338423e-06,missingness,.LVH+57.021VEEPHTETVR,,,,,,,,,0,False,0,0.0,1.0,0,0.0,,
1402,.IMNGEADAMSLD-18.011GGFVYIAGK.__missing,6.298353381707611e-06,missingness,.IMNGEADAMSLD-18.011GGFVYIAGK,,,,,,,,,0,False,0,0.0,1.0,0,0.0,,
1403,.LVH+57.021VEEPHTETVR.,6.287584104723872e-06,abundance,.LVH+57.021VEEPHTETVR.,.LVHVEEPHTETVR.,sp|P01023|A2MG_HUMAN,"H+57,3[Carbamidomethyl]",H+57[Carbamidomethyl],1000.0,3.0,P01023,P01023,1,True,193,0.5744047619047619,0.4255952380952381,49,0.8448275862068966,26.317034120340278,26.16879000488529
1404,.SSQESYAH+57.021GTK.__missing,6.21697997834975e-06,missingness,.SSQESYAH+57.021GTK,,,,,,,,,0,False,0,0.0,1.0,0,0.0,,
1405,.YHWEHTGLT-18.011LR.__missing,6.203745776941418e-06,missingness,.YHWEHTGLT-18.011LR,,,,,,,,,0,False,0,0.0,1.0,0,0.0,,
1406,.AEFAEVSK+43.006LVTDLTK.__missing,6.195576064603207e-06,missingness,.AEFAEVSK+43.006LVTDLTK,,,,,,,,,0,False,0,0.0,1.0,0,0.0,,
1407,.H+57.021YEGSTVPEKK.__missing,6.18551410826814e-06,missingness,.H+57.021YEGSTVPEKK,,,,,,,,,0,False,0,0.0,1.0,0,0.0,,
1408,.FSTPEFTILNTFHIPSFTIDFVEM+15.995K.__missing,6.180102741553257e-06,missingness,.FSTPEFTILNTFHIPSFTIDFVEM+15.995K,,,,,,,,,0,False,0,0.0,1.0,0,0.0,,
1409,.HYEGSTVPEK+57.021K.__missing,6.1638775881370745e-06,missingness,.HYEGSTVPEK+57.021K,,,,,,,,,0,False,0,0.0,1.0,0,0.0,,
1410,.FKDLGEENFKALVLIAFAQYLQQC+119.004PFEDHVK.,6.161101540166411e-06,abundance,.FKDLGEENFKALVLIAFAQYLQQC+119.004PFEDHVK.,.FKDLGEENFKALVLIAFAQYLQQCPFEDHVK.,sp|P02768-3|ALBU_HUMAN;sp|P02768|ALBU_HUMAN;tr|A0A087WWT3|A0A087WWT3_HUMAN;tr|A0A0C4DGB6|A0A0C4DGB6_HUMAN;tr|H7C013|H7C013_HUMAN,"C+119,24[Cysteinyl]",C+119[Cysteinyl],1000.0,4.0,P02768,P02768;A0A087WWT3;A0A0C4DGB6;H7C013,4,False,238,0.7083333333333334,0.2916666666666667,48,0.8275862068965517,26.484750953778615,26.290175231002692
1411,.QKVSVN+0.984ER.__missing,6.106093417397881e-06,missingness,.QKVSVN+0.984ER,,,,,,,,,0,False,0,0.0,1.0,0,0.0,,
1412,.DIVM-17.956TQSPDSLAVSLGER.,6.105014694976433e-06,abundance,.DIVM-17.956TQSPDSLAVSLGER.,.DIVMTQSPDSLAVSLGER.,sp|P06312|KV401_HUMAN,"M-18,4[M->IL/1]",M-18[M->IL/1],1000.0,2.0,P06312,P06312,1,True,228,0.6785714285714286,0.32142857142857145,47,0.8103448275862069,26.063353440949037,26.00498704023538
1413,.LGEHNIDVLEGNEQFINAAK+28.031.__missing,6.0811647718824064e-06,missingness,.LGEHNIDVLEGNEQFINAAK+28.031,,,,,,,,,0,False,0,0.0,1.0,0,0.0,,
1414,.-17.027QANTEERK.__missing,6.063134315345806e-06,missingness,.-17.027QANTEERK,,,,,,,,,0,False,0,0.0,1.0,0,0.0,,
1415,.EDLIWELLNQAQEHFGK+57.021.__missing,5.952338662933507e-06,missingness,.EDLIWELLNQAQEHFGK+57.021,,,,,,,,,0,False,0,0.0,1.0,0,0.0,,
1416,.SPPEISHGVVAHM+15.995SDSYQYGEEVTYK.__missing,5.9292342842060045e-06,missingness,.SPPEISHGVVAHM+15.995SDSYQYGEEVTYK,,,,,,,,,0,False,0,0.0,1.0,0,0.0,,
1417,.VYLQGLIDC+60.054YLFGNSSTVLEDSK.,5.912994533935325e-06,abundance,.VYLQGLIDC+60.054YLFGNSSTVLEDSK.,.VYLQGLIDCYLFGNSSTVLEDSK.,sp|P35542|SAA4_HUMAN;tr|A0A096LPE2|A0A096LPE2_HUMAN,"C+60,9[C->Y/1]",C+60[C->Y/1],0.0,2.0,P35542,P35542;A0A096LPE2,2,False,295,0.8779761904761905,0.12202380952380952,48,0.8275862068965517,25.42221891857219,25.241693819860473
1418,.NPSDPM+15.995PQAPALWIETTAYALLHLLLHEGK.__missing,5.777623944813963e-06,missingness,.NPSDPM+15.995PQAPALWIETTAYALLHLLLHEGK,,,,,,,,,0,False,0,0.0,1.0,0,0.0,,
1419,.DAHK+42.011SEVAHR.__missing,5.7531654502195425e-06,missingness,.DAHK+42.011SEVAHR,,,,,,,,,0,False,0,0.0,1.0,0,0.0,,
1420,.VTISV-42.047DTSK.__missing,5.7526594495020125e-06,missingness,.VTISV-42.047DTSK,,,,,,,,,0,False,0,0.0,1.0,0,0.0,,
1421,.VDNALQSGN+38.940SQESVTEQDSK.__missing,5.751040477406453e-06,missingness,.VDNALQSGN+38.940SQESVTEQDSK,,,,,,,,,0,False,0,0.0,1.0,0,0.0,,
1422,.FNWYVDGVEVHNAK+42.047.__missing,5.739782359671924e-06,missingness,.FNWYVDGVEVHNAK+42.047,,,,,,,,,0,False,0,0.0,1.0,0,0.0,,
1423,.LETPDFQLFKN+0.984GVAQEPVHLDSPAIK.__missing,5.726286568458799e-06,missingness,.LETPDFQLFKN+0.984GVAQEPVHLDSPAIK,,,,,,,,,0,False,0,0.0,1.0,0,0.0,,
1424,.ATEHLSTLSE+57.021K.__missing,5.707915020593371e-06,missingness,.ATEHLSTLSE+57.021K,,,,,,,,,0,False,0,0.0,1.0,0,0.0,,
1425,.ALVLIAFAQYLQQC-17.993PFEDHVK.__missing,5.707079945780824e-06,missingness,.ALVLIAFAQYLQQC-17.993PFEDHVK,,,,,,,,,0,False,0,0.0,1.0,0,0.0,,
1426,.PFVFLM+15.995IEQNTK.__missing,5.654407457259354e-06,missingness,.PFVFLM+15.995IEQNTK,,,,,,,,,0,False,0,0.0,1.0,0,0.0,,
1427,.+27.995LQHLENELTHDIITK.__missing,5.644549119128157e-06,missingness,.+27.995LQHLENELTHDIITK,,,,,,,,,0,False,0,0.0,1.0,0,0.0,,
1428,.TEGRPDM+15.995K.__missing,5.581334544873271e-06,missingness,.TEGRPDM+15.995K,,,,,,,,,0,False,0,0.0,1.0,0,0.0,,
1429,.FKDLGEENFKALVLIAFAQYLQQC+47.985PFEDHVK.__missing,5.576714714637682e-06,missingness,.FKDLGEENFKALVLIAFAQYLQQC+47.985PFEDHVK,,,,,,,,,0,False,0,0.0,1.0,0,0.0,,
1430,.R+72.021HPDYSVVLLLR.__missing,5.523844595838413e-06,missingness,.R+72.021HPDYSVVLLLR,,,,,,,,,0,False,0,0.0,1.0,0,0.0,,
1431,.TNNHIM+15.995K.__missing,5.51990710918607e-06,missingness,.TNNHIM+15.995K,,,,,,,,,0,False,0,0.0,1.0,0,0.0,,
1432,.DAHK+43.006SEVAHR.__missing,5.466860978762143e-06,missingness,.DAHK+43.006SEVAHR,,,,,,,,,0,False,0,0.0,1.0,0,0.0,,
1433,.W+3.995FYIASAFR.__missing,5.459628023042618e-06,missingness,.W+3.995FYIASAFR,,,,,,,,,0,False,0,0.0,1.0,0,0.0,,
1434,.-17.027QKPDGVFQEDAPVIHQEMIGGLR.__missing,5.417350246999624e-06,missingness,.-17.027QKPDGVFQEDAPVIHQEMIGGLR,,,,,,,,,0,False,0,0.0,1.0,0,0.0,,
1435,.AGTELVNFLSYF+15.995VELGTQPATQ.__missing,5.392130002034273e-06,missingness,.AGTELVNFLSYF+15.995VELGTQPATQ,,,,,,,,,0,False,0,0.0,1.0,0,0.0,,
1436,.TDTSHHDQDH+57.021PTFNK.,5.381434048020652e-06,abundance,.TDTSHHDQDH+57.021PTFNK.,.TDTSHHDQDHPTFNK.,sp|P01009-2|A1AT_HUMAN;sp|P01009-3|A1AT_HUMAN;sp|P01009|A1AT_HUMAN;tr|A0A024R6I7|A0A024R6I7_HUMAN;tr|A0A0B4J278|A0A0B4J278_HUMAN;tr|A0A0G2JRN3|A0A0G2JRN3_HUMAN;tr|G3V387|G3V387_HUMAN;tr|G3V544|G3V544_HUMAN;tr|G3V5R8|G3V5R8_HUMAN,"H+57,10[Carbamidomethyl]",H+57[Carbamidomethyl],1000.0,2.0,P01009,P01009;A0A024R6I7;A0A0B4J278;A0A0G2JRN3;G3V387;G3V544;G3V5R8,7,False,326,0.9702380952380952,0.02976190476190476,55,0.9482758620689655,28.275436136232052,28.232149428141792
1437,.LLVVYPW+15.995TQR.__missing,5.366112868586505e-06,missingness,.LLVVYPW+15.995TQR,,,,,,,,,0,False,0,0.0,1.0,0,0.0,,
1438,.TDTSHHD-18.011QDHPTFNK.__missing,5.296688342063079e-06,missingness,.TDTSHHD-18.011QDHPTFNK,,,,,,,,,0,False,0,0.0,1.0,0,0.0,,
1439,.M+15.995GLAFESTK.,5.1943801026132525e-06,abundance,.M+15.995GLAFESTK.,.MGLAFESTK.,sp|P04114|APOB_HUMAN;tr|A8MUN2|A8MUN2_HUMAN,"M+16,1[Oxidation]",M+16[Oxidation],13.01,2.0,P04114,P04114;A8MUN2,2,False,318,0.9464285714285714,0.05357142857142857,51,0.8793103448275862,27.58446213225261,27.49641631240611
1440,.QEPSQ+0.984GTTTFAVTSILR.__missing,5.146674598796199e-06,missingness,.QEPSQ+0.984GTTTFAVTSILR,,,,,,,,,0,False,0,0.0,1.0,0,0.0,,
1441,.SSQSVLY-26.004SSNNK.__missing,5.136970210596313e-06,missingness,.SSQSVLY-26.004SSNNK,,,,,,,,,0,False,0,0.0,1.0,0,0.0,,
1442,.LIDVISM+15.995YR.__missing,5.130168786243345e-06,missingness,.LIDVISM+15.995YR,,,,,,,,,0,False,0,0.0,1.0,0,0.0,,
1443,.TPVSDR+54.011VTK.__missing,5.090207209819598e-06,missingness,.TPVSDR+54.011VTK,,,,,,,,,0,False,0,0.0,1.0,0,0.0,,
1444,.TAAQNLYEK+42.047.__missing,4.974936897857298e-06,missingness,.TAAQNLYEK+42.047,,,,,,,,,0,False,0,0.0,1.0,0,0.0,,
1445,.PLLEKS+13.032HC+119.004IAEVENDEMPADLPSLAADFVESK.__missing,4.806254236316008e-06,missingness,.PLLEKS+13.032HC+119.004IAEVENDEMPADLPSLAADFVESK,,,,,,,,,0,False,0,0.0,1.0,0,0.0,,
1446,.L+15.995VNEVTEFAK.__missing,4.716221331981957e-06,missingness,.L+15.995VNEVTEFAK,,,,,,,,,0,False,0,0.0,1.0,0,0.0,,
1447,.ELDRDTVFALVNY+15.995IFFK.__missing,4.7071921315684895e-06,missingness,.ELDRDTVFALVNY+15.995IFFK,,,,,,,,,0,False,0,0.0,1.0,0,0.0,,
1448,.ESQLPTVM+15.995DFR.__missing,4.635027704092042e-06,missingness,.ESQLPTVM+15.995DFR,,,,,,,,,0,False,0,0.0,1.0,0,0.0,,
1449,.SPLFM+15.995GK.__missing,4.537775303325878e-06,missingness,.SPLFM+15.995GK,,,,,,,,,0,False,0,0.0,1.0,0,0.0,,
1450,.LSSW+3.995VLLMK.__missing,4.512148925728637e-06,missingness,.LSSW+3.995VLLMK,,,,,,,,,0,False,0,0.0,1.0,0,0.0,,
1451,.ALVLIAFAQYLQQC+63.962PFEDHVK.__missing,4.467820651366663e-06,missingness,.ALVLIAFAQYLQQC+63.962PFEDHVK,,,,,,,,,0,False,0,0.0,1.0,0,0.0,,
1452,.MLEEIMKYEASILTHDSSIRY-34.968.__missing,4.428553317644866e-06,missingness,.MLEEIMKYEASILTHDSSIRY-34.968,,,,,,,,,0,False,0,0.0,1.0,0,0.0,,
1453,.GATYNV+14.016IVEALK.__missing,4.416471861640911e-06,missingness,.GATYNV+14.016IVEALK,,,,,,,,,0,False,0,0.0,1.0,0,0.0,,
1454,.R-28.006LVHVEEPHTETVR.__missing,4.390334537428877e-06,missingness,.R-28.006LVHVEEPHTETVR,,,,,,,,,0,False,0,0.0,1.0,0,0.0,,
1455,.LRTEGDGVYTLNDK+57.021K.__missing,4.318125466646754e-06,missingness,.LRTEGDGVYTLNDK+57.021K,,,,,,,,,0,False,0,0.0,1.0,0,0.0,,
1456,.SST+29.993SPTTNVLLSPLSVATALSALSLGAEQR.__missing,4.298406745073797e-06,missingness,.SST+29.993SPTTNVLLSPLSVATALSALSLGAEQR,,,,,,,,,0,False,0,0.0,1.0,0,0.0,,
1457,.DAHK+58.005SEVAHR.__missing,4.2768771661435425e-06,missingness,.DAHK+58.005SEVAHR,,,,,,,,,0,False,0,0.0,1.0,0,0.0,,
1458,.AFK+43.006AWAVAR.__missing,4.24836598829656e-06,missingness,.AFK+43.006AWAVAR,,,,,,,,,0,False,0,0.0,1.0,0,0.0,,
1459,.R-28.006LDGSVDFK.__missing,4.241842664300475e-06,missingness,.R-28.006LDGSVDFK,,,,,,,,,0,False,0,0.0,1.0,0,0.0,,
1460,.ASS-30.011LESGVPSR.__missing,4.2310007944561805e-06,missingness,.ASS-30.011LESGVPSR,,,,,,,,,0,False,0,0.0,1.0,0,0.0,,
1461,.SE-0.948LEDNIR.__missing,4.2278456399245005e-06,missingness,.SE-0.948LEDNIR,,,,,,,,,0,False,0,0.0,1.0,0,0.0,,
1462,.VPMM+15.995NSK.__missing,4.20199130964116e-06,missingness,.VPMM+15.995NSK,,,,,,,,,0,False,0,0.0,1.0,0,0.0,,
1463,.VFDEFKPLVE+37.956EPQNLIK.__missing,4.192060727829374e-06,missingness,.VFDEFKPLVE+37.956EPQNLIK,,,,,,,,,0,False,0,0.0,1.0,0,0.0,,
1464,.SLM+15.995LHYEFLQR.__missing,4.171261143336126e-06,missingness,.SLM+15.995LHYEFLQR,,,,,,,,,0,False,0,0.0,1.0,0,0.0,,
1465,.SM+15.995GGKEDLIW+3.995ELLNQAQEHFGK.__missing,4.170015016758882e-06,missingness,.SM+15.995GGKEDLIW+3.995ELLNQAQEHFGK,,,,,,,,,0,False,0,0.0,1.0,0,0.0,,
1466,.DYNLND+37.956ILLQLGIEEAFTSK.__missing,4.158070768541454e-06,missingness,.DYNLND+37.956ILLQLGIEEAFTSK,,,,,,,,,0,False,0,0.0,1.0,0,0.0,,
1467,.+27.995FQNALLVR.__missing,4.155261684325185e-06,missingness,.+27.995FQNALLVR,,,,,,,,,0,False,0,0.0,1.0,0,0.0,,
1468,.LVNEV+15.995TEFAK.__missing,4.153752344791199e-06,missingness,.LVNEV+15.995TEFAK,,,,,,,,,0,False,0,0.0,1.0,0,0.0,,
1469,.NQVSLTC-33.988LVKGFYPSDIAVEWESNGQPENNYK.__missing,4.14115945974826e-06,missingness,.NQVSLTC-33.988LVKGFYPSDIAVEWESNGQPENNYK,,,,,,,,,0,False,0,0.0,1.0,0,0.0,,
1470,.EATIPGHLN+0.984SYTIK.__missing,4.120850141768574e-06,missingness,.EATIPGHLN+0.984SYTIK,,,,,,,,,0,False,0,0.0,1.0,0,0.0,,
1471,.DLQSLEDILHQVEN+0.984K.__missing,4.116238824723639e-06,missingness,.DLQSLEDILHQVEN+0.984K,,,,,,,,,0,False,0,0.0,1.0,0,0.0,,
1472,.DIQM+15.995TQSPSTLSASVGDR.__missing,4.110350050000064e-06,missingness,.DIQM+15.995TQSPSTLSASVGDR,,,,,,,,,0,False,0,0.0,1.0,0,0.0,,
1473,.MADEAGSEADHEGTHSTK+57.021.__missing,4.088669016889128e-06,missingness,.MADEAGSEADHEGTHSTK+57.021,,,,,,,,,0,False,0,0.0,1.0,0,0.0,,
1474,.INDI-14.016LEHVK.__missing,4.074389462460395e-06,missingness,.INDI-14.016LEHVK,,,,,,,,,0,False,0,0.0,1.0,0,0.0,,
1475,.VVSVLTVLHQDW+31.990LN+0.984GK.__missing,4.056970014772983e-06,missingness,.VVSVLTVLHQDW+31.990LN+0.984GK,,,,,,,,,0,False,0,0.0,1.0,0,0.0,,
1476,.E-14.016VQLVQSGAEVK.__missing,4.05328652393133e-06,missingness,.E-14.016VQLVQSGAEVK,,,,,,,,,0,False,0,0.0,1.0,0,0.0,,
1477,.LM+15.995IYEGSK.__missing,4.031783381578377e-06,missingness,.LM+15.995IYEGSK,,,,,,,,,0,False,0,0.0,1.0,0,0.0,,
1478,.SMGGKEDLIWELLN+0.984QAQEHFGK.__missing,4.030438095316743e-06,missingness,.SMGGKEDLIWELLN+0.984QAQEHFGK,,,,,,,,,0,False,0,0.0,1.0,0,0.0,,
1479,.NPSDPM+15.995PQAPALWIETTAYALLHLLLHEGKAEMADQAAAWLTR.__missing,3.991278546432928e-06,missingness,.NPSDPM+15.995PQAPALWIETTAYALLHLLLHEGKAEMADQAAAWLTR,,,,,,,,,0,False,0,0.0,1.0,0,0.0,,
1480,.MADEAGSE+21.982ADHEGTHSTK.__missing,3.9607588339149196e-06,missingness,.MADEAGSE+21.982ADHEGTHSTK,,,,,,,,,0,False,0,0.0,1.0,0,0.0,,
1481,.LEVANM+15.995QAELVAK.__missing,3.9295595179782934e-06,missingness,.LEVANM+15.995QAELVAK,,,,,,,,,0,False,0,0.0,1.0,0,0.0,,
1482,.-17.027QGALELIKK.__missing,3.865946317673412e-06,missingness,.-17.027QGALELIKK,,,,,,,,,0,False,0,0.0,1.0,0,0.0,,
1483,.SVIPSDGPSVAC+119.004VK.__missing,3.863297007907931e-06,missingness,.SVIPSDGPSVAC+119.004VK,,,,,,,,,0,False,0,0.0,1.0,0,0.0,,
1484,.FSGSNSGN+0.984TATLTISR.__missing,3.857330940662748e-06,missingness,.FSGSNSGN+0.984TATLTISR,,,,,,,,,0,False,0,0.0,1.0,0,0.0,,
1485,.KM+15.995TSNFPVDLSDYPK.,3.806864222445744e-06,abundance,.KM+15.995TSNFPVDLSDYPK.,.KMTSNFPVDLSDYPK.,sp|P04114|APOB_HUMAN,"M+16,2[Oxidation]",M+16[Oxidation],30.312,2.0,P04114,P04114,1,True,282,0.8392857142857143,0.16071428571428573,47,0.8103448275862069,25.736576604830546,25.625069607739224
1486,.VTMSV-28.031DTSK.__missing,3.776597755071785e-06,missingness,.VTMSV-28.031DTSK,,,,,,,,,0,False,0,0.0,1.0,0,0.0,,
1487,.FATTFYQHLADSKNDNDNIFLSPLSISTAFAM+15.995TK.__missing,3.7454264780010637e-06,missingness,.FATTFYQHLADSKNDNDNIFLSPLSISTAFAM+15.995TK,,,,,,,,,0,False,0,0.0,1.0,0,0.0,,
1488,.AAVYHHFISD-18.011GVR.__missing,3.6290462441378397e-06,missingness,.AAVYHHFISD-18.011GVR,,,,,,,,,0,False,0,0.0,1.0,0,0.0,,
1489,.EC+57.021C+57.021EKPLLEKSHC+97.016IAEVENDEM+15.995PADLPSLAADFVESK.__missing,3.627035437556088e-06,missingness,.EC+57.021C+57.021EKPLLEKSHC+97.016IAEVENDEM+15.995PADLPSLAADFVESK,,,,,,,,,0,False,0,0.0,1.0,0,0.0,,
1490,.DLATVYVDVLK+28.006DSGRDYVSQFEGSALGK.,3.4343954395675665e-06,abundance,.DLATVYVDVLK+28.006DSGRDYVSQFEGSALGK.,.DLATVYVDVLKDSGRDYVSQFEGSALGK.,sp|P02647|APOA1_HUMAN,"K+28,11[K->R/1]",K+28[K->R/1],54.151,3.0,P02647,P02647,1,True,169,0.5029761904761905,0.49702380952380953,44,0.7586206896551724,27.504612296316488,27.171418841747915
1491,.-17.027QGLLPVLESFK.__missing,3.3649186815259724e-06,missingness,.-17.027QGLLPVLESFK,,,,,,,,,0,False,0,0.0,1.0,0,0.0,,
1492,.QPN-17.027C+119.004DDPETEEAALVAIDYINQNLPWGYK.__missing,3.347339387511134e-06,missingness,.QPN-17.027C+119.004DDPETEEAALVAIDYINQNLPWGYK,,,,,,,,,0,False,0,0.0,1.0,0,0.0,,
1493,.-17.027QLVHHFEIDVDIFEPQGISK.__missing,3.3271945973831874e-06,missingness,.-17.027QLVHHFEIDVDIFEPQGISK,,,,,,,,,0,False,0,0.0,1.0,0,0.0,,
1494,.EGDC+119.004PVQSGK.__missing,3.3190503107527845e-06,missingness,.EGDC+119.004PVQSGK,,,,,,,,,0,False,0,0.0,1.0,0,0.0,,
1495,.AFQPFFVELTM+15.995PYSVIR.__missing,3.308112171411796e-06,missingness,.AFQPFFVELTM+15.995PYSVIR,,,,,,,,,0,False,0,0.0,1.0,0,0.0,,
1496,.AFVA-14.016AWAVAR.__missing,3.287718652819796e-06,missingness,.AFVA-14.016AWAVAR,,,,,,,,,0,False,0,0.0,1.0,0,0.0,,
1497,.VDNALQSGNSQESVTEQDSKDSTYSLSSTLTLSK+42.047.__missing,3.1855874196203197e-06,missingness,.VDNALQSGNSQESVTEQDSKDSTYSLSSTLTLSK+42.047,,,,,,,,,0,False,0,0.0,1.0,0,0.0,,
1498,.-17.027QEPERNEC+47.985FLQHKDDNPNLPR.__missing,3.111755228395514e-06,missingness,.-17.027QEPERNEC+47.985FLQHKDDNPNLPR,,,,,,,,,0,False,0,0.0,1.0,0,0.0,,
1499,.EVQLVESGGG+58.005LVKPGGSLR.__missing,3.0411476422300573e-06,missingness,.EVQLVESGGG+58.005LVKPGGSLR,,,,,,,,,0,False,0,0.0,1.0,0,0.0,,
1500,.LVRPEVDVMC+47.985TAFHDNEETFLK.__missing,3.0191208065322843e-06,missingness,.LVRPEVDVMC+47.985TAFHDNEETFLK,,,,,,,,,0,False,0,0.0,1.0,0,0.0,,
1501,.ISLPESLK+42.047.__missing,3.004509173036288e-06,missingness,.ISLPESLK+42.047,,,,,,,,,0,False,0,0.0,1.0,0,0.0,,
1502,.GFYPSDIAVEWESN+0.984GQPEN+0.984NYK.__missing,2.979009470914614e-06,missingness,.GFYPSDIAVEWESN+0.984GQPEN+0.984NYK,,,,,,,,,0,False,0,0.0,1.0,0,0.0,,
1503,.SPAFTDLH+57.021LR.__missing,2.9764080089506973e-06,missingness,.SPAFTDLH+57.021LR,,,,,,,,,0,False,0,0.0,1.0,0,0.0,,
1504,.AGVE-58.005TTTPSK.__missing,2.9692227292332306e-06,missingness,.AGVE-58.005TTTPSK,,,,,,,,,0,False,0,0.0,1.0,0,0.0,,
1505,.LMIY-15.995EVSK.__missing,2.951803954679512e-06,missingness,.LMIY-15.995EVSK,,,,,,,,,0,False,0,0.0,1.0,0,0.0,,
1506,.QEPERNE+31.990C+57.021FLQHK.__missing,2.9269944121880758e-06,missingness,.QEPERNE+31.990C+57.021FLQHK,,,,,,,,,0,False,0,0.0,1.0,0,0.0,,
1507,.STSESTAALGC+57.021LVKDYFP+3.995EP.__missing,2.8949191903947436e-06,missingness,.STSESTAALGC+57.021LVKDYFP+3.995EP,,,,,,,,,0,False,0,0.0,1.0,0,0.0,,
1508,.LVNEVTEFAK+42.047.__missing,2.843717402197048e-06,missingness,.LVNEVTEFAK+42.047,,,,,,,,,0,False,0,0.0,1.0,0,0.0,,
1509,.GTEAAGAM+15.995FLEAIPM+15.995SIPPEVK.,2.8408413936755165e-06,abundance,.GTEAAGAM+15.995FLEAIPM+15.995SIPPEVK.,.GTEAAGAMFLEAIPMSIPPEVK.,sp|P01009|A1AT_HUMAN;tr|A0A024R6I7|A0A024R6I7_HUMAN,"M+16,8[Oxidation] & M+16,15[Oxidation]",M+16[Oxidation],10.163,2.0,P01009,P01009;A0A024R6I7,2,False,318,0.9464285714285714,0.05357142857142857,52,0.896551724137931,28.66884842295641,28.306920722108384
1510,.ADGESC-33.988SASMMYQEGK.__missing,2.83355308218953e-06,missingness,.ADGESC-33.988SASMMYQEGK,,,,,,,,,0,False,0,0.0,1.0,0,0.0,,
1511,.ATLVC+47.985LISDFYPGAVTVAWK.__missing,2.8300835081929496e-06,missingness,.ATLVC+47.985LISDFYPGAVTVAWK,,,,,,,,,0,False,0,0.0,1.0,0,0.0,,
1512,.SPPTM+15.995VDSLLAVTLAGNLGLTFLR.__missing,2.8155486919698283e-06,missingness,.SPPTM+15.995VDSLLAVTLAGNLGLTFLR,,,,,,,,,0,False,0,0.0,1.0,0,0.0,,
1513,.SPVGVQPILNEHTFC-33.988AGMSK.__missing,2.8114496391092847e-06,missingness,.SPVGVQPILNEHTFC-33.988AGMSK,,,,,,,,,0,False,0,0.0,1.0,0,0.0,,
1514,.QGLLPVLE+42.047SFK.__missing,2.8096705512057506e-06,missingness,.QGLLPVLE+42.047SFK,,,,,,,,,0,False,0,0.0,1.0,0,0.0,,
1515,.AGVETTTPSK+28.006.__missing,2.807979248888708e-06,missingness,.AGVETTTPSK+28.006,,,,,,,,,0,False,0,0.0,1.0,0,0.0,,
1516,.SLPAPWLSM+15.995APVSWITPGLK.__missing,2.8065264714024878e-06,missingness,.SLPAPWLSM+15.995APVSWITPGLK,,,,,,,,,0,False,0,0.0,1.0,0,0.0,,
1517,.VK+27.995SPELQAEAK.__missing,2.803393474194751e-06,missingness,.VK+27.995SPELQAEAK,,,,,,,,,0,False,0,0.0,1.0,0,0.0,,
1518,.VYAC+305.068EVTHQGLSSPVTKSFNR.__missing,2.7736913265917024e-06,missingness,.VYAC+305.068EVTHQGLSSPVTKSFNR,,,,,,,,,0,False,0,0.0,1.0,0,0.0,,
1519,.AGTELVNFLSYFVE+42.047LGTQPATQ.__missing,2.768367529002739e-06,missingness,.AGTELVNFLSYFVE+42.047LGTQPATQ,,,,,,,,,0,False,0,0.0,1.0,0,0.0,,
1520,.FNWYVDGVEVHNAK+57.021.__missing,2.760227813646152e-06,missingness,.FNWYVDGVEVHNAK+57.021,,,,,,,,,0,False,0,0.0,1.0,0,0.0,,
1521,.AGVE+57.021TTTPSK.__missing,2.7525114602944667e-06,missingness,.AGVE+57.021TTTPSK,,,,,,,,,0,False,0,0.0,1.0,0,0.0,,
1522,.QLYNVEATSYALLALLQLK+42.047.__missing,2.7484362145272455e-06,missingness,.QLYNVEATSYALLALLQLK+42.047,,,,,,,,,0,False,0,0.0,1.0,0,0.0,,
1523,.HYEGSTVPEKK+42.047.__missing,2.745794085825019e-06,missingness,.HYEGSTVPEKK+42.047,,,,,,,,,0,False,0,0.0,1.0,0,0.0,,
1524,.SYSC+63.962QVTHEGSTVEK.__missing,2.7454866658899687e-06,missingness,.SYSC+63.962QVTHEGSTVEK,,,,,,,,,0,False,0,0.0,1.0,0,0.0,,
1525,.NEC+119.004FLQHK.__missing,2.74285055085757e-06,missingness,.NEC+119.004FLQHK,,,,,,,,,0,False,0,0.0,1.0,0,0.0,,
1526,.SAVTALW+15.995GK.__missing,2.7202496394444763e-06,missingness,.SAVTALW+15.995GK,,,,,,,,,0,False,0,0.0,1.0,0,0.0,,
1527,.LN+0.984NGEITQHR.__missing,2.710446130114661e-06,missingness,.LN+0.984NGEITQHR,,,,,,,,,0,False,0,0.0,1.0,0,0.0,,
1528,.EFNAETFTFHADIC+58.042TLSEKERQIK.__missing,2.676925355350965e-06,missingness,.EFNAETFTFHADIC+58.042TLSEKERQIK,,,,,,,,,0,False,0,0.0,1.0,0,0.0,,
1529,.DVFLGM+15.995FLYEYAR.__missing,2.6769137875813398e-06,missingness,.DVFLGM+15.995FLYEYAR,,,,,,,,,0,False,0,0.0,1.0,0,0.0,,
1530,.FKN+0.984GMLHGDK.,2.5692789492564666e-06,abundance,.FKN+0.984GMLHGDK.,.FKNGMLHGDK.,sp|P02749|APOH_HUMAN,"N+1,3[Deamidated]",N+1[Deamidated],0.0,2.0,P02749,P02749,1,True,327,0.9732142857142857,0.026785714285714284,55,0.9482758620689655,27.632245827068132,27.61773526369638
1531,.SMGGKEDLIWELLNQAQEHFGK+57.021DK.__missing,2.4747536576425553e-06,missingness,.SMGGKEDLIWELLNQAQEHFGK+57.021DK,,,,,,,,,0,False,0,0.0,1.0,0,0.0,,
1532,.YYWGGQYTWDMAK+42.047.__missing,2.449359648459625e-06,missingness,.YYWGGQYTWDMAK+42.047,,,,,,,,,0,False,0,0.0,1.0,0,0.0,,
1533,.HRHPDEAAFFDT-18.011ASTGK.__missing,2.411119895745388e-06,missingness,.HRHPDEAAFFDT-18.011ASTGK,,,,,,,,,0,False,0,0.0,1.0,0,0.0,,
1534,.DVFLGMFLYE+57.021YAR.__missing,2.3925786787301688e-06,missingness,.DVFLGMFLYE+57.021YAR,,,,,,,,,0,False,0,0.0,1.0,0,0.0,,
1535,.LGMFNIQHC+119.004K.__missing,2.3766732857747467e-06,missingness,.LGMFNIQHC+119.004K,,,,,,,,,0,False,0,0.0,1.0,0,0.0,,
1536,.NYAEAK+57.021DVFLGMFLYEYAR.__missing,2.3733707418353346e-06,missingness,.NYAEAK+57.021DVFLGMFLYEYAR,,,,,,,,,0,False,0,0.0,1.0,0,0.0,,
1537,.HY+15.995EGSTVPEKK.__missing,2.365950309291025e-06,missingness,.HY+15.995EGSTVPEKK,,,,,,,,,0,False,0,0.0,1.0,0,0.0,,
1538,.TM+15.995TIHN+0.984GMFFSTYDRDNDGWLTSDPR.__missing,2.3600678689245873e-06,missingness,.TM+15.995TIHN+0.984GMFFSTYDRDNDGWLTSDPR,,,,,,,,,0,False,0,0.0,1.0,0,0.0,,
1539,.IH+57.021WESASLLR.__missing,2.1366175076188737e-06,missingness,.IH+57.021WESASLLR,,,,,,,,,0,False,0,0.0,1.0,0,0.0,,
1540,.R-28.006LVRPEVDVMC+57.021TAFHDNEETFLK.__missing,2.0053602858079074e-06,missingness,.R-28.006LVRPEVDVMC+57.021TAFHDNEETFLK,,,,,,,,,0,False,0,0.0,1.0,0,0.0,,
1541,.ED-18.011LIWELLNQAQEHFGK.,1.7266793183091e-06,abundance,.ED-18.011LIWELLNQAQEHFGK.,.EDLIWELLNQAQEHFGK.,sp|P02787|TRFE_HUMAN,"D-18,2[Dehydrated]",D-18[Dehydrated],1000.0,2.0,P02787,P02787,1,True,318,0.9464285714285714,0.05357142857142857,52,0.896551724137931,25.764618822516404,25.727678494299155
1542,.SMGGKEDLIWELLNQAQEH+57.021FGK.__missing,1.5942312316675575e-06,missingness,.SMGGKEDLIWELLNQAQEH+57.021FGK,,,,,,,,,0,False,0,0.0,1.0,0,0.0,,
1543,.D+42.047DNPNLPR.__missing,1.5858917542759003e-06,missingness,.D+42.047DNPNLPR,,,,,,,,,0,False,0,0.0,1.0,0,0.0,,
1544,.QEPERN-17.027EC-33.988FLQHKDDNPNLPR.__missing,1.583620921563558e-06,missingness,.QEPERN-17.027EC-33.988FLQHKDDNPNLPR,,,,,,,,,0,False,0,0.0,1.0,0,0.0,,
1545,.LRTEGDGVYTLNDK+0.948K.__missing,1.5274561307655317e-06,missingness,.LRTEGDGVYTLNDK+0.948K,,,,,,,,,0,False,0,0.0,1.0,0,0.0,,
1546,.VDNALQSGNSQESVTEQD-18.011SKDSTYSLSSTLTLSK.__missing,1.5136948182123506e-06,missingness,.VDNALQSGNSQESVTEQD-18.011SKDSTYSLSSTLTLSK,,,,,,,,,0,False,0,0.0,1.0,0,0.0,,
1547,.GHGLGHGH+57.021EQQHGLGHGHK.__missing,1.498513649234828e-06,missingness,.GHGLGHGH+57.021EQQHGLGHGHK,,,,,,,,,0,False,0,0.0,1.0,0,0.0,,
1548,.M+15.995YQM+15.995DIQQELQR.,1.2493147177708821e-06,abundance,.M+15.995YQM+15.995DIQQELQR.,.MYQMDIQQELQR.,sp|P04114|APOB_HUMAN,"M+16,1[Oxidation] & M+16,4[Oxidation]",M+16[Oxidation],7.948,2.0,P04114,P04114,1,True,185,0.5505952380952381,0.4494047619047619,46,0.7931034482758621,26.466598939191588,26.313776657160805
1549,.M+15.995ADEAGSEADHEGTHSTKRG.__missing,1.1850996189320808e-06,missingness,.M+15.995ADEAGSEADHEGTHSTKRG,,,,,,,,,0,False,0,0.0,1.0,0,0.0,,
1550,.TEGDGVYTLN+0.984DK.__missing,1.1846639390957325e-06,missingness,.TEGDGVYTLN+0.984DK,,,,,,,,,0,False,0,0.0,1.0,0,0.0,,
1551,.ELTPEVLQEWLDELEEMM+15.995LVVHMPR.__missing,1.0364849491961577e-06,missingness,.ELTPEVLQEWLDELEEMM+15.995LVVHMPR,,,,,,,,,0,False,0,0.0,1.0,0,0.0,,
1552,.GAYQN+0.984NEIK.__missing,8.962839954506591e-07,missingness,.GAYQN+0.984NEIK,,,,,,,,,0,False,0,0.0,1.0,0,0.0,,
1553,.EWFWDLATGTM+15.995K.__missing,8.845665560614234e-07,missingness,.EWFWDLATGTM+15.995K,,,,,,,,,0,False,0,0.0,1.0,0,0.0,,
1554,.VSM+15.995MQTK.__missing,8.435792256380928e-07,missingness,.VSM+15.995MQTK,,,,,,,,,0,False,0,0.0,1.0,0,0.0,,
1555,.GTYGLSC+47.985QRDPNTGR.,8.230404226086333e-07,abundance,.GTYGLSC+47.985QRDPNTGR.,.GTYGLSCQRDPNTGR.,sp|P04114|APOB_HUMAN,"C+48,7[Trioxidation]",C+48[Trioxidation],0.0,2.0,P04114,P04114,1,True,288,0.8571428571428571,0.14285714285714285,51,0.8793103448275862,26.626914468787298,26.146192810826673
1556,.AGTELVNFLSYFVE+37.956LGTQPAT.__missing,7.879335919739894e-07,missingness,.AGTELVNFLSYFVE+37.956LGTQPAT,,,,,,,,,0,False,0,0.0,1.0,0,0.0,,
1557,.LIVAM+15.995SSWLQK.__missing,7.289297545625165e-07,missingness,.LIVAM+15.995SSWLQK,,,,,,,,,0,False,0,0.0,1.0,0,0.0,,
1558,.TDTSHHDQDHPTFN+0.984K.__missing,7.166346361258429e-07,missingness,.TDTSHHDQDHPTFN+0.984K,,,,,,,,,0,False,0,0.0,1.0,0,0.0,,
1559,.HLIVTPSGC+47.985GEQNMIGM+15.995TPTVIAVHYLDETEQWEK.__missing,6.698781898487974e-07,missingness,.HLIVTPSGC+47.985GEQNMIGM+15.995TPTVIAVHYLDETEQWEK,,,,,,,,,0,False,0,0.0,1.0,0,0.0,,
1560,.TLQGIPQM+15.995IGEVIR.__missing,5.736563976232535e-07,missingness,.TLQGIPQM+15.995IGEVIR,,,,,,,,,0,False,0,0.0,1.0,0,0.0,,
1561,.IYHSH+57.021IDAPK.__missing,5.471888433107714e-07,missingness,.IYHSH+57.021IDAPK,,,,,,,,,0,False,0,0.0,1.0,0,0.0,,
1562,.-17.027QHLGDVLNFLPL.__missing,4.837855142905431e-07,missingness,.-17.027QHLGDVLNFLPL,,,,,,,,,0,False,0,0.0,1.0,0,0.0,,
1563,.ALVLIAFAQYLQQC+47.985PFEDH+57.021VK.__missing,4.788276031304325e-07,missingness,.ALVLIAFAQYLQQC+47.985PFEDH+57.021VK,,,,,,,,,0,False,0,0.0,1.0,0,0.0,,
1564,.HQGVMVGM+15.995GQK.__missing,3.9164734233082564e-07,missingness,.HQGVMVGM+15.995GQK,,,,,,,,,0,False,0,0.0,1.0,0,0.0,,
1565,.Q+0.984GHNSVFLIK.__missing,3.9125212155681276e-07,missingness,.Q+0.984GHNSVFLIK,,,,,,,,,0,False,0,0.0,1.0,0,0.0,,
1566,.ELTPEVLQEWLDELEEMMLVVHM+15.995PR.__missing,3.5311155263686277e-07,missingness,.ELTPEVLQEWLDELEEMMLVVHM+15.995PR,,,,,,,,,0,False,0,0.0,1.0,0,0.0,,
1567,.LGMFNIQHC+47.985K.__missing,3.392102031796099e-07,missingness,.LGMFNIQHC+47.985K,,,,,,,,,0,False,0,0.0,1.0,0,0.0,,
1568,.FKDLGEENFK+42.047.__missing,2.4193293821301583e-07,missingness,.FKDLGEENFK+42.047,,,,,,,,,0,False,0,0.0,1.0,0,0.0,,
1569,.TFPGFFSPMLGE+37.956FVSETESR.__missing,2.3626232914483957e-07,missingness,.TFPGFFSPMLGE+37.956FVSETESR,,,,,,,,,0,False,0,0.0,1.0,0,0.0,,
1570,.YIC+316.138ENQDSISSK.__missing,2.3560864294285344e-07,missingness,.YIC+316.138ENQDSISSK,,,,,,,,,0,False,0,0.0,1.0,0,0.0,,
1571,.FQNALLVR+72.021YTK.__missing,2.3478676106387825e-07,missingness,.FQNALLVR+72.021YTK,,,,,,,,,0,False,0,0.0,1.0,0,0.0,,
1572,.VFSNGADLSGVTEEAPLK+42.047.__missing,2.3478234457345446e-07,missingness,.VFSNGADLSGVTEEAPLK+42.047,,,,,,,,,0,False,0,0.0,1.0,0,0.0,,
1573,.LHELQEK+57.021LSPLGEEMRDR.__missing,2.3459693318347794e-07,missingness,.LHELQEK+57.021LSPLGEEMRDR,,,,,,,,,0,False,0,0.0,1.0,0,0.0,,
1574,.TVAAPSVFIFPPSD+21.982EQLK.__missing,2.3406037439831002e-07,missingness,.TVAAPSVFIFPPSD+21.982EQLK,,,,,,,,,0,False,0,0.0,1.0,0,0.0,,
1575,.SPELQAEAK+42.047.__missing,2.3192781067917162e-07,missingness,.SPELQAEAK+42.047,,,,,,,,,0,False,0,0.0,1.0,0,0.0,,
1576,.+57.021VDNALQSGNSQESVTEQDSK.__missing,2.2977071556747102e-07,missingness,.+57.021VDNALQSGNSQESVTEQDSK,,,,,,,,,0,False,0,0.0,1.0,0,0.0,,
1577,.GLLIFDASSSWGPQM+15.995SASVHLDSK.__missing,2.277259847608595e-07,missingness,.GLLIFDASSSWGPQM+15.995SASVHLDSK,,,,,,,,,0,False,0,0.0,1.0,0,0.0,,
1578,.LKEC+57.021C+57.021EKPLLE+37.956KSHC+31.990IAEVENDEMPADLPSLAADFVESK.__missing,2.270219191479872e-07,missingness,.LKEC+57.021C+57.021EKPLLE+37.956KSHC+31.990IAEVENDEMPADLPSLAADFVESK,,,,,,,,,0,False,0,0.0,1.0,0,0.0,,
1579,.QK+42.011LHELQEK.,2.2589523331284256e-07,abundance,.QK+42.011LHELQEK.,.QKLHELQEK.,sp|P02647|APOA1_HUMAN;tr|F8W696|F8W696_HUMAN,"K+42,2[Acetyl]",K+42[Acetyl],1000.0,2.0,P02647,P02647;F8W696,2,False,186,0.5535714285714286,0.44642857142857145,37,0.6379310344827587,24.84303004221091,24.622375801092105
1580,.LHLETDSLALVALGALDTALYAAGSK+42.047.__missing,2.251919530470529e-07,missingness,.LHLETDSLALVALGALDTALYAAGSK+42.047,,,,,,,,,0,False,0,0.0,1.0,0,0.0,,
1581,.SGNTFRPEVHLLPPPSEELALNELVTLTC-33.988LAR.__missing,2.2447899171920467e-07,missingness,.SGNTFRPEVHLLPPPSEELALNELVTLTC-33.988LAR,,,,,,,,,0,False,0,0.0,1.0,0,0.0,,
1582,.HQM+15.995DLVATLSQLGLQELFQAPDLR.__missing,2.2058525232157095e-07,missingness,.HQM+15.995DLVATLSQLGLQELFQAPDLR,,,,,,,,,0,False,0,0.0,1.0,0,0.0,,
1583,.HYEGSTVPEK+57.021.__missing,2.2009464929268465e-07,missingness,.HYEGSTVPEK+57.021,,,,,,,,,0,False,0,0.0,1.0,0,0.0,,
1584,.VK+27.995SPELQAEAK.,2.1936038598333447e-07,abundance,.VK+27.995SPELQAEAK.,.VKSPELQAEAK.,sp|P02652|APOA2_HUMAN;tr|V9GYC1|V9GYC1_HUMAN;tr|V9GYE3|V9GYE3_HUMAN;tr|V9GYG9|V9GYG9_HUMAN;tr|V9GYM3|V9GYM3_HUMAN;tr|V9GYS1|V9GYS1_HUMAN,"K+28,2[Formyl]",K+28[Formyl],1000.0,2.0,P02652,P02652;V9GYC1;V9GYE3;V9GYG9;V9GYM3;V9GYS1,6,False,245,0.7291666666666666,0.2708333333333333,47,0.8103448275862069,26.350896771528948,25.880514644642723
1585,.ATLV+31.972C+57.021LISDFYPGAVTVAWK.__missing,2.1643063110202972e-07,missingness,.ATLV+31.972C+57.021LISDFYPGAVTVAWK,,,,,,,,,0,False,0,0.0,1.0,0,0.0,,
1586,.EIVLTQSPGTL-14.016SLSPGER.__missing,2.0887350031626655e-07,missingness,.EIVLTQSPGTL-14.016SLSPGER,,,,,,,,,0,False,0,0.0,1.0,0,0.0,,
1587,.EQLGPVTQEFW+3.995DNLEK.__missing,2.047081162143171e-07,missingness,.EQLGPVTQEFW+3.995DNLEK,,,,,,,,,0,False,0,0.0,1.0,0,0.0,,
1588,.QGLLPVLESFK+42.047.__missing,1.7307404549204288e-07,missingness,.QGLLPVLESFK+42.047,,,,,,,,,0,False,0,0.0,1.0,0,0.0,,
1589,.C+24.995PFEDHVK.__missing,1.722315018299281e-07,missingness,.C+24.995PFEDHVK,,,,,,,,,0,False,0,0.0,1.0,0,0.0,,
1590,.NSLFE+57.021YQK.__missing,1.614654204905741e-07,missingness,.NSLFE+57.021YQK,,,,,,,,,0,False,0,0.0,1.0,0,0.0,,
1591,.M-1.998ELERPGGNEITR.__missing,1.6117802446347747e-07,missingness,.M-1.998ELERPGGNEITR,,,,,,,,,0,False,0,0.0,1.0,0,0.0,,
1592,.-17.027QGFEPPSFVGWFLGWDDDYWSVDPLDR.__missing,1.5095667167750893e-07,missingness,.-17.027QGFEPPSFVGWFLGWDDDYWSVDPLDR,,,,,,,,,0,False,0,0.0,1.0,0,0.0,,
1593,.MLEEIM+15.995KYEASILTHDSSIR.__missing,1.3016592174782925e-07,missingness,.MLEEIM+15.995KYEASILTHDSSIR,,,,,,,,,0,False,0,0.0,1.0,0,0.0,,
1594,.AQLVPLPPSTYVEFTVSGTDC-33.988VAKEATEAAK.__missing,9.078013450893082e-08,missingness,.AQLVPLPPSTYVEFTVSGTDC-33.988VAKEATEAAK,,,,,,,,,0,False,0,0.0,1.0,0,0.0,,
1595,.HVIILMTDGLHNM+15.995GGDPITVIDEIR.__missing,4.6689569538965775e-08,missingness,.HVIILMTDGLHNM+15.995GGDPITVIDEIR,,,,,,,,,0,False,0,0.0,1.0,0,0.0,,
1596,.LNTDIAGLASAIDM+15.995STNYNSDSLHFSNVFR.__missing,4.036422482723839e-08,missingness,.LNTDIAGLASAIDM+15.995STNYNSDSLHFSNVFR,,,,,,,,,0,False,0,0.0,1.0,0,0.0,,
1597,.SYSC+305.068QVTHEGSTVEK.__missing,1.2300366214713116e-08,missingness,.SYSC+305.068QVTHEGSTVEK,,,,,,,,,0,False,0,0.0,1.0,0,0.0,,
1598,.LGEHNIDVLEGNEQFINAAK+28.031IITHPNFNGNTLDNDIMLIK.__missing,8.832976150994334e-09,missingness,.LGEHNIDVLEGNEQFINAAK+28.031IITHPNFNGNTLDNDIMLIK,,,,,,,,,0,False,0,0.0,1.0,0,0.0,,
1599,.SVPM+15.995VPPGIK.__missing,8.200778083662712e-16,missingness,.SVPM+15.995VPPGIK,,,,,,,,,0,False,0,0.0,1.0,0,0.0,,
1600,.GTEAAGAMFLEAIPMSIPPEVK+42.047.__missing,7.985071167954661e-16,missingness,.GTEAAGAMFLEAIPMSIPPEVK+42.047,,,,,,,,,0,False,0,0.0,1.0,0,0.0,,
1601,.FNWYVDGVE+42.047VHNAK.__missing,7.875329271878909e-16,missingness,.FNWYVDGVE+42.047VHNAK,,,,,,,,,0,False,0,0.0,1.0,0,0.0,,
1602,.VQHPN+0.984GNK.__missing,7.802888497476976e-16,missingness,.VQHPN+0.984GNK,,,,,,,,,0,False,0,0.0,1.0,0,0.0,,
1603,.M-48.003ADEAGSEADHEGTHSTK.__missing,8.338377936297179e-18,missingness,.M-48.003ADEAGSEADHEGTHSTK,,,,,,,,,0,False,0,0.0,1.0,0,0.0,,
1604,.HKVYAC-33.988EVTHQGLSSPVTK.__missing,7.829941295940252e-18,missingness,.HKVYAC-33.988EVTHQGLSSPVTK,,,,,,,,,0,False,0,0.0,1.0,0,0.0,,
1605,.LESDVSAQMEY-76.031C+57.021RTPC+57.021TVSC+57.021NIPVVSGKEC+57.021EEII.__missing,6.302280558815482e-18,missingness,.LESDVSAQMEY-76.031C+57.021RTPC+57.021TVSC+57.021NIPVVSGKEC+57.021EEII,,,,,,,,,0,False,0,0.0,1.0,0,0.0,,
1606,.-17.027QEINSHVEMQTK.__missing,5.508866982936023e-18,missingness,.-17.027QEINSHVEMQTK,,,,,,,,,0,False,0,0.0,1.0,0,0.0,,
1607,.DLATVYVDVLK+28.006DSGRDYVSQFEGSALGK.__missing,5.346183162682557e-18,missingness,.DLATVYVDVLK+28.006DSGRDYVSQFEGSALGK,,,,,,,,,0,False,0,0.0,1.0,0,0.0,,
1608,.SLHTLFGDKLC+63.962TVATLR.__missing,5.326204467593601e-18,missingness,.SLHTLFGDKLC+63.962TVATLR,,,,,,,,,0,False,0,0.0,1.0,0,0.0,,
1609,.DDKHEQDM+15.995VNGIM+15.995LSVEK.__missing,5.308982548588849e-18,missingness,.DDKHEQDM+15.995VNGIM+15.995LSVEK,,,,,,,,,0,False,0,0.0,1.0,0,0.0,,
1610,.DLYSGLIGPLIVC-33.988R.__missing,5.2802988675767695e-18,missingness,.DLYSGLIGPLIVC-33.988R,,,,,,,,,0,False,0,0.0,1.0,0,0.0,,
1611,.HRHPDEAAFFDTASTGK+42.047.__missing,4.723203825115447e-18,missingness,.HRHPDEAAFFDTASTGK+42.047,,,,,,,,,0,False,0,0.0,1.0,0,0.0,,
1612,.GTEAAGAM+15.995FLEAIPMSIPPEVK.__missing,4.489868317320322e-18,missingness,.GTEAAGAM+15.995FLEAIPMSIPPEVK,,,,,,,,,0,False,0,0.0,1.0,0,0.0,,
1613,.AGVETTT-3.995PSK.__missing,4.151823764979181e-18,missingness,.AGVETTT-3.995PSK,,,,,,,,,0,False,0,0.0,1.0,0,0.0,,
1614,.M+15.995SDLGAVISLLLWGR.__missing,3.9794687487637415e-18,missingness,.M+15.995SDLGAVISLLLWGR,,,,,,,,,0,False,0,0.0,1.0,0,0.0,,
1615,.LDELR-42.022DEGK.__missing,3.909881084795002e-18,missingness,.LDELR-42.022DEGK,,,,,,,,,0,False,0,0.0,1.0,0,0.0,,
1616,.SM+15.995GGKEDLIWELLNQAQEHFGKDK.__missing,3.75015310494963e-18,missingness,.SM+15.995GGKEDLIWELLNQAQEHFGKDK,,,,,,,,,0,False,0,0.0,1.0,0,0.0,,
1617,.ETEGLRQEM+31.990SK.__missing,3.69538622824429e-18,missingness,.ETEGLRQEM+31.990SK,,,,,,,,,0,False,0,0.0,1.0,0,0.0,,
1618,.LVTDLTKV+57.033.__missing,3.562432858287001e-18,missingness,.LVTDLTKV+57.033,,,,,,,,,0,False,0,0.0,1.0,0,0.0,,
1619,.VPQTDM+15.995TFR.__missing,3.4426441872371587e-18,missingness,.VPQTDM+15.995TFR,,,,,,,,,0,False,0,0.0,1.0,0,0.0,,
1620,.AYWDIM+15.995ISNHQNSNR.__missing,3.321153857536659e-18,missingness,.AYWDIM+15.995ISNHQNSNR,,,,,,,,,0,False,0,0.0,1.0,0,0.0,,
1621,.TEGDGVYTLNN+0.984EK.__missing,3.285577490192297e-18,missingness,.TEGDGVYTLNN+0.984EK,,,,,,,,,0,False,0,0.0,1.0,0,0.0,,
1622,.GTYGLSC+47.985QRDPNTGR.__missing,3.2728935122206474e-18,missingness,.GTYGLSC+47.985QRDPNTGR,,,,,,,,,0,False,0,0.0,1.0,0,0.0,,
1623,.LLIY-76.031GASTR.__missing,3.183862208124717e-18,missingness,.LLIY-76.031GASTR,,,,,,,,,0,False,0,0.0,1.0,0,0.0,,
1624,.-17.027QGLLPVLESFKVSFLSALEEYTK.__missing,2.8254439865448068e-18,missingness,.-17.027QGLLPVLESFKVSFLSALEEYTK,,,,,,,,,0,False,0,0.0,1.0,0,0.0,,
1625,.YEASILTHD-18.011SSIR.__missing,2.7494638966096134e-18,missingness,.YEASILTHD-18.011SSIR,,,,,,,,,0,False,0,0.0,1.0,0,0.0,,
1626,.-17.027QLYNVEATSYALLALLQLKDFDFVPPVVR.__missing,2.672436028593282e-18,missingness,.-17.027QLYNVEATSYALLALLQLKDFDFVPPVVR,,,,,,,,,0,False,0,0.0,1.0,0,0.0,,
1627,.D-18.011VFLGMFLYEYAR.__missing,2.444692657910141e-18,missingness,.D-18.011VFLGMFLYEYAR,,,,,,,,,0,False,0,0.0,1.0,0,0.0,,
1628,.YIC+63.962ENQDSISSK.__missing,2.1896010257030286e-18,missingness,.YIC+63.962ENQDSISSK,,,,,,,,,0,False,0,0.0,1.0,0,0.0,,
1629,.SLNEEAVK+57.021K.__missing,2.1857362089482095e-18,missingness,.SLNEEAVK+57.021K,,,,,,,,,0,False,0,0.0,1.0,0,0.0,,
1630,.VFDEFKPLVEEPQNLIKQNC-33.988ELFEQLGEYK.__missing,2.1612778427552023e-18,missingness,.VFDEFKPLVEEPQNLIKQNC-33.988ELFEQLGEYK,,,,,,,,,0,False,0,0.0,1.0,0,0.0,,
1631,.LQHLENE+57.021LTHDIITK.__missing,2.0472101833375285e-18,missingness,.LQHLENE+57.021LTHDIITK,,,,,,,,,0,False,0,0.0,1.0,0,0.0,,
1632,.-17.027QKLHELQEK.__missing,1.8608941574235547e-18,missingness,.-17.027QKLHELQEK,,,,,,,,,0,False,0,0.0,1.0,0,0.0,,
1633,.ENFLFLTPDC+15.995KSLWNGDTGECTDNAYIDIQLR.__missing,1.8374258955453363e-18,missingness,.ENFLFLTPDC+15.995KSLWNGDTGECTDNAYIDIQLR,,,,,,,,,0,False,0,0.0,1.0,0,0.0,,
1634,.RHP+15.995Y+15.995FYAPELLFFAK.__missing,1.8353466059960102e-18,missingness,.RHP+15.995Y+15.995FYAPELLFFAK,,,,,,,,,0,False,0,0.0,1.0,0,0.0,,
1635,.STAAM+15.995STYTGIFTDQVLSVLK.__missing,1.7816269638886692e-18,missingness,.STAAM+15.995STYTGIFTDQVLSVLK,,,,,,,,,0,False,0,0.0,1.0,0,0.0,,
1636,.TIDQM+15.995LNSELQWPVPDIYLR.__missing,1.3647964583401728e-18,missingness,.TIDQM+15.995LNSELQWPVPDIYLR,,,,,,,,,0,False,0,0.0,1.0,0,0.0,,
1637,.DMYSFLEDMGLK+42.047.__missing,1.3073228983595386e-18,missingness,.DMYSFLEDMGLK+42.047,,,,,,,,,0,False,0,0.0,1.0,0,0.0,,
1638,.RH+57.021PYFYAPELLFFAK.__missing,1.188917045139723e-18,missingness,.RH+57.021PYFYAPELLFFAK,,,,,,,,,0,False,0,0.0,1.0,0,0.0,,
1639,.DVMQGTDEHVVC+57.021KVQHPN+0.984GNKEK.__missing,1.1404195731121116e-18,missingness,.DVMQGTDEHVVC+57.021KVQHPN+0.984GNKEK,,,,,,,,,0,False,0,0.0,1.0,0,0.0,,
1640,.-18.011ELTPEVLQEWLDELEEMMLVVHMPR.__missing,1.0569109024766226e-18,missingness,.-18.011ELTPEVLQEWLDELEEMMLVVHMPR,,,,,,,,,0,False,0,0.0,1.0,0,0.0,,
1641,.EVGTPHGIILDSVDAAFIC-33.988PGSSR.__missing,1.0399025164126955e-18,missingness,.EVGTPHGIILDSVDAAFIC-33.988PGSSR,,,,,,,,,0,False,0,0.0,1.0,0,0.0,,
1642,.AGVETTT-30.011PSK.__missing,9.905851602735218e-19,missingness,.AGVETTT-30.011PSK,,,,,,,,,0,False,0,0.0,1.0,0,0.0,,
1643,.+27.995AKVQPYLDDFQK.__missing,8.715792465092167e-19,missingness,.+27.995AKVQPYLDDFQK,,,,,,,,,0,False,0,0.0,1.0,0,0.0,,
1644,.ALM+15.995DETMK.__missing,8.14472260339857e-19,missingness,.ALM+15.995DETMK,,,,,,,,,0,False,0,0.0,1.0,0,0.0,,
1645,.+57.021VVSVLTVLHQDWLNGK.__missing,7.858764195415528e-19,missingness,.+57.021VVSVLTVLHQDWLNGK,,,,,,,,,0,False,0,0.0,1.0,0,0.0,,
1646,.NALFC-33.988LESAWK.__missing,7.718991828428189e-19,missingness,.NALFC-33.988LESAWK,,,,,,,,,0,False,0,0.0,1.0,0,0.0,,
1647,.LSN+0.984ENHGIAQR.__missing,7.155558300140194e-19,missingness,.LSN+0.984ENHGIAQR,,,,,,,,,0,False,0,0.0,1.0,0,0.0,,
1648,.YLQ+0.984EIYNSNNQK.__missing,6.590234955773707e-19,missingness,.YLQ+0.984EIYNSNNQK,,,,,,,,,0,False,0,0.0,1.0,0,0.0,,
1649,.+12.000C+57.021KADDKETC+57.021FAEEGK.__missing,6.228073007517445e-19,missingness,.+12.000C+57.021KADDKETC+57.021FAEEGK,,,,,,,,,0,False,0,0.0,1.0,0,0.0,,
1650,.Q+0.984VGSGVTTDQVQAEAK.__missing,5.633633772106576e-19,missingness,.Q+0.984VGSGVTTDQVQAEAK,,,,,,,,,0,False,0,0.0,1.0,0,0.0,,
1651,.FTI-14.016SRDDSK.__missing,5.379798105306153e-19,missingness,.FTI-14.016SRDDSK,,,,,,,,,0,False,0,0.0,1.0,0,0.0,,
1652,.ALVLIAFAQYLQQC-33.988PFEDHVK.__missing,5.348535468564896e-19,missingness,.ALVLIAFAQYLQQC-33.988PFEDHVK,,,,,,,,,0,False,0,0.0,1.0,0,0.0,,
1653,.TC+119.004VADESAENC+57.021DK.__missing,5.341543089282423e-19,missingness,.TC+119.004VADESAENC+57.021DK,,,,,,,,,0,False,0,0.0,1.0,0,0.0,,
1654,.VVSVLTVLHQD+37.956WLNGK.__missing,5.307102715906827e-19,missingness,.VVSVLTVLHQD+37.956WLNGK,,,,,,,,,0,False,0,0.0,1.0,0,0.0,,
1655,.IAQWQSFQLEGGLK+42.047.__missing,5.043504890562071e-19,missingness,.IAQWQSFQLEGGLK+42.047,,,,,,,,,0,False,0,0.0,1.0,0,0.0,,
1656,.VLGAFSD-18.011GLAHLDNLK.__missing,4.975894103491171e-19,missingness,.VLGAFSD-18.011GLAHLDNLK,,,,,,,,,0,False,0,0.0,1.0,0,0.0,,
1657,.HQGVM+15.995VGMGQK.__missing,4.960315912739262e-19,missingness,.HQGVM+15.995VGMGQK,,,,,,,,,0,False,0,0.0,1.0,0,0.0,,
1658,.TSEVK+57.021QLIK.__missing,4.9583101951677815e-19,missingness,.TSEVK+57.021QLIK,,,,,,,,,0,False,0,0.0,1.0,0,0.0,,
1659,.LVRPEVDVMC+63.962TAFHDNEETFLKK.__missing,4.702980487054302e-19,missingness,.LVRPEVDVMC+63.962TAFHDNEETFLKK,,,,,,,,,0,False,0,0.0,1.0,0,0.0,,
1660,.QYRN+0.984GESVKLHLETDSLALVALGALDTALYAAGSK.__missing,4.672212815669698e-19,missingness,.QYRN+0.984GESVKLHLETDSLALVALGALDTALYAAGSK,,,,,,,,,0,False,0,0.0,1.0,0,0.0,,
1661,.VLGAFSDGLAHLDNLK+42.047.__missing,4.611986477193711e-19,missingness,.VLGAFSDGLAHLDNLK+42.047,,,,,,,,,0,False,0,0.0,1.0,0,0.0,,
1662,.ETEGLRQEM+15.995SK.__missing,4.195170308002971e-19,missingness,.ETEGLRQEM+15.995SK,,,,,,,,,0,False,0,0.0,1.0,0,0.0,,
1663,.+57.021ILGGHLDAK.__missing,4.12237231215133e-19,missingness,.+57.021ILGGHLDAK,,,,,,,,,0,False,0,0.0,1.0,0,0.0,,
1664,.TDTSHH+57.021DQDHPTFNK.__missing,4.0669340220934097e-19,missingness,.TDTSHH+57.021DQDHPTFNK,,,,,,,,,0,False,0,0.0,1.0,0,0.0,,
1665,.TPLGDTTHTCPRC+15.995PEPK.__missing,4.0647885023591353e-19,missingness,.TPLGDTTHTCPRC+15.995PEPK,,,,,,,,,0,False,0,0.0,1.0,0,0.0,,
1666,.SKEQLT-18.011PLIK.__missing,4.0576231160987225e-19,missingness,.SKEQLT-18.011PLIK,,,,,,,,,0,False,0,0.0,1.0,0,0.0,,
1667,.TLNQPD+37.947SQLQLTTGNGLFLSEGLK.__missing,3.3422010104755804e-19,missingness,.TLNQPD+37.947SQLQLTTGNGLFLSEGLK,,,,,,,,,0,False,0,0.0,1.0,0,0.0,,
1668,.+43.006LDELRDEGK.__missing,3.2647710423405943e-19,missingness,.+43.006LDELRDEGK,,,,,,,,,0,False,0,0.0,1.0,0,0.0,,
1669,.-17.027QNMIGMTPTVIAVHYLDETEQWEK.__missing,3.1407011788598266e-19,missingness,.-17.027QNMIGMTPTVIAVHYLDETEQWEK,,,,,,,,,0,False,0,0.0,1.0,0,0.0,,
1670,.LTIGEGQQHH+57.021LGGAK.__missing,3.106432762896669e-19,missingness,.LTIGEGQQHH+57.021LGGAK,,,,,,,,,0,False,0,0.0,1.0,0,0.0,,
1671,.YGM+15.995VAQVTQTLK.__missing,2.809249036832621e-19,missingness,.YGM+15.995VAQVTQTLK,,,,,,,,,0,False,0,0.0,1.0,0,0.0,,
1672,.ETEGLRQEM+15.995SKDLEEVK.__missing,2.7517892803847483e-19,missingness,.ETEGLRQEM+15.995SKDLEEVK,,,,,,,,,0,False,0,0.0,1.0,0,0.0,,
1673,.EFNAETFTFHADIC+57.021TLSEK+42.047.__missing,2.6774023815264967e-19,missingness,.EFNAETFTFHADIC+57.021TLSEK+42.047,,,,,,,,,0,False,0,0.0,1.0,0,0.0,,
1674,.VGFYESDVM-48.003GR.__missing,2.4502456300692214e-19,missingness,.VGFYESDVM-48.003GR,,,,,,,,,0,False,0,0.0,1.0,0,0.0,,
1675,.VVSVLTVLHQDWLN+0.984GK.__missing,2.3187239309127195e-19,missingness,.VVSVLTVLHQDWLN+0.984GK,,,,,,,,,0,False,0,0.0,1.0,0,0.0,,
1676,.TFPGFFSPMLGE+42.047FVSETESR.__missing,2.2218725557489497e-19,missingness,.TFPGFFSPMLGE+42.047FVSETESR,,,,,,,,,0,False,0,0.0,1.0,0,0.0,,
1677,.ITC-33.988QGDSLR.__missing,2.1265944053178464e-19,missingness,.ITC-33.988QGDSLR,,,,,,,,,0,False,0,0.0,1.0,0,0.0,,
1678,.VVAGVAN+0.984ALAHK.__missing,2.0153121481412006e-19,missingness,.VVAGVAN+0.984ALAHK,,,,,,,,,0,False,0,0.0,1.0,0,0.0,,
1679,.TSTADYAMFK+42.047.__missing,1.9873168824115852e-19,missingness,.TSTADYAMFK+42.047,,,,,,,,,0,False,0,0.0,1.0,0,0.0,,
1680,.+57.021GGSTSYGTGSETESPR.__missing,1.7728090673182635e-19,missingness,.+57.021GGSTSYGTGSETESPR,,,,,,,,,0,False,0,0.0,1.0,0,0.0,,
1681,.IK+42.011QSELSAK.__missing,1.7295308897284172e-19,missingness,.IK+42.011QSELSAK,,,,,,,,,0,False,0,0.0,1.0,0,0.0,,
1682,.AGVETTTPSK+58.005QSNNK.__missing,1.7075296332592529e-19,missingness,.AGVETTTPSK+58.005QSNNK,,,,,,,,,0,False,0,0.0,1.0,0,0.0,,
1683,.TEGDGVYTLN+0.984NEK.__missing,1.5084284313104153e-19,missingness,.TEGDGVYTLN+0.984NEK,,,,,,,,,0,False,0,0.0,1.0,0,0.0,,
1684,.KMLEEIM+15.995K.__missing,1.4335201920916684e-19,missingness,.KMLEEIM+15.995K,,,,,,,,,0,False,0,0.0,1.0,0,0.0,,
1685,.FNGNTLDNDIMLIK+28.031LSSPATLNSR.__missing,1.4133787462639024e-19,missingness,.FNGNTLDNDIMLIK+28.031LSSPATLNSR,,,,,,,,,0,False,0,0.0,1.0,0,0.0,,
1686,.TSESGELHGLTTEEEFVEGIYKVEIDTK+42.047.__missing,1.3822048355521938e-19,missingness,.TSESGELHGLTTEEEFVEGIYKVEIDTK+42.047,,,,,,,,,0,False,0,0.0,1.0,0,0.0,,
1687,.DSHSLTTNIM+15.995EILR.__missing,1.311981386131466e-19,missingness,.DSHSLTTNIM+15.995EILR,,,,,,,,,0,False,0,0.0,1.0,0,0.0,,
1688,.AYWDIMISN+0.984HQNSNR.__missing,1.1258682998870113e-19,missingness,.AYWDIMISN+0.984HQNSNR,,,,,,,,,0,False,0,0.0,1.0,0,0.0,,
1689,.LTIGEGQQHHLGGAK+42.047.__missing,1.046909255474496e-19,missingness,.LTIGEGQQHHLGGAK+42.047,,,,,,,,,0,False,0,0.0,1.0,0,0.0,,
1690,.VPM+15.995M+15.995NSK.__missing,9.715653888063801e-20,missingness,.VPM+15.995M+15.995NSK,,,,,,,,,0,False,0,0.0,1.0,0,0.0,,
1691,.HYEGSTVPE+57.021K.__missing,8.927385191002499e-20,missingness,.HYEGSTVPE+57.021K,,,,,,,,,0,False,0,0.0,1.0,0,0.0,,
1692,.SILQM+15.995SLDHHIVTPLTSLVIENEAGDER.__missing,8.840327159058847e-20,missingness,.SILQM+15.995SLDHHIVTPLTSLVIENEAGDER,,,,,,,,,0,False,0,0.0,1.0,0,0.0,,
1693,.VVSVLTVVHQDWLNGK+42.047.__missing,8.780868039694915e-20,missingness,.VVSVLTVVHQDWLNGK+42.047,,,,,,,,,0,False,0,0.0,1.0,0,0.0,,
1694,.SMGGKEDLIWELLNQAQEHFGK+42.047.__missing,8.358348771802757e-20,missingness,.SMGGKEDLIWELLNQAQEHFGK+42.047,,,,,,,,,0,False,0,0.0,1.0,0,0.0,,
1695,.AHYGGFTVQNEAN+0.984K.__missing,7.931869517615047e-20,missingness,.AHYGGFTVQNEAN+0.984K,,,,,,,,,0,False,0,0.0,1.0,0,0.0,,
1696,.FKDLGEENFKALVLIAFAQYLQQC+119.004PFEDHVK.__missing,7.142986019847138e-20,missingness,.FKDLGEENFKALVLIAFAQYLQQC+119.004PFEDHVK,,,,,,,,,0,False,0,0.0,1.0,0,0.0,,
1697,.E+42.047DPQGDAAQK.__missing,7.002863157876958e-20,missingness,.E+42.047DPQGDAAQK,,,,,,,,,0,False,0,0.0,1.0,0,0.0,,
1698,.LSPLGEEM-48.003R.__missing,6.896780679481148e-20,missingness,.LSPLGEEM-48.003R,,,,,,,,,0,False,0,0.0,1.0,0,0.0,,
1699,.VVSVLTVLHQD-18.011W+15.995LNGK.__missing,6.809399820020242e-20,missingness,.VVSVLTVLHQD-18.011W+15.995LNGK,,,,,,,,,0,False,0,0.0,1.0,0,0.0,,
1700,.AGTELVN+0.984FLSYFVELGTQPATQ.__missing,6.804114921902753e-20,missingness,.AGTELVN+0.984FLSYFVELGTQPATQ,,,,,,,,,0,False,0,0.0,1.0,0,0.0,,
1701,.LV-2.016NEVTEFAK.__missing,6.740942731366126e-20,missingness,.LV-2.016NEVTEFAK,,,,,,,,,0,False,0,0.0,1.0,0,0.0,,
1702,.K+57.021AGTELVNFLSYFVELGTQPATQ.__missing,6.323198230727291e-20,missingness,.K+57.021AGTELVNFLSYFVELGTQPATQ,,,,,,,,,0,False,0,0.0,1.0,0,0.0,,
1703,.TEGDGVYTLN+0.984DKK.__missing,6.159009707563905e-20,missingness,.TEGDGVYTLN+0.984DKK,,,,,,,,,0,False,0,0.0,1.0,0,0.0,,
1704,.DLATVYVDVLK+27.995DSGR.__missing,6.145277900985652e-20,missingness,.DLATVYVDVLK+27.995DSGR,,,,,,,,,0,False,0,0.0,1.0,0,0.0,,
1705,.+43.006SLHTLFGDK.__missing,6.041730732433681e-20,missingness,.+43.006SLHTLFGDK,,,,,,,,,0,False,0,0.0,1.0,0,0.0,,
1706,.YVMLPVADQDQC+119.004IR.__missing,5.885216641783156e-20,missingness,.YVMLPVADQDQC+119.004IR,,,,,,,,,0,False,0,0.0,1.0,0,0.0,,
1707,.-17.027QGH+57.021NSVFLIK.__missing,5.850097492012205e-20,missingness,.-17.027QGH+57.021NSVFLIK,,,,,,,,,0,False,0,0.0,1.0,0,0.0,,
1708,.LHDNQN+0.984GWSGDSAPVELILSDETLPAPEFSPEPESGR.__missing,5.605971496264605e-20,missingness,.LHDNQN+0.984GWSGDSAPVELILSDETLPAPEFSPEPESGR,,,,,,,,,0,False,0,0.0,1.0,0,0.0,,
1709,.TPGIWLLH-0.984.__missing,5.477128883704054e-20,missingness,.TPGIWLLH-0.984,,,,,,,,,0,False,0,0.0,1.0,0,0.0,,
1710,.SSGSLLNN+0.984AIK.__missing,5.3576362274839803e-20,missingness,.SSGSLLNN+0.984AIK,,,,,,,,,0,False,0,0.0,1.0,0,0.0,,
1711,.GDFSSANNRDNTYN+0.984R.__missing,5.3297111411037234e-20,missingness,.GDFSSANNRDNTYN+0.984R,,,,,,,,,0,False,0,0.0,1.0,0,0.0,,
1712,.DSTYSLSSTLTLSK+42.047.__missing,5.300771625777882e-20,missingness,.DSTYSLSSTLTLSK+42.047,,,,,,,,,0,False,0,0.0,1.0,0,0.0,,
1713,.FQVDN+0.984NNR.__missing,5.2269672768040496e-20,missingness,.FQVDN+0.984NNR,,,,,,,,,0,False,0,0.0,1.0,0,0.0,,
1714,.VDNALQSGNSQE+37.956SVTEQDSK.__missing,5.0433131651337135e-20,missingness,.VDNALQSGNSQE+37.956SVTEQDSK,,,,,,,,,0,False,0,0.0,1.0,0,0.0,,
1715,.ITPNLAE+21.982FAFSLYR.__missing,5.0404298867065226e-20,missingness,.ITPNLAE+21.982FAFSLYR,,,,,,,,,0,False,0,0.0,1.0,0,0.0,,
1716,.HQFLLTGD-18.011TQGR.__missing,5.026218094284279e-20,missingness,.HQFLLTGD-18.011TQGR,,,,,,,,,0,False,0,0.0,1.0,0,0.0,,
1717,.QKPDGVFQEDAPVIHQEM+15.995IGGLR.__missing,5.0044281496912825e-20,missingness,.QKPDGVFQEDAPVIHQEM+15.995IGGLR,,,,,,,,,0,False,0,0.0,1.0,0,0.0,,
1718,.KQINDY+15.995VEK.__missing,4.979601057934485e-20,missingness,.KQINDY+15.995VEK,,,,,,,,,0,False,0,0.0,1.0,0,0.0,,
1719,.WC+24.995AVSEHEATK.__missing,4.9733128701505163e-20,missingness,.WC+24.995AVSEHEATK,,,,,,,,,0,False,0,0.0,1.0,0,0.0,,
1720,.N+0.984SQESVTEQDSK.__missing,4.635342610662839e-20,missingness,.N+0.984SQESVTEQDSK,,,,,,,,,0,False,0,0.0,1.0,0,0.0,,
1721,.EFNLQNM+15.995GLPDFHIPENLFLK.__missing,4.502742401510106e-20,missingness,.EFNLQNM+15.995GLPDFHIPENLFLK,,,,,,,,,0,False,0,0.0,1.0,0,0.0,,
1722,.YRLHDNQN+0.984GWSGDSAPVELILSDETLPAPEFSPEPESGR.__missing,4.2601258000433483e-20,missingness,.YRLHDNQN+0.984GWSGDSAPVELILSDETLPAPEFSPEPESGR,,,,,,,,,0,False,0,0.0,1.0,0,0.0,,
1723,.R-28.006IYGNQDTSSQLK.__missing,4.1690188480876277e-20,missingness,.R-28.006IYGNQDTSSQLK,,,,,,,,,0,False,0,0.0,1.0,0,0.0,,
1724,.+27.995KAGTELVNFLSYFVELGTQPATQ.__missing,4.157550248870075e-20,missingness,.+27.995KAGTELVNFLSYFVELGTQPATQ,,,,,,,,,0,False,0,0.0,1.0,0,0.0,,
1725,.EWFWDLATGTM+15.995K.,4.036952371215287e-20,abundance,.EWFWDLATGTM+15.995K.,.EWFWDLATGTMK.,sp|P02790|HEMO_HUMAN;tr|Q9BS19|Q9BS19_HUMAN,"M+16,11[Oxidation]",M+16[Oxidation],19.647,2.0,P02790,P02790;Q9BS19,2,False,322,0.9583333333333334,0.041666666666666664,55,0.9482758620689655,25.41816988839514,25.407797611932462
1726,.+27.995KM+15.995ADEAGSEADHEGTHSTK.__missing,4.0352204160005723e-20,missingness,.+27.995KM+15.995ADEAGSEADHEGTHSTK,,,,,,,,,0,False,0,0.0,1.0,0,0.0,,
1727,.TTPPMLDSD+37.947GSFFLYSK.__missing,4.0306551726183417e-20,missingness,.TTPPMLDSD+37.947GSFFLYSK,,,,,,,,,0,False,0,0.0,1.0,0,0.0,,
1728,.MGPTELLIEMEDWKGDK+42.047.__missing,3.989466087809642e-20,missingness,.MGPTELLIEMEDWKGDK+42.047,,,,,,,,,0,False,0,0.0,1.0,0,0.0,,
1729,.LDELR+54.011DEGK.__missing,3.973644263597114e-20,missingness,.LDELR+54.011DEGK,,,,,,,,,0,False,0,0.0,1.0,0,0.0,,
1730,.QVGSGVTTDQ+0.984VQAEAK.__missing,3.9622186734477374e-20,missingness,.QVGSGVTTDQ+0.984VQAEAK,,,,,,,,,0,False,0,0.0,1.0,0,0.0,,
1731,.TFPGF+15.995FSPMLGEFVSETESR.__missing,3.8375717458120495e-20,missingness,.TFPGF+15.995FSPMLGEFVSETESR,,,,,,,,,0,False,0,0.0,1.0,0,0.0,,
1732,.-17.027QPFVQGLALYTPVVLPR.__missing,3.7919953462850245e-20,missingness,.-17.027QPFVQGLALYTPVVLPR,,,,,,,,,0,False,0,0.0,1.0,0,0.0,,
1733,.YTLPPSREEM+15.995TK.__missing,3.731874818346465e-20,missingness,.YTLPPSREEM+15.995TK,,,,,,,,,0,False,0,0.0,1.0,0,0.0,,
1734,.DKEAC+47.985VHK.__missing,3.7113536647615006e-20,missingness,.DKEAC+47.985VHK,,,,,,,,,0,False,0,0.0,1.0,0,0.0,,
1735,.SPELQ+0.984AEAK.__missing,3.661433501887703e-20,missingness,.SPELQ+0.984AEAK,,,,,,,,,0,False,0,0.0,1.0,0,0.0,,
1736,.LVN-17.027GQSHISLSK.__missing,3.6104640530514646e-20,missingness,.LVN-17.027GQSHISLSK,,,,,,,,,0,False,0,0.0,1.0,0,0.0,,
1737,.AVM+31.990DDFAAFVEK.__missing,3.595592916406916e-20,missingness,.AVM+31.990DDFAAFVEK,,,,,,,,,0,False,0,0.0,1.0,0,0.0,,
1738,.SEVAHR+54.011FK.__missing,3.5868625920005064e-20,missingness,.SEVAHR+54.011FK,,,,,,,,,0,False,0,0.0,1.0,0,0.0,,
1739,.TPVSDR-42.022VTK.__missing,3.544078201087961e-20,missingness,.TPVSDR-42.022VTK,,,,,,,,,0,False,0,0.0,1.0,0,0.0,,
1740,.AISGGSIQIENGYFVHYFAPEGLTTM+15.995PK.__missing,3.4991984792085475e-20,missingness,.AISGGSIQIENGYFVHYFAPEGLTTM+15.995PK,,,,,,,,,0,False,0,0.0,1.0,0,0.0,,
1741,.DTEEEDFH+57.021VDQVTTVK.__missing,3.470054636869417e-20,missingness,.DTEEEDFH+57.021VDQVTTVK,,,,,,,,,0,False,0,0.0,1.0,0,0.0,,
1742,.VFLGM+15.995FLYEYAR.__missing,3.4089863968063457e-20,missingness,.VFLGM+15.995FLYEYAR,,,,,,,,,0,False,0,0.0,1.0,0,0.0,,
1743,.TDTSHHDQDHPTFN+0.984KITPNLAEFAFSLYR.__missing,3.382527333281166e-20,missingness,.TDTSHHDQDHPTFN+0.984KITPNLAEFAFSLYR,,,,,,,,,0,False,0,0.0,1.0,0,0.0,,
1744,.VSPTDC+119.004SAVEPEAEK.__missing,3.287165060037362e-20,missingness,.VSPTDC+119.004SAVEPEAEK,,,,,,,,,0,False,0,0.0,1.0,0,0.0,,
1745,.DIAPTLTLYVGK+42.047.__missing,3.258073302029483e-20,missingness,.DIAPTLTLYVGK+42.047,,,,,,,,,0,False,0,0.0,1.0,0,0.0,,
1746,.EQLGEFYEALDC+119.004LR.__missing,3.22809632758633e-20,missingness,.EQLGEFYEALDC+119.004LR,,,,,,,,,0,False,0,0.0,1.0,0,0.0,,
1747,.VVSVLTVLHQDWLNGK+42.047.__missing,3.202982784300003e-20,missingness,.VVSVLTVLHQDWLNGK+42.047,,,,,,,,,0,False,0,0.0,1.0,0,0.0,,
1748,.SK+42.011EQLTPLIK.__missing,3.1526853125422277e-20,missingness,.SK+42.011EQLTPLIK,,,,,,,,,0,False,0,0.0,1.0,0,0.0,,
1749,.GEVQAM+15.995LGQSTEELR.__missing,3.149886159237396e-20,missingness,.GEVQAM+15.995LGQSTEELR,,,,,,,,,0,False,0,0.0,1.0,0,0.0,,
1750,.WYLFGM+15.995GNEVDVHAAFFHGQALTNK.__missing,3.127519659110448e-20,missingness,.WYLFGM+15.995GNEVDVHAAFFHGQALTNK,,,,,,,,,0,False,0,0.0,1.0,0,0.0,,
1751,.GISTSAASPAVGTVGM+15.995DM+15.995DEDDDFSK.__missing,3.088836297835904e-20,missingness,.GISTSAASPAVGTVGM+15.995DM+15.995DEDDDFSK,,,,,,,,,0,False,0,0.0,1.0,0,0.0,,
1752,.AIQLTYNPDESSKPN+0.984MIDAATLK.__missing,2.9324106129409575e-20,missingness,.AIQLTYNPDESSKPN+0.984MIDAATLK,,,,,,,,,0,False,0,0.0,1.0,0,0.0,,
1753,.M+15.995YQM+15.995DIQQELQR.__missing,2.911911839771503e-20,missingness,.M+15.995YQM+15.995DIQQELQR,,,,,,,,,0,False,0,0.0,1.0,0,0.0,,
1754,.ADDKETC+57.021F+31.990AEEGKK.__missing,2.909209264443386e-20,missingness,.ADDKETC+57.021F+31.990AEEGKK,,,,,,,,,0,False,0,0.0,1.0,0,0.0,,
1755,.-17.027QSVLTQPPSVSGAPGQR.__missing,2.903011405141124e-20,missingness,.-17.027QSVLTQPPSVSGAPGQR,,,,,,,,,0,False,0,0.0,1.0,0,0.0,,
1756,.Q+0.984YRN-17.027GESVKLHLETDSLALVALGALDTALYAAGSK.__missing,2.8264964163490497e-20,missingness,.Q+0.984YRN-17.027GESVKLHLETDSLALVALGALDTALYAAGSK,,,,,,,,,0,False,0,0.0,1.0,0,0.0,,
1757,.QVFLYPEK+42.047.__missing,2.815894298913916e-20,missingness,.QVFLYPEK+42.047,,,,,,,,,0,False,0,0.0,1.0,0,0.0,,
1758,.LLVVYPW+3.995TQR.__missing,2.7116319522967906e-20,missingness,.LLVVYPW+3.995TQR,,,,,,,,,0,False,0,0.0,1.0,0,0.0,,
1759,.LEALK+43.006ENGGAR.__missing,2.5782952217977326e-20,missingness,.LEALK+43.006ENGGAR,,,,,,,,,0,False,0,0.0,1.0,0,0.0,,
1760,.SLHTLF+15.995GDK.__missing,2.5669509934155203e-20,missingness,.SLHTLF+15.995GDK,,,,,,,,,0,False,0,0.0,1.0,0,0.0,,
1761,.QIQVSW+3.995LR.__missing,2.504161536581704e-20,missingness,.QIQVSW+3.995LR,,,,,,,,,0,False,0,0.0,1.0,0,0.0,,
1762,.KWQEEM+31.990ELYR.__missing,2.4357706651129415e-20,missingness,.KWQEEM+31.990ELYR,,,,,,,,,0,False,0,0.0,1.0,0,0.0,,
1763,.AYWDIMISNHQN+0.984SNR.__missing,2.4354428778205793e-20,missingness,.AYWDIMISNHQN+0.984SNR,,,,,,,,,0,False,0,0.0,1.0,0,0.0,,
1764,.QGLLPVLESFK+28.006VSFLSALEEYTK.__missing,2.393754146742859e-20,missingness,.QGLLPVLESFK+28.006VSFLSALEEYTK,,,,,,,,,0,False,0,0.0,1.0,0,0.0,,
1765,.TQQPQQDEM+15.995PSPTFLTQVK.__missing,2.3909376351559098e-20,missingness,.TQQPQQDEM+15.995PSPTFLTQVK,,,,,,,,,0,False,0,0.0,1.0,0,0.0,,
1766,.SPEL+15.995QAEAK.__missing,2.3864066929943848e-20,missingness,.SPEL+15.995QAEAK,,,,,,,,,0,False,0,0.0,1.0,0,0.0,,
1767,.LDELR+72.021DEGK.__missing,2.2609913023559053e-20,missingness,.LDELR+72.021DEGK,,,,,,,,,0,False,0,0.0,1.0,0,0.0,,
1768,.DAH-22.032KSEVAHR.__missing,2.2000522966009018e-20,missingness,.DAH-22.032KSEVAHR,,,,,,,,,0,False,0,0.0,1.0,0,0.0,,
1769,.SLHTLFGDKL+31.990C+57.021TVATLR.__missing,2.1668632934203377e-20,missingness,.SLHTLFGDKL+31.990C+57.021TVATLR,,,,,,,,,0,False,0,0.0,1.0,0,0.0,,
1770,.VLLD-18.011GVQNPR.__missing,2.1661849665776374e-20,missingness,.VLLD-18.011GVQNPR,,,,,,,,,0,False,0,0.0,1.0,0,0.0,,
1771,.AGVETT-14.016TPSK.__missing,2.1371283946464378e-20,missingness,.AGVETT-14.016TPSK,,,,,,,,,0,False,0,0.0,1.0,0,0.0,,
1772,.QN+0.984GAALTSASILAQQVWGTLVLLQR.__missing,2.1352746111189187e-20,missingness,.QN+0.984GAALTSASILAQQVWGTLVLLQR,,,,,,,,,0,False,0,0.0,1.0,0,0.0,,
1773,.AHYGGFTVQNEANK+42.047.__missing,2.125109014516759e-20,missingness,.AHYGGFTVQNEANK+42.047,,,,,,,,,0,False,0,0.0,1.0,0,0.0,,
1774,.-17.027QFSFPLSSEPFQGSYK.__missing,1.9900438656757386e-20,missingness,.-17.027QFSFPLSSEPFQGSYK,,,,,,,,,0,False,0,0.0,1.0,0,0.0,,
1775,.TM+15.995QENSTPRED.__missing,1.9393092579680004e-20,missingness,.TM+15.995QENSTPRED,,,,,,,,,0,False,0,0.0,1.0,0,0.0,,
1776,.GPEVQLVAH+57.021SPWLK.__missing,1.9263232649734527e-20,missingness,.GPEVQLVAH+57.021SPWLK,,,,,,,,,0,False,0,0.0,1.0,0,0.0,,
1777,.EFQLFSSPHGK+42.047.__missing,1.8216398840051842e-20,missingness,.EFQLFSSPHGK+42.047,,,,,,,,,0,False,0,0.0,1.0,0,0.0,,
1778,.+12.000HPYFYAPELLFFAK.__missing,1.7779957769214357e-20,missingness,.+12.000HPYFYAPELLFFAK,,,,,,,,,0,False,0,0.0,1.0,0,0.0,,
1779,.+12.000HPDYSVVLLLR.__missing,1.7576688358344492e-20,missingness,.+12.000HPDYSVVLLLR,,,,,,,,,0,False,0,0.0,1.0,0,0.0,,
1780,.VHTEC+57.021C+57.021HG+74.019DLLEC+57.021ADDRADLAK.__missing,1.7480222107920873e-20,missingness,.VHTEC+57.021C+57.021HG+74.019DLLEC+57.021ADDRADLAK,,,,,,,,,0,False,0,0.0,1.0,0,0.0,,
1781,.-17.027QDPPSVVVTSHQAPGEK.__missing,1.725494936897662e-20,missingness,.-17.027QDPPSVVVTSHQAPGEK,,,,,,,,,0,False,0,0.0,1.0,0,0.0,,
1782,.FPLSLC+57.021STQPDGN-16.990VVIAC+57.021LVQGFFPQEPLSVTWSESGQGVTAR.__missing,1.719451011331331e-20,missingness,.FPLSLC+57.021STQPDGN-16.990VVIAC+57.021LVQGFFPQEPLSVTWSESGQGVTAR,,,,,,,,,0,False,0,0.0,1.0,0,0.0,,
1783,.DEM+15.995PSPTFLTQVK.__missing,1.7148055548165883e-20,missingness,.DEM+15.995PSPTFLTQVK,,,,,,,,,0,False,0,0.0,1.0,0,0.0,,
1784,.EITALAPSTM+15.995K.__missing,1.6827387311993766e-20,missingness,.EITALAPSTM+15.995K,,,,,,,,,0,False,0,0.0,1.0,0,0.0,,
1785,.LLIY-15.995DASSR.__missing,1.6772648799409598e-20,missingness,.LLIY-15.995DASSR,,,,,,,,,0,False,0,0.0,1.0,0,0.0,,
1786,.ELDRDTVFALVNYIFFK+42.047.__missing,1.6743493078686143e-20,missingness,.ELDRDTVFALVNYIFFK+42.047,,,,,,,,,0,False,0,0.0,1.0,0,0.0,,
1787,.VDN-17.027ALQSGNSQESVTEQDSK.__missing,1.6308076414136204e-20,missingness,.VDN-17.027ALQSGNSQESVTEQDSK,,,,,,,,,0,False,0,0.0,1.0,0,0.0,,
1788,.TAGWNIPMGLLYN+0.984K.__missing,1.5748728721976865e-20,missingness,.TAGWNIPMGLLYN+0.984K,,,,,,,,,0,False,0,0.0,1.0,0,0.0,,
1789,.LQHLE+57.021NELTHDIITK.__missing,1.5571955853345954e-20,missingness,.LQHLE+57.021NELTHDIITK,,,,,,,,,0,False,0,0.0,1.0,0,0.0,,
1790,.YLYEIAR+54.011R.__missing,1.5351412131936864e-20,missingness,.YLYEIAR+54.011R,,,,,,,,,0,False,0,0.0,1.0,0,0.0,,
1791,.DAHK+27.995SEVAHR.__missing,1.513201990810298e-20,missingness,.DAHK+27.995SEVAHR,,,,,,,,,0,False,0,0.0,1.0,0,0.0,,
1792,.LIC-33.988QATGFSPR.__missing,1.5055887941958784e-20,missingness,.LIC-33.988QATGFSPR,,,,,,,,,0,False,0,0.0,1.0,0,0.0,,
1793,.LQQC+47.985PFEDHVK.__missing,1.4668327674067004e-20,missingness,.LQQC+47.985PFEDHVK,,,,,,,,,0,False,0,0.0,1.0,0,0.0,,
1794,.NFPSPVDAAFRQGHN+0.984SVFLIK.__missing,1.4359682860084343e-20,missingness,.NFPSPVDAAFRQGHN+0.984SVFLIK,,,,,,,,,0,False,0,0.0,1.0,0,0.0,,
1795,.NSLFEYQK+42.047.__missing,1.4264923156916757e-20,missingness,.NSLFEYQK+42.047,,,,,,,,,0,False,0,0.0,1.0,0,0.0,,
1796,.STAAM+15.995STYTGIFTDQVLSVLKGEE.__missing,1.3204813171358747e-20,missingness,.STAAM+15.995STYTGIFTDQVLSVLKGEE,,,,,,,,,0,False,0,0.0,1.0,0,0.0,,
1797,.EIGELYLPK+42.047.__missing,1.2993236438088787e-20,missingness,.EIGELYLPK+42.047,,,,,,,,,0,False,0,0.0,1.0,0,0.0,,
1798,.DVFLGMFLYE+42.047YAR.__missing,1.2964466529531694e-20,missingness,.DVFLGMFLYE+42.047YAR,,,,,,,,,0,False,0,0.0,1.0,0,0.0,,
1799,.ELTPEVLQEWLDELEEM+15.995MLVVHM+15.995PR.__missing,1.2377211005943821e-20,missingness,.ELTPEVLQEWLDELEEM+15.995MLVVHM+15.995PR,,,,,,,,,0,False,0,0.0,1.0,0,0.0,,
1800,.KAGTELVNFLSYFVE+37.956LGTQPAT.__missing,1.2236093243427611e-20,missingness,.KAGTELVNFLSYFVE+37.956LGTQPAT,,,,,,,,,0,False,0,0.0,1.0,0,0.0,,
1801,.LAK+27.995TYETTLEK.__missing,1.2113556746361847e-20,missingness,.LAK+27.995TYETTLEK,,,,,,,,,0,False,0,0.0,1.0,0,0.0,,
1802,.M+16.028SGSNGSK.__missing,1.1526954256556317e-20,missingness,.M+16.028SGSNGSK,,,,,,,,,0,False,0,0.0,1.0,0,0.0,,
1803,.+43.006DAHKSEVAHR.__missing,1.1198570454269373e-20,missingness,.+43.006DAHKSEVAHR,,,,,,,,,0,False,0,0.0,1.0,0,0.0,,
1804,.AATGEC-33.988TATVGKR.__missing,1.0517038977570853e-20,missingness,.AATGEC-33.988TATVGKR,,,,,,,,,0,False,0,0.0,1.0,0,0.0,,
1805,.-17.027QAKEPC+47.985VESLVSQYFQTVTDYGK.__missing,1.049622480873311e-20,missingness,.-17.027QAKEPC+47.985VESLVSQYFQTVTDYGK,,,,,,,,,0,False,0,0.0,1.0,0,0.0,,
1806,.LSPLGEEM+15.995RDR.__missing,1.046127280600459e-20,missingness,.LSPLGEEM+15.995RDR,,,,,,,,,0,False,0,0.0,1.0,0,0.0,,
1807,.DIVMTQSPDSLA+26.016VSLGER.__missing,1.0275350779025932e-20,missingness,.DIVMTQSPDSLA+26.016VSLGER,,,,,,,,,0,False,0,0.0,1.0,0,0.0,,
1808,.VGAH+57.021AGEYGAEALER.__missing,1.0146306249059877e-20,missingness,.VGAH+57.021AGEYGAEALER,,,,,,,,,0,False,0,0.0,1.0,0,0.0,,
1809,.DIASGLIGPLIIC-33.988K.__missing,9.825756329095106e-21,missingness,.DIASGLIGPLIIC-33.988K,,,,,,,,,0,False,0,0.0,1.0,0,0.0,,
1810,.MADEAGSEADHEGTHSTK+42.047.__missing,9.051850025394016e-21,missingness,.MADEAGSEADHEGTHSTK+42.047,,,,,,,,,0,False,0,0.0,1.0,0,0.0,,
1811,.AEFAEVSK+42.047.__missing,8.781474580334937e-21,missingness,.AEFAEVSK+42.047,,,,,,,,,0,False,0,0.0,1.0,0,0.0,,
1812,.+43.006LVNEVTEFAK.__missing,8.713893681906846e-21,missingness,.+43.006LVNEVTEFAK,,,,,,,,,0,False,0,0.0,1.0,0,0.0,,
1813,.SLHTLFGDKLC-33.988TVATLR.__missing,8.657004119652925e-21,missingness,.SLHTLFGDKLC-33.988TVATLR,,,,,,,,,0,False,0,0.0,1.0,0,0.0,,
1814,.VIGNM+15.995GQTM+15.995EQLTPELK.__missing,7.63759024594193e-21,missingness,.VIGNM+15.995GQTM+15.995EQLTPELK,,,,,,,,,0,False,0,0.0,1.0,0,0.0,,
1815,.FNW+15.995YVDGVEVHNAK.__missing,7.574203822431755e-21,missingness,.FNW+15.995YVDGVEVHNAK,,,,,,,,,0,False,0,0.0,1.0,0,0.0,,
1816,.-17.027QYYEGSEIVVAGR.__missing,7.510405182744343e-21,missingness,.-17.027QYYEGSEIVVAGR,,,,,,,,,0,False,0,0.0,1.0,0,0.0,,
1817,.VK+27.995DLATVYVDVLK.__missing,7.472438602392209e-21,missingness,.VK+27.995DLATVYVDVLK,,,,,,,,,0,False,0,0.0,1.0,0,0.0,,
1818,.HN+0.984GMWR.__missing,7.464971460544326e-21,missingness,.HN+0.984GMWR,,,,,,,,,0,False,0,0.0,1.0,0,0.0,,
1819,.-18.011EETTSHLR.__missing,7.323752944673005e-21,missingness,.-18.011EETTSHLR,,,,,,,,,0,False,0,0.0,1.0,0,0.0,,
1820,.QK+27.995LHELQEK.__missing,7.210282131535688e-21,missingness,.QK+27.995LHELQEK,,,,,,,,,0,False,0,0.0,1.0,0,0.0,,
1821,.LLD-18.011NWDSVTSTFSK.__missing,6.212003620934878e-21,missingness,.LLD-18.011NWDSVTSTFSK,,,,,,,,,0,False,0,0.0,1.0,0,0.0,,
1822,.YIC+57.021EN+0.984QDSISSK.__missing,5.5084126287358915e-21,missingness,.YIC+57.021EN+0.984QDSISSK,,,,,,,,,0,False,0,0.0,1.0,0,0.0,,
1823,.+12.000VFDEFKPLVEEPQNLIK.__missing,5.221124116390739e-21,missingness,.+12.000VFDEFKPLVEEPQNLIK,,,,,,,,,0,False,0,0.0,1.0,0,0.0,,
1824,.SMGGKEDLIWELLNQAQEHFGK+57.021.__missing,4.425518664938648e-21,missingness,.SMGGKEDLIWELLNQAQEHFGK+57.021,,,,,,,,,0,False,0,0.0,1.0,0,0.0,,
1825,.QLGLP+15.995GPPDVPDHAAYHPFR.__missing,4.2311461148844576e-21,missingness,.QLGLP+15.995GPPDVPDHAAYHPFR,,,,,,,,,0,False,0,0.0,1.0,0,0.0,,
1826,.DLATVYVDVLK+42.047.__missing,3.861081911364953e-21,missingness,.DLATVYVDVLK+42.047,,,,,,,,,0,False,0,0.0,1.0,0,0.0,,
1827,.HTFMGVVSLGSPSGEVSH+57.021PR.__missing,3.631548185573736e-21,missingness,.HTFMGVVSLGSPSGEVSH+57.021PR,,,,,,,,,0,False,0,0.0,1.0,0,0.0,,
1828,.GFYPSDIAVEWESNGQPEN+0.984NYK.__missing,3.597567130293641e-21,missingness,.GFYPSDIAVEWESNGQPEN+0.984NYK,,,,,,,,,0,False,0,0.0,1.0,0,0.0,,
1829,.VMPIC-33.988LPSK.__missing,3.527602949702807e-21,missingness,.VMPIC-33.988LPSK,,,,,,,,,0,False,0,0.0,1.0,0,0.0,,
1830,.D-18.011AHKSEVAHR.__missing,2.9598431594477313e-21,missingness,.D-18.011AHKSEVAHR,,,,,,,,,0,False,0,0.0,1.0,0,0.0,,
1831,.EFNAETFTFHADIC-33.988TLSEKER.__missing,1.94442723218419e-21,missingness,.EFNAETFTFHADIC-33.988TLSEKER,,,,,,,,,0,False,0,0.0,1.0,0,0.0,,
1832,.-17.027QIQVSWLR.__missing,1.9253013174903117e-21,missingness,.-17.027QIQVSWLR,,,,,,,,,0,False,0,0.0,1.0,0,0.0,,
1833,.YLQEIYNSNNQK+42.047.__missing,1.921789670580001e-21,missingness,.YLQEIYNSNNQK+42.047,,,,,,,,,0,False,0,0.0,1.0,0,0.0,,
1834,.+56.026LVNEVTEFAK.__missing,9.659935109693084e-22,missingness,.+56.026LVNEVTEFAK,,,,,,,,,0,False,0,0.0,1.0,0,0.0,,
1835,.M+15.995ADEAGSEADHEGTHSTK.__missing,0.0,missingness,.M+15.995ADEAGSEADHEGTHSTK,,,,,,,,,0,False,0,0.0,1.0,0,0.0,,
1836,.-17.027QTALVELVK.__missing,0.0,missingness,.-17.027QTALVELVK,,,,,,,,,0,False,0,0.0,1.0,0,0.0,,
1837,.KWQEEM+15.995ELYR.__missing,0.0,missingness,.KWQEEM+15.995ELYR,,,,,,,,,0,False,0,0.0,1.0,0,0.0,,
1838,.YIC-33.988ENQDSISSK.__missing,0.0,missingness,.YIC-33.988ENQDSISSK,,,,,,,,,0,False,0,0.0,1.0,0,0.0,,
1839,.LHIM+15.995AGR.__missing,0.0,missingness,.LHIM+15.995AGR,,,,,,,,,0,False,0,0.0,1.0,0,0.0,,
1840,.VVSVLTVVHQDWLN+0.984GK.__missing,0.0,missingness,.VVSVLTVVHQDWLN+0.984GK,,,,,,,,,0,False,0,0.0,1.0,0,0.0,,
1841,.GTEAAGAM+15.995FLEAIPM+15.995SIPPEVK.__missing,0.0,missingness,.GTEAAGAM+15.995FLEAIPM+15.995SIPPEVK,,,,,,,,,0,False,0,0.0,1.0,0,0.0,,
1842,.LDELRDEGK+42.011ASSAK.__missing,0.0,missingness,.LDELRDEGK+42.011ASSAK,,,,,,,,,0,False,0,0.0,1.0,0,0.0,,
1843,.TLNQPDSQLQLTTGN+0.984GLFLSEGLK.__missing,0.0,missingness,.TLNQPDSQLQLTTGN+0.984GLFLSEGLK,,,,,,,,,0,False,0,0.0,1.0,0,0.0,,
1844,.ED-18.011LIWELLNQAQEHFGK.__missing,0.0,missingness,.ED-18.011LIWELLNQAQEHFGK,,,,,,,,,0,False,0,0.0,1.0,0,0.0,,
1845,.WQEEM+15.995ELYR.__missing,0.0,missingness,.WQEEM+15.995ELYR,,,,,,,,,0,False,0,0.0,1.0,0,0.0,,
1846,.ELD-18.011RDTVFALVNYIFFK.__missing,0.0,missingness,.ELD-18.011RDTVFALVNYIFFK,,,,,,,,,0,False,0,0.0,1.0,0,0.0,,
1847,.LYHAFSAM+15.995K.__missing,0.0,missingness,.LYHAFSAM+15.995K,,,,,,,,,0,False,0,0.0,1.0,0,0.0,,
1848,.EVTKEVVTSEDGSDC+120.021PEAMDLGTLSGIGTLDGFR.__missing,0.0,missingness,.EVTKEVVTSEDGSDC+120.021PEAMDLGTLSGIGTLDGFR,,,,,,,,,0,False,0,0.0,1.0,0,0.0,,
1849,.-18.011ETEGLRQEMSK.__missing,0.0,missingness,.-18.011ETEGLRQEMSK,,,,,,,,,0,False,0,0.0,1.0,0,0.0,,
1850,.EPC+47.985VESLVSQYFQTVTDYGK.__missing,0.0,missingness,.EPC+47.985VESLVSQYFQTVTDYGK,,,,,,,,,0,False,0,0.0,1.0,0,0.0,,
1851,.FKDLGEENFKALVLIAFAQYLQQC+63.962PFEDHVK.__missing,0.0,missingness,.FKDLGEENFKALVLIAFAQYLQQC+63.962PFEDHVK,,,,,,,,,0,False,0,0.0,1.0,0,0.0,,
1852,.DAHK+57.021SEVAHR.__missing,0.0,missingness,.DAHK+57.021SEVAHR,,,,,,,,,0,False,0,0.0,1.0,0,0.0,,
1853,.-17.027QEPSQGTTTFAVTSILR.__missing,0.0,missingness,.-17.027QEPSQGTTTFAVTSILR,,,,,,,,,0,False,0,0.0,1.0,0,0.0,,
1854,.LSNEN+0.984HGIAQR.__missing,0.0,missingness,.LSNEN+0.984HGIAQR,,,,,,,,,0,False,0,0.0,1.0,0,0.0,,
1855,.-17.027QKVEPLR.__missing,0.0,missingness,.-17.027QKVEPLR,,,,,,,,,0,False,0,0.0,1.0,0,0.0,,
1856,.EPC+119.004VESLVSQYFQTVTDYGK.__missing,0.0,missingness,.EPC+119.004VESLVSQYFQTVTDYGK,,,,,,,,,0,False,0,0.0,1.0,0,0.0,,
1857,.VVSVLTVVHQDW+31.990LNGK.__missing,0.0,missingness,.VVSVLTVVHQDW+31.990LNGK,,,,,,,,,0,False,0,0.0,1.0,0,0.0,,
1858,.DLGEENFKALVLIAFAQYLQQC+63.962PFEDHVK.__missing,0.0,missingness,.DLGEENFKALVLIAFAQYLQQC+63.962PFEDHVK,,,,,,,,,0,False,0,0.0,1.0,0,0.0,,
1859,.DLGEENFKALVLIAFAQYLQQC+47.985PFEDHVK.__missing,0.0,missingness,.DLGEENFKALVLIAFAQYLQQC+47.985PFEDHVK,,,,,,,,,0,False,0,0.0,1.0,0,0.0,,
1860,.VETNM+15.995AFSPFSIASLLTQVLLGAGENTK.__missing,0.0,missingness,.VETNM+15.995AFSPFSIASLLTQVLLGAGENTK,,,,,,,,,0,False,0,0.0,1.0,0,0.0,,
1861,.LRTEGDGVYTLN+0.984NEK.__missing,0.0,missingness,.LRTEGDGVYTLN+0.984NEK,,,,,,,,,0,False,0,0.0,1.0,0,0.0,,
1862,.NM+15.995EVSVATTTK.__missing,0.0,missingness,.NM+15.995EVSVATTTK,,,,,,,,,0,False,0,0.0,1.0,0,0.0,,
1863,.-17.027QVQLVESGGGVVQPGGSLR.__missing,0.0,missingness,.-17.027QVQLVESGGGVVQPGGSLR,,,,,,,,,0,False,0,0.0,1.0,0,0.0,,
1864,.LQHLENELTH+57.021DIITK.__missing,0.0,missingness,.LQHLENELTH+57.021DIITK,,,,,,,,,0,False,0,0.0,1.0,0,0.0,,
1865,.LDELRDEGK+27.995ASSAK.__missing,0.0,missingness,.LDELRDEGK+27.995ASSAK,,,,,,,,,0,False,0,0.0,1.0,0,0.0,,
1866,.LISVDTEHSNIYLQN+0.984GPDR.__missing,0.0,missingness,.LISVDTEHSNIYLQN+0.984GPDR,,,,,,,,,0,False,0,0.0,1.0,0,0.0,,
1867,.PLLEKSHC-33.988IAEVENDEMPADLPSLAADFVESK.__missing,0.0,missingness,.PLLEKSHC-33.988IAEVENDEMPADLPSLAADFVESK,,,,,,,,,0,False,0,0.0,1.0,0,0.0,,
1868,.QIND-18.011YVEK.__missing,0.0,missingness,.QIND-18.011YVEK,,,,,,,,,0,False,0,0.0,1.0,0,0.0,,
1869,.VFDEFKPLVEEPQN+0.984LIK.__missing,0.0,missingness,.VFDEFKPLVEEPQN+0.984LIK,,,,,,,,,0,False,0,0.0,1.0,0,0.0,,
1870,.AQLVDM+15.995K.__missing,0.0,missingness,.AQLVDM+15.995K,,,,,,,,,0,False,0,0.0,1.0,0,0.0,,
1871,.QSM+15.995TLSSEVQIPDFDVDLGTILR.__missing,0.0,missingness,.QSM+15.995TLSSEVQIPDFDVDLGTILR,,,,,,,,,0,False,0,0.0,1.0,0,0.0,,
1872,.HPYFYAPELLFFAK+42.047.__missing,0.0,missingness,.HPYFYAPELLFFAK+42.047,,,,,,,,,0,False,0,0.0,1.0,0,0.0,,
1873,.FNWYVDGVEVH+57.021NAK.__missing,0.0,missingness,.FNWYVDGVEVH+57.021NAK,,,,,,,,,0,False,0,0.0,1.0,0,0.0,,
1874,.ESSSHH+57.021PGIAEFPSR.__missing,0.0,missingness,.ESSSHH+57.021PGIAEFPSR,,,,,,,,,0,False,0,0.0,1.0,0,0.0,,
1875,.TEGD-18.011GVYTLNNEK.__missing,0.0,missingness,.TEGD-18.011GVYTLNNEK,,,,,,,,,0,False,0,0.0,1.0,0,0.0,,
1876,.H+57.021PYFYAPELLFFAK.__missing,0.0,missingness,.H+57.021PYFYAPELLFFAK,,,,,,,,,0,False,0,0.0,1.0,0,0.0,,
1877,.ATLVC-33.988LISDFYPGAVTVAWK.__missing,0.0,missingness,.ATLVC-33.988LISDFYPGAVTVAWK,,,,,,,,,0,False,0,0.0,1.0,0,0.0,,
1878,.-17.027QSGLYFIK.__missing,0.0,missingness,.-17.027QSGLYFIK,,,,,,,,,0,False,0,0.0,1.0,0,0.0,,
1879,.LLDN+0.984WDSVTSTFSK.__missing,0.0,missingness,.LLDN+0.984WDSVTSTFSK,,,,,,,,,0,False,0,0.0,1.0,0,0.0,,
1880,.-17.027QFPILLDFK.__missing,0.0,missingness,.-17.027QFPILLDFK,,,,,,,,,0,False,0,0.0,1.0,0,0.0,,
1881,.R+54.011HPYFYAPELLFFAK.__missing,0.0,missingness,.R+54.011HPYFYAPELLFFAK,,,,,,,,,0,False,0,0.0,1.0,0,0.0,,
1882,.E+42.047LDRDTVFALVNYIFFK.__missing,0.0,missingness,.E+42.047LDRDTVFALVNYIFFK,,,,,,,,,0,False,0,0.0,1.0,0,0.0,,
1883,.NYAEAKDVFLGM+15.995FLYEYAR.__missing,0.0,missingness,.NYAEAKDVFLGM+15.995FLYEYAR,,,,,,,,,0,False,0,0.0,1.0,0,0.0,,
1884,.LRTEGDGVYTLNN+0.984EK.__missing,0.0,missingness,.LRTEGDGVYTLNN+0.984EK,,,,,,,,,0,False,0,0.0,1.0,0,0.0,,
1885,.ALMDETM+15.995K.__missing,0.0,missingness,.ALMDETM+15.995K,,,,,,,,,0,False,0,0.0,1.0,0,0.0,,
1886,.ETC+119.004FAEEGKK.__missing,0.0,missingness,.ETC+119.004FAEEGKK,,,,,,,,,0,False,0,0.0,1.0,0,0.0,,
1887,.-17.027QHDMGHMMR.__missing,0.0,missingness,.-17.027QHDMGHMMR,,,,,,,,,0,False,0,0.0,1.0,0,0.0,,
1888,.HY+15.995EGSTVPEK.__missing,0.0,missingness,.HY+15.995EGSTVPEK,,,,,,,,,0,False,0,0.0,1.0,0,0.0,,
1889,.QGLLPVLESFK+57.021VSFLSALEEYTK.__missing,0.0,missingness,.QGLLPVLESFK+57.021VSFLSALEEYTK,,,,,,,,,0,False,0,0.0,1.0,0,0.0,,
1890,.KVADALTNAVAHVDDM+15.995PNALSALSDLHAHK.__missing,0.0,missingness,.KVADALTNAVAHVDDM+15.995PNALSALSDLHAHK,,,,,,,,,0,False,0,0.0,1.0,0,0.0,,
1891,.QEPERNEC+119.004FLQHKDDNPNLPR.__missing,0.0,missingness,.QEPERNEC+119.004FLQHKDDNPNLPR,,,,,,,,,0,False,0,0.0,1.0,0,0.0,,
1892,.VSFLSALEEY+15.995TK.__missing,0.0,missingness,.VSFLSALEEY+15.995TK,,,,,,,,,0,False,0,0.0,1.0,0,0.0,,
1893,.EIVLTQSPGTLSL-14.016SPGER.__missing,0.0,missingness,.EIVLTQSPGTLSL-14.016SPGER,,,,,,,,,0,False,0,0.0,1.0,0,0.0,,
1894,.-17.027QVGSGVTTDQVQAEAK.__missing,0.0,missingness,.-17.027QVGSGVTTDQVQAEAK,,,,,,,,,0,False,0,0.0,1.0,0,0.0,,
1895,.THLAPY+15.995SDELR.__missing,0.0,missingness,.THLAPY+15.995SDELR,,,,,,,,,0,False,0,0.0,1.0,0,0.0,,
1896,.-17.027QGIPFFGQVR.__missing,0.0,missingness,.-17.027QGIPFFGQVR,,,,,,,,,0,False,0,0.0,1.0,0,0.0,,
1897,.FQNALLVR+54.011YTK.__missing,0.0,missingness,.FQNALLVR+54.011YTK,,,,,,,,,0,False,0,0.0,1.0,0,0.0,,
1898,.SM+15.995QGGLVGNDETVALTAFVTIALHHGLAVFQDEGAEPLK.__missing,0.0,missingness,.SM+15.995QGGLVGNDETVALTAFVTIALHHGLAVFQDEGAEPLK,,,,,,,,,0,False,0,0.0,1.0,0,0.0,,
1899,.+57.021DAHKSEVAHR.__missing,0.0,missingness,.+57.021DAHKSEVAHR,,,,,,,,,0,False,0,0.0,1.0,0,0.0,,
1900,.DAH+57.021KSEVAHR.__missing,0.0,missingness,.DAH+57.021KSEVAHR,,,,,,,,,0,False,0,0.0,1.0,0,0.0,,
1901,.-17.027QVPAHAR.__missing,0.0,missingness,.-17.027QVPAHAR,,,,,,,,,0,False,0,0.0,1.0,0,0.0,,
1902,.VQGN+0.984DHSATR.__missing,0.0,missingness,.VQGN+0.984DHSATR,,,,,,,,,0,False,0,0.0,1.0,0,0.0,,
1903,.AGVETTTPSK+42.047.__missing,0.0,missingness,.AGVETTTPSK+42.047,,,,,,,,,0,False,0,0.0,1.0,0,0.0,,
1904,.+27.995KVPQVSTPTLVEVSR.__missing,0.0,missingness,.+27.995KVPQVSTPTLVEVSR,,,,,,,,,0,False,0,0.0,1.0,0,0.0,,
1905,.AADDTWEPFASGKT+27.047.__missing,0.0,missingness,.AADDTWEPFASGKT+27.047,,,,,,,,,0,False,0,0.0,1.0,0,0.0,,
1906,.-18.011ESGPTTYK.__missing,0.0,missingness,.-18.011ESGPTTYK,,,,,,,,,0,False,0,0.0,1.0,0,0.0,,
1907,.ESSSH+57.021HPGIAEFPSR.__missing,0.0,missingness,.ESSSH+57.021HPGIAEFPSR,,,,,,,,,0,False,0,0.0,1.0,0,0.0,,
1908,.VTISV+29.974DTSK.__missing,0.0,missingness,.VTISV+29.974DTSK,,,,,,,,,0,False,0,0.0,1.0,0,0.0,,
1909,.AGVETTK+57.021PSK.__missing,0.0,missingness,.AGVETTK+57.021PSK,,,,,,,,,0,False,0,0.0,1.0,0,0.0,,
1910,.IK+27.995QSELSAK.__missing,0.0,missingness,.IK+27.995QSELSAK,,,,,,,,,0,False,0,0.0,1.0,0,0.0,,
1911,.LESEETM+15.995VLEAHDAQGDVPVTVTVHDFPGK.__missing,0.0,missingness,.LESEETM+15.995VLEAHDAQGDVPVTVTVHDFPGK,,,,,,,,,0,False,0,0.0,1.0,0,0.0,,
1912,.ETEGLRQ+0.984EMSK.__missing,0.0,missingness,.ETEGLRQ+0.984EMSK,,,,,,,,,0,False,0,0.0,1.0,0,0.0,,
1913,.AVHK+57.021AVLTIDEK.__missing,0.0,missingness,.AVHK+57.021AVLTIDEK,,,,,,,,,0,False,0,0.0,1.0,0,0.0,,
1914,.EFNAETFTFHADIC+47.985TLSEK.__missing,0.0,missingness,.EFNAETFTFHADIC+47.985TLSEK,,,,,,,,,0,False,0,0.0,1.0,0,0.0,,
1915,.ILGDM+15.995QPGDYFDLVLFGTR.__missing,0.0,missingness,.ILGDM+15.995QPGDYFDLVLFGTR,,,,,,,,,0,False,0,0.0,1.0,0,0.0,,
1916,.FIEDNIEYITIIAFAQYVQEATFEEM+15.995EK.__missing,0.0,missingness,.FIEDNIEYITIIAFAQYVQEATFEEM+15.995EK,,,,,,,,,0,False,0,0.0,1.0,0,0.0,,
1917,.LLDNWDSVTSTFSK+42.047.__missing,0.0,missingness,.LLDNWDSVTSTFSK+42.047,,,,,,,,,0,False,0,0.0,1.0,0,0.0,,
1918,.TY+15.995ETTLEK.__missing,0.0,missingness,.TY+15.995ETTLEK,,,,,,,,,0,False,0,0.0,1.0,0,0.0,,
1919,.VFDE+42.047FKPLVEEPQNLIK.__missing,0.0,missingness,.VFDE+42.047FKPLVEEPQNLIK,,,,,,,,,0,False,0,0.0,1.0,0,0.0,,
1920,.KAGTELVNFLSYFVE+37.956LGTQPATQ.__missing,0.0,missingness,.KAGTELVNFLSYFVE+37.956LGTQPATQ,,,,,,,,,0,False,0,0.0,1.0,0,0.0,,
1921,.VSFLSALEEY+15.995TKK.__missing,0.0,missingness,.VSFLSALEEY+15.995TKK,,,,,,,,,0,False,0,0.0,1.0,0,0.0,,
1922,.VPTADLEDVLPLAE+37.956DITNILSK.__missing,0.0,missingness,.VPTADLEDVLPLAE+37.956DITNILSK,,,,,,,,,0,False,0,0.0,1.0,0,0.0,,
1923,.-18.011ELDRDTVFALVNYIFFK.__missing,0.0,missingness,.-18.011ELDRDTVFALVNYIFFK,,,,,,,,,0,False,0,0.0,1.0,0,0.0,,
1924,.SPVGVQPILNEHTFC-33.988AGM+15.995SK.__missing,0.0,missingness,.SPVGVQPILNEHTFC-33.988AGM+15.995SK,,,,,,,,,0,False,0,0.0,1.0,0,0.0,,
1925,.HVIILM+15.995TDGLHNMGGDPITVIDEIR.__missing,0.0,missingness,.HVIILM+15.995TDGLHNMGGDPITVIDEIR,,,,,,,,,0,False,0,0.0,1.0,0,0.0,,
1926,.KVETNM+15.995AFSPFSIASLLTQVLLGAGENTK.__missing,0.0,missingness,.KVETNM+15.995AFSPFSIASLLTQVLLGAGENTK,,,,,,,,,0,False,0,0.0,1.0,0,0.0,,
1927,.EVQL-14.016VQSGAEVK.__missing,0.0,missingness,.EVQL-14.016VQSGAEVK,,,,,,,,,0,False,0,0.0,1.0,0,0.0,,
1928,.ATLELSPWQM+15.995SALVQVHASQPSSFHDFPDLGQEVALNANTK.__missing,0.0,missingness,.ATLELSPWQM+15.995SALVQVHASQPSSFHDFPDLGQEVALNANTK,,,,,,,,,0,False,0,0.0,1.0,0,0.0,,
1929,.SAGWNIPIGLLYC-33.988DLPEPRKPLEK.__missing,0.0,missingness,.SAGWNIPIGLLYC-33.988DLPEPRKPLEK,,,,,,,,,0,False,0,0.0,1.0,0,0.0,,
1930,.VVSVLTVLHQDW+3.995LN+0.984GK.__missing,0.0,missingness,.VVSVLTVLHQDW+3.995LN+0.984GK,,,,,,,,,0,False,0,0.0,1.0,0,0.0,,
1931,.LVDEDM+15.995NSFK.__missing,0.0,missingness,.LVDEDM+15.995NSFK,,,,,,,,,0,False,0,0.0,1.0,0,0.0,,
1932,.+298.146AEFAEVSK.__missing,0.0,missingness,.+298.146AEFAEVSK,,,,,,,,,0,False,0,0.0,1.0,0,0.0,,
1933,.SDVVYTDW+15.995KK.__missing,0.0,missingness,.SDVVYTDW+15.995KK,,,,,,,,,0,False,0,0.0,1.0,0,0.0,,
1934,.-17.027QHIEAIDVR.__missing,0.0,missingness,.-17.027QHIEAIDVR,,,,,,,,,0,False,0,0.0,1.0,0,0.0,,
1935,.ATEHLSTLSE+42.047K.__missing,0.0,missingness,.ATEHLSTLSE+42.047K,,,,,,,,,0,False,0,0.0,1.0,0,0.0,,
1936,.-17.027QTQVSVLPEGGETPLFK.__missing,0.0,missingness,.-17.027QTQVSVLPEGGETPLFK,,,,,,,,,0,False,0,0.0,1.0,0,0.0,,
1937,.GSESGIFTNTK+42.047.__missing,0.0,missingness,.GSESGIFTNTK+42.047,,,,,,,,,0,False,0,0.0,1.0,0,0.0,,
1938,.YPIEHGIITNWDDM+15.995EK.__missing,0.0,missingness,.YPIEHGIITNWDDM+15.995EK,,,,,,,,,0,False,0,0.0,1.0,0,0.0,,
1939,.EFNAETFTFHADIC+24.995TLSEK.__missing,0.0,missingness,.EFNAETFTFHADIC+24.995TLSEK,,,,,,,,,0,False,0,0.0,1.0,0,0.0,,
1940,.LVRPEVDVM+31.990C+57.021TAFHDNEETFLKK.__missing,0.0,missingness,.LVRPEVDVM+31.990C+57.021TAFHDNEETFLKK,,,,,,,,,0,False,0,0.0,1.0,0,0.0,,
1941,.QGLLPVLESFK+42.011VSFLSALEEYTK.__missing,0.0,missingness,.QGLLPVLESFK+42.011VSFLSALEEYTK,,,,,,,,,0,False,0,0.0,1.0,0,0.0,,
1942,.EGFGHLSPTGTTEFW+3.995LGNEK.__missing,0.0,missingness,.EGFGHLSPTGTTEFW+3.995LGNEK,,,,,,,,,0,False,0,0.0,1.0,0,0.0,,
1943,.AVMDDFAAF+15.995VEK.__missing,0.0,missingness,.AVMDDFAAF+15.995VEK,,,,,,,,,0,False,0,0.0,1.0,0,0.0,,
1944,.TDGEGALSEPSATVTIEELAAPPPPVLM+15.995HHGESSQVLHPGNK.__missing,0.0,missingness,.TDGEGALSEPSATVTIEELAAPPPPVLM+15.995HHGESSQVLHPGNK,,,,,,,,,0,False,0,0.0,1.0,0,0.0,,
1945,.KDKEAC-33.988VHK.__missing,0.0,missingness,.KDKEAC-33.988VHK,,,,,,,,,0,False,0,0.0,1.0,0,0.0,,
1946,.SGN+0.984TNYAQK.__missing,0.0,missingness,.SGN+0.984TNYAQK,,,,,,,,,0,False,0,0.0,1.0,0,0.0,,
1947,.AYWDIM+15.995ISN+0.984HQNSNR.__missing,0.0,missingness,.AYWDIM+15.995ISN+0.984HQNSNR,,,,,,,,,0,False,0,0.0,1.0,0,0.0,,
1948,.QEPERNEC+47.985FLQHKDDNPNLPR.__missing,0.0,missingness,.QEPERNEC+47.985FLQHKDDNPNLPR,,,,,,,,,0,False,0,0.0,1.0,0,0.0,,
1949,.SC-33.988HTAVGR.__missing,0.0,missingness,.SC-33.988HTAVGR,,,,,,,,,0,False,0,0.0,1.0,0,0.0,,
1950,.AGVETTTP-10.021SK.__missing,0.0,missingness,.AGVETTTP-10.021SK,,,,,,,,,0,False,0,0.0,1.0,0,0.0,,
1951,.MGPTELLIEM+15.995EDW+3.995KGDK.__missing,0.0,missingness,.MGPTELLIEM+15.995EDW+3.995KGDK,,,,,,,,,0,False,0,0.0,1.0,0,0.0,,
1952,.HYLM+15.995WGLSSDFWGEKPNLSYIIGK.__missing,0.0,missingness,.HYLM+15.995WGLSSDFWGEKPNLSYIIGK,,,,,,,,,0,False,0,0.0,1.0,0,0.0,,
1953,.-17.027QTIIVVLENVQR.__missing,0.0,missingness,.-17.027QTIIVVLENVQR,,,,,,,,,0,False,0,0.0,1.0,0,0.0,,
1954,.MADE+57.021AGSEADHEGTHSTK.__missing,0.0,missingness,.MADE+57.021AGSEADHEGTHSTK,,,,,,,,,0,False,0,0.0,1.0,0,0.0,,
1955,.DASGVTFTWTPSSGK+42.047.__missing,0.0,missingness,.DASGVTFTWTPSSGK+42.047,,,,,,,,,0,False,0,0.0,1.0,0,0.0,,
1956,.DIVM-17.956TQSPDSLAVSLGER.__missing,0.0,missingness,.DIVM-17.956TQSPDSLAVSLGER,,,,,,,,,0,False,0,0.0,1.0,0,0.0,,
1957,.ATEH-22.032LSTLSEK.__missing,0.0,missingness,.ATEH-22.032LSTLSEK,,,,,,,,,0,False,0,0.0,1.0,0,0.0,,
1958,.TM+15.995QALPYSTVGNSNNYLHLSVLR.__missing,0.0,missingness,.TM+15.995QALPYSTVGNSNNYLHLSVLR,,,,,,,,,0,False,0,0.0,1.0,0,0.0,,
1959,.AGVETTT-44.026PSK.__missing,0.0,missingness,.AGVETTT-44.026PSK,,,,,,,,,0,False,0,0.0,1.0,0,0.0,,
1960,.VPTADLEDVLPLAEDITNILSK+42.047.__missing,0.0,missingness,.VPTADLEDVLPLAEDITNILSK+42.047,,,,,,,,,0,False,0,0.0,1.0,0,0.0,,
1961,.ESQLPTVM+15.995DFRK.__missing,0.0,missingness,.ESQLPTVM+15.995DFRK,,,,,,,,,0,False,0,0.0,1.0,0,0.0,,
1962,.EPQVYTLPPSREEMTK+42.047.__missing,0.0,missingness,.EPQVYTLPPSREEMTK+42.047,,,,,,,,,0,False,0,0.0,1.0,0,0.0,,
1963,.SASNM+15.995AIVDVK.__missing,0.0,missingness,.SASNM+15.995AIVDVK,,,,,,,,,0,False,0,0.0,1.0,0,0.0,,
1964,.GGSTSY+15.995GTGSETESPR.__missing,0.0,missingness,.GGSTSY+15.995GTGSETESPR,,,,,,,,,0,False,0,0.0,1.0,0,0.0,,
1965,.VYDYYETDEFAIAEYNAPC-33.988SK.__missing,0.0,missingness,.VYDYYETDEFAIAEYNAPC-33.988SK,,,,,,,,,0,False,0,0.0,1.0,0,0.0,,
1966,.C+57.021HAANPN+0.984GR.__missing,0.0,missingness,.C+57.021HAANPN+0.984GR,,,,,,,,,0,False,0,0.0,1.0,0,0.0,,
1967,.Q+0.984FTSSTSYNRGDSTFESK.__missing,0.0,missingness,.Q+0.984FTSSTSYNRGDSTFESK,,,,,,,,,0,False,0,0.0,1.0,0,0.0,,
1968,.VTSIQDWVQK+42.047.__missing,0.0,missingness,.VTSIQDWVQK+42.047,,,,,,,,,0,False,0,0.0,1.0,0,0.0,,
1969,.+128.095LVRPEVDVMC+57.021TAFHDNEETFLK.__missing,0.0,missingness,.+128.095LVRPEVDVMC+57.021TAFHDNEETFLK,,,,,,,,,0,False,0,0.0,1.0,0,0.0,,
1970,.HQTVPQNTGGK+21.982.__missing,0.0,missingness,.HQTVPQNTGGK+21.982,,,,,,,,,0,False,0,0.0,1.0,0,0.0,,
1971,.ADIGC+119.004TPGSGK.__missing,0.0,missingness,.ADIGC+119.004TPGSGK,,,,,,,,,0,False,0,0.0,1.0,0,0.0,,
1972,.MNFKQELN+0.984GNTK.__missing,0.0,missingness,.MNFKQELN+0.984GNTK,,,,,,,,,0,False,0,0.0,1.0,0,0.0,,
1973,.+43.006RTPEVTC+57.021VVVDVSQEDPEVQFNWYVDGVEVHNAK.__missing,0.0,missingness,.+43.006RTPEVTC+57.021VVVDVSQEDPEVQFNWYVDGVEVHNAK,,,,,,,,,0,False,0,0.0,1.0,0,0.0,,
1974,.ETEGLRQEMSK+42.047.__missing,0.0,missingness,.ETEGLRQEMSK+42.047,,,,,,,,,0,False,0,0.0,1.0,0,0.0,,
1975,.SC+47.985HTAVGR.__missing,0.0,missingness,.SC+47.985HTAVGR,,,,,,,,,0,False,0,0.0,1.0,0,0.0,,
1976,.DAH+4.979KSEVAHR.__missing,0.0,missingness,.DAH+4.979KSEVAHR,,,,,,,,,0,False,0,0.0,1.0,0,0.0,,
1977,.LLDNWD-18.011SVTSTFSK.__missing,0.0,missingness,.LLDNWD-18.011SVTSTFSK,,,,,,,,,0,False,0,0.0,1.0,0,0.0,,
1978,.LDGSVDFK+42.047.__missing,0.0,missingness,.LDGSVDFK+42.047,,,,,,,,,0,False,0,0.0,1.0,0,0.0,,
1979,.DALSSVQESQVAQ+0.984QAR.__missing,0.0,missingness,.DALSSVQESQVAQ+0.984QAR,,,,,,,,,0,False,0,0.0,1.0,0,0.0,,
1980,.KW+15.995QEEMELYR.__missing,0.0,missingness,.KW+15.995QEEMELYR,,,,,,,,,0,False,0,0.0,1.0,0,0.0,,
1981,.DLTDYLM+15.995K.__missing,0.0,missingness,.DLTDYLM+15.995K,,,,,,,,,0,False,0,0.0,1.0,0,0.0,,
1982,.SDVVYTDWK+42.047.__missing,0.0,missingness,.SDVVYTDWK+42.047,,,,,,,,,0,False,0,0.0,1.0,0,0.0,,
1983,.WC+119.004AVSEHEATK.__missing,0.0,missingness,.WC+119.004AVSEHEATK,,,,,,,,,0,False,0,0.0,1.0,0,0.0,,
1984,.GFYPSDIAVEWESNGQPENNYK+42.047.__missing,0.0,missingness,.GFYPSDIAVEWESNGQPENNYK+42.047,,,,,,,,,0,False,0,0.0,1.0,0,0.0,,
1985,.HPYFY+15.995APELLFFAK.__missing,0.0,missingness,.HPYFY+15.995APELLFFAK,,,,,,,,,0,False,0,0.0,1.0,0,0.0,,
1986,.FQVDNN+0.984NR.__missing,0.0,missingness,.FQVDNN+0.984NR,,,,,,,,,0,False,0,0.0,1.0,0,0.0,,
1987,.LSPLGEE+42.047MR.__missing,0.0,missingness,.LSPLGEE+42.047MR,,,,,,,,,0,False,0,0.0,1.0,0,0.0,,
1988,.DLGEENFKALVLIAFAQYLQQC+119.004PFEDHVK.__missing,0.0,missingness,.DLGEENFKALVLIAFAQYLQQC+119.004PFEDHVK,,,,,,,,,0,False,0,0.0,1.0,0,0.0,,
1989,.EI+0.959VLTQSPGTLSLSPGER.__missing,0.0,missingness,.EI+0.959VLTQSPGTLSLSPGER,,,,,,,,,0,False,0,0.0,1.0,0,0.0,,
1990,.DAAKAATGEC-33.988TATVGKR.__missing,0.0,missingness,.DAAKAATGEC-33.988TATVGKR,,,,,,,,,0,False,0,0.0,1.0,0,0.0,,
1991,.SLTSC-33.988LDSK.__missing,0.0,missingness,.SLTSC-33.988LDSK,,,,,,,,,0,False,0,0.0,1.0,0,0.0,,
1992,.VSFLSALEEYTK+42.047.__missing,0.0,missingness,.VSFLSALEEYTK+42.047,,,,,,,,,0,False,0,0.0,1.0,0,0.0,,
1993,.VVSVLTVLHQDWLN-18.011.__missing,0.0,missingness,.VVSVLTVLHQDWLN-18.011,,,,,,,,,0,False,0,0.0,1.0,0,0.0,,
1994,.HPYFYAPE+21.982LLFFAK.__missing,0.0,missingness,.HPYFYAPE+21.982LLFFAK,,,,,,,,,0,False,0,0.0,1.0,0,0.0,,
1995,.QK+42.011LHELQEK.__missing,0.0,missingness,.QK+42.011LHELQEK,,,,,,,,,0,False,0,0.0,1.0,0,0.0,,
1996,.VNVDE+21.982VGGEALGR.__missing,0.0,missingness,.VNVDE+21.982VGGEALGR,,,,,,,,,0,False,0,0.0,1.0,0,0.0,,
1997,.DAHK+31.990SEVAHR.__missing,0.0,missingness,.DAHK+31.990SEVAHR,,,,,,,,,0,False,0,0.0,1.0,0,0.0,,
1998,.+12.000LVAASQAALGL.__missing,0.0,missingness,.+12.000LVAASQAALGL,,,,,,,,,0,False,0,0.0,1.0,0,0.0,,
1999,.FSGSSSQ+0.984GEK.__missing,0.0,missingness,.FSGSSSQ+0.984GEK,,,,,,,,,0,False,0,0.0,1.0,0,0.0,,
2000,.EIFNM+15.995AR.__missing,0.0,missingness,.EIFNM+15.995AR,,,,,,,,,0,False,0,0.0,1.0,0,0.0,,
