rank,peptidoform,within_shared_rate,between_shared_rate,enrichment,shared_ratio,rarity_weight,confidence_weight,weighted_score,dbsnp_frequency,effective_frequency,dbsnp_freq_available,n_within_pairs_total,n_between_pairs_total,unmod_peptidoform,proteins,annotation,annotation_wo_pos,pvalue,charge,primary_protein,candidate_proteins,n_candidate_proteins,unique_protein_mapping,n_detected_samples,detection_rate,missing_rate,n_patients_detected,patient_detection_rate,median_log_intensity,mean_log_intensity,selected_for_report
1,.EVQ-14.975LVESGGGLVKPGGSLR.,0.5205627705627706,0.24472505238817835,0.27583771817459224,2.1271331458826843,3.7130207182706325,1.0,1.0241911624627569,9.363295880149813e-05,9.363295880149813e-05,True,924,55356,.EVQLVESGGGLVKPGGSLR.,sp|A0A0B4J1V0|HV315_HUMAN;sp|A0A0B4J1V1|HV321_HUMAN,"Q-15,3[Q->IL/1]",Q-15[Q->IL/1],30.673,3,A0A0B4J1V0,A0A0B4J1V0;A0A0B4J1V1,2,False,168,0.5,0.5,27,0.46551724137931033,24.268451895217392,24.315740761805994,True
2,.TLIYDTS+27.011NK.,0.5670995670995671,0.2913685959968206,0.2757309711027465,1.9463304381154216,3.7130207182706325,1.0,1.023794808373379,9.363295880149813e-05,9.363295880149813e-05,True,924,55356,.TLIYDTSNK.,sp|A0A075B6I9|LV746_HUMAN,"S+27,7[S->N/1]",S+27[S->N/1],1000.0,2,A0A075B6I9,A0A075B6I9,1,True,183,0.5446428571428571,0.45535714285714285,30,0.5172413793103449,24.513341595487592,24.66761090574778,True
3,.P-10.021GQAPVLVVYDDSDRPSGIPER.,0.685064935064935,0.4080316496856709,0.27703328537926414,1.6789504823772323,3.6952976272822786,1.0,1.023720442140209,0.000101698362656,0.000101698362656,True,924,55356,.PGQAPVLVVYDDSDRPSGIPER.,sp|P80748|LV302_HUMAN,"P-10,1[P->S/1]",P-10[P->S/1],34.215,3,P80748,P80748,1,True,216,0.6428571428571429,0.35714285714285715,33,0.5689655172413793,25.510439071874462,25.625994165892827,True
4,.LVRPEVDVMC+57.021TAF-33.984HDNEETFLKK.,0.45454545454545453,0.1915962135992485,0.26294924094620603,2.372413556648895,3.8333547616218553,1.0,1.0079777248459914,4.67726847521e-05,4.67726847521e-05,True,924,55356,.LVRPEVDVMCTAFHDNEETFLKK.,sp|P02768-3|ALBU_HUMAN;sp|P02768|ALBU_HUMAN;tr|A0A087WWT3|A0A087WWT3_HUMAN;tr|A0A0C4DGB6|A0A0C4DGB6_HUMAN;tr|H7C013|H7C013_HUMAN,"F-34,13[F->IL/1]",F-34[F->IL/1],40.734,4,P02768,P02768;A0A087WWT3;A0A0C4DGB6;H7C013,4,False,149,0.44345238095238093,0.5565476190476191,24,0.41379310344827586,25.587045626446063,25.591776735721147,True
5,.LLI+17.956YDASNR.,0.5995670995670995,0.32818483994508274,0.2713822596220168,1.826918938935232,3.704455678059726,1.0,1.0053235525814588,9.74896417256e-05,9.74896417256e-05,True,924,55356,.LLIYDASNR.,sp|A0A0A0MRZ8|KVD11_HUMAN;sp|P04433|KV311_HUMAN,"I+18,3[I->M/1]",I+18[I->M/1],1000.0,2,A0A0A0MRZ8,A0A0A0MRZ8;P04433,2,False,194,0.5773809523809523,0.4226190476190476,31,0.5344827586206896,25.05553473359862,24.98684189132714,True
6,.SGQAPVLVIYEDS+14.016K.,0.45021645021645024,0.17589782498735457,0.27431862522909567,2.5595339240199055,3.6378149782185205,1.0,0.9979204036627172,0.000130242250586,0.000130242250586,True,924,55356,.SGQAPVLVIYEDSK.,sp|A0A075B6K4|LV310_HUMAN,"S+14,13[S->T/1]",S+14[S->T/1],21.827,2,A0A075B6K4,A0A075B6K4,1,True,143,0.4255952380952381,0.5744047619047619,22,0.3793103448275862,25.960922062102558,25.964898389459762,True
7,.DIQMTQSPS+10.021SLSASVGDR.,0.5064935064935064,0.2389442878820724,0.26754921861143405,2.1197138085321345,3.7130207182706325,1.0,0.9934157918613733,9.363295880149813e-05,9.363295880149813e-05,True,924,55356,.DIQMTQSPSSLSASVGDR.,sp|A0A075B6S5|KV127_HUMAN;sp|P01593|KVD33_HUMAN;sp|P01594|KV102_HUMAN;sp|P01597|KV139_HUMAN;sp|P01599|KV117_HUMAN;sp|P01601|KVD16_HUMAN;sp|P04430|KV116_HUMAN;sp|P04432|KVD39_HUMAN;tr|A0A0G2JRQ6|A0A0G2JRQ6_HUMAN;tr|A0A2Q2TTZ9|A0A2Q2TTZ9_HUMAN,"S+10,9[S->P/1]",S+10[S->P/1],39.048,2,A0A075B6S5,A0A075B6S5;P01593;P01594;P01597;P01599;P01601;P04430;P04432;A0A0G2JRQ6;A0A2Q2TTZ9,10,False,166,0.49404761904761907,0.5059523809523809,28,0.4827586206896552,25.26570939802824,25.214526774584435,True
8,.LV+29.974ESGGGVVQPGR.,0.45670995670995673,0.19696148565647806,0.25974847105347865,2.3187779843746092,3.820167285815434,1.0,0.9922826116590764,5.12978352314e-05,5.12978352314e-05,True,924,55356,.LVESGGGVVQPGR.,sp|P01768|HV330_HUMAN;sp|P01772|HV333_HUMAN;sp|P0DP02|HVC33_HUMAN;sp|P0DP03|HV335_HUMAN,"V+30,2[V->E/1]",V+30[V->E/1],1000.0,2,P01768,P01768;P01772;P0DP02;P0DP03,4,False,151,0.4494047619047619,0.5505952380952381,24,0.41379310344827586,23.702397615356663,23.811683942814813,True
9,.EIVLT-30.011QSPGTLSLSPGER.,0.5562770562770563,0.29817905918057663,0.2580979970964796,1.8655805602370488,3.8214272612004687,1.0,0.9863027221657267,5.08595259892e-05,5.08595259892e-05,True,924,55356,.EIVLTQSPGTLSLSPGER.,sp|P01619|KV301_HUMAN,"T-30,5[T->A/1]",T-30[T->A/1],24.807,2,P01619,P01619,1,True,185,0.5505952380952381,0.4494047619047619,32,0.5517241379310345,25.24126318675478,25.206816277723714,True
10,.LLI-14.016YGASTR.,0.5054112554112554,0.238962352771154,0.26644890264010146,2.115024603458229,3.6951639494615924,1.0,0.9845723794093046,0.000101760455887,0.000101760455887,True,924,55356,.LLIYGASTR.,sp|A0A0C4DH55|KVD07_HUMAN;sp|P01624|KV315_HUMAN;tr|A0A075B6H7|A0A075B6H7_HUMAN;tr|A0A0C4DH90|A0A0C4DH90_HUMAN,"I-14,3[I->V/1]",I-14[I->V/1],1000.0,2,A0A0C4DH55,A0A0C4DH55;P01624;A0A075B6H7;A0A0C4DH90,4,False,166,0.49404761904761907,0.5059523809523809,29,0.5,26.318903087096075,26.159824263796082,True
11,.K+28.006AVMDDFAAFVEK.,0.6028138528138528,0.33515788713057304,0.26765596568327976,1.7985966494024488,3.6751838407004596,1.0,0.9836848799462665,0.000111259457054,0.000111259457054,True,924,55356,.KAVMDDFAAFVEK.,sp|P02768-2|ALBU_HUMAN;sp|P02768-3|ALBU_HUMAN;sp|P02768|ALBU_HUMAN;tr|A0A087WWT3|A0A087WWT3_HUMAN;tr|A0A0C4DGB6|A0A0C4DGB6_HUMAN;tr|B7WNR0|B7WNR0_HUMAN;tr|C9JKR2|C9JKR2_HUMAN;tr|D6RHD5|D6RHD5_HUMAN;tr|H0YA55|H0YA55_HUMAN,"K+28,1[K->R/1]",K+28[K->R/1],1000.0,3,P02768,P02768;A0A087WWT3;A0A0C4DGB6;B7WNR0;C9JKR2;D6RHD5;H0YA55,7,False,196,0.5833333333333334,0.4166666666666667,32,0.5517241379310345,24.590136713054058,24.57706027022768,True
12,.EVQLVQSGAEV+31.972K.,0.6352813852813853,0.3782968422573885,0.2569845430239968,1.6793198206215734,3.8214570424370207,1.0,0.9820553917365121,5.08491813282e-05,5.08491813282e-05,True,924,55356,.EVQLVQSGAEVK.,sp|A0A0C4DH38|HV551_HUMAN;sp|A0A0G2JMI3|HV692_HUMAN;sp|A0A0J9YXX1|HV5X1_HUMAN,"V+32,11[V->M/1]",V+32[V->M/1],1000.0,2,A0A0C4DH38,A0A0C4DH38;A0A0G2JMI3;A0A0J9YXX1,3,False,208,0.6190476190476191,0.38095238095238093,33,0.5689655172413793,26.024262286094807,25.970278343436462,True
13,.LVRPEVDVMC+57.021TAF-33.984HDNEETFLK.,0.658008658008658,0.40848327191271044,0.2495253860959476,1.6108582731614751,3.8333547616218553,1.0,0.9565193269364326,4.67726847521e-05,4.67726847521e-05,True,924,55356,.LVRPEVDVMCTAFHDNEETFLK.,sp|P02768-3|ALBU_HUMAN;sp|P02768|ALBU_HUMAN;tr|A0A087WWT3|A0A087WWT3_HUMAN;tr|A0A0C4DGB6|A0A0C4DGB6_HUMAN;tr|H7C013|H7C013_HUMAN,"F-34,13[F->IL/1]",F-34[F->IL/1],33.643,3,P02768,P02768;A0A087WWT3;A0A0C4DGB6;H7C013,4,False,216,0.6428571428571429,0.35714285714285715,34,0.5862068965517241,25.88370310435419,25.895659076199355,True
14,.RPC+57.021FSA+30.011LEVDETYVPK.,0.6558441558441559,0.40851940169087364,0.24732475415328226,1.605417400323211,3.863727308098022,1.0,0.9555954065906663,3.68587887149e-05,3.68587887149e-05,True,924,55356,.RPCFSALEVDETYVPK.,sp|P02768-2|ALBU_HUMAN;sp|P02768-3|ALBU_HUMAN;sp|P02768|ALBU_HUMAN;tr|A0A087WWT3|A0A087WWT3_HUMAN;tr|A0A0C4DGB6|A0A0C4DGB6_HUMAN;tr|B7WNR0|B7WNR0_HUMAN;tr|C9JKR2|C9JKR2_HUMAN;tr|D6RHD5|D6RHD5_HUMAN;tr|H0YA55|H0YA55_HUMAN,"A+30,6[A->T/1]",A+30[A->T/1],25.254,2,P02768,P02768;A0A087WWT3;A0A0C4DGB6;B7WNR0;C9JKR2;D6RHD5;H0YA55,7,False,216,0.6428571428571429,0.35714285714285715,36,0.6206896551724138,25.454004857732322,25.470368920557135,True
15,.DS+14.016NRPSGIPER.,0.6396103896103896,0.3895512681552135,0.2500591214551761,1.6419158192947843,3.8214421530780567,1.0,0.9555864674904755,5.08543531326e-05,5.08543531326e-05,True,924,55356,.DSNRPSGIPER.,sp|A0A075B6K2|LV312_HUMAN;sp|A0A075B6K5|LV39_HUMAN,"S+14,2[S->T/1]",S+14[S->T/1],1000.0,3,A0A075B6K2,A0A075B6K2;A0A075B6K5,2,False,211,0.6279761904761905,0.37202380952380953,36,0.6206896551724138,25.37343378671229,25.460964240207694,True
16,.ASGVPDRFSGSGSG+58.005TDFTLK.,0.3906926406926407,0.1334814654238023,0.2572111752688384,2.92694299880658,3.7130207182706325,1.0,0.9550304227439359,9.363295880149813e-05,9.363295880149813e-05,True,924,55356,.ASGVPDRFSGSGSGTDFTLK.,sp|A0A075B6P5|KV228_HUMAN;sp|A0A087WW87|KV240_HUMAN;sp|P01614|KVD40_HUMAN;sp|P01615|KV202_HUMAN;tr|A0A087X0Q4|A0A087X0Q4_HUMAN,"G+58,14[G->D/1]",G+58[G->D/1],1000.0,2,A0A075B6P5,A0A075B6P5;A0A087WW87;P01614;P01615;A0A087X0Q4,5,False,125,0.37202380952380953,0.6279761904761905,19,0.3275862068965517,25.617950034236816,25.693450676909457,True
17,.EFNAETFTF-33.984HADIC+57.021TLSEK.,0.7251082251082251,0.476154346412313,0.24895387869591212,1.522842814670723,3.8333547616218553,1.0,0.9543285363232045,4.67726847521e-05,4.67726847521e-05,True,924,55356,.EFNAETFTFHADICTLSEK.,sp|P02768-2|ALBU_HUMAN;sp|P02768-3|ALBU_HUMAN;sp|P02768|ALBU_HUMAN;tr|A0A087WWT3|A0A087WWT3_HUMAN;tr|A0A0C4DGB6|A0A0C4DGB6_HUMAN;tr|B7WNR0|B7WNR0_HUMAN;tr|C9JKR2|C9JKR2_HUMAN;tr|D6RHD5|D6RHD5_HUMAN;tr|H0YA55|H0YA55_HUMAN,"F-34,9[F->IL/1]",F-34[F->IL/1],39.941,3,P02768,P02768;A0A087WWT3;A0A0C4DGB6;B7WNR0;C9JKR2;D6RHD5;H0YA55,7,False,233,0.6934523809523809,0.30654761904761907,38,0.6551724137931034,26.57224010415992,26.582951987780685,True
18,.L-14.016LIYWASTR.,0.54004329004329,0.2691849122046391,0.2708583778386509,2.006216788379059,3.5174554902536683,1.0,0.9527322882097652,0.000203769740194,0.000203769740194,True,924,55356,.LLIYWASTR.,sp|P06312|KV401_HUMAN,"L-14,1[L->V/1]",L-14[L->V/1],1000.0,2,P06312,P06312,1,True,176,0.5238095238095238,0.47619047619047616,28,0.4827586206896552,23.875562644722766,23.836221998915605,True
19,.LE-0.984TGVPSR.,0.3658008658008658,0.11438687766457115,0.2514139881362947,3.197926836271751,3.7665612435312483,1.0,0.9469661837957926,7.117437722419929e-05,7.117437722419929e-05,True,924,55356,.LETGVPSR.,sp|P01593|KVD33_HUMAN;sp|P01594|KV102_HUMAN;tr|A0A2Q2TTZ9|A0A2Q2TTZ9_HUMAN,"E-1,2[E->Q/1]",E-1[E->Q/1],1000.0,2,P01593,P01593;P01594;A0A2Q2TTZ9,3,False,116,0.34523809523809523,0.6547619047619048,18,0.3103448275862069,26.435210570138437,26.558904287256826,True
20,.VSWYQQP-10.021PGTAPK.,0.39826839826839827,0.14954115181732786,0.24872724645107042,2.663269564453425,3.8056174277115815,1.0,0.9465607438409072,5.64525234278e-05,5.64525234278e-05,True,924,55356,.VSWYQQPPGTAPK.,sp|A0A075B6J9|LV218_HUMAN,"P-10,7[P->S/1]",P-10[P->S/1],1000.0,2,A0A075B6J9,A0A075B6J9,1,True,132,0.39285714285714285,0.6071428571428571,22,0.3793103448275862,24.67502802160024,24.675998580235234,True
21,.LVNEV-28.031TEFAK.,0.34523809523809523,0.10253631042705398,0.24270178481104127,3.366983791402396,3.892033811601206,1.0,0.9446035526205326,2.82230751863e-05,2.82230751863e-05,True,924,55356,.LVNEVTEFAK.,sp|P02768-3|ALBU_HUMAN;sp|P02768|ALBU_HUMAN;tr|A0A087WWT3|A0A087WWT3_HUMAN;tr|A0A0C4DGB6|A0A0C4DGB6_HUMAN;tr|H7C013|H7C013_HUMAN,"V-28,5[V->A/1]",V-28[V->A/1],1000.0,2,P02768,P02768;A0A087WWT3;A0A0C4DGB6;H7C013,4,False,110,0.3273809523809524,0.6726190476190477,17,0.29310344827586204,24.222433156065318,24.195039684319646,True
22,.YVL-14.016TQPPSVSVAPGQTAR.,0.4902597402597403,0.23623455451983524,0.25402518573990507,2.0753091826732573,3.7108406956126827,1.0,0.9426469969542103,9.46073793756e-05,9.46073793756e-05,True,924,55356,.YVLTQPPSVSVAPGQTAR.,sp|P80748|LV302_HUMAN,"L-14,3[L->V/1]",L-14[L->V/1],1000.0,2,P80748,P80748,1,True,165,0.49107142857142855,0.5089285714285714,28,0.4827586206896552,24.692082283969267,24.723063428217912,True
23,.SKT-30.011DGGTTDYAAPVK.,0.49567099567099565,0.24212370836043068,0.253547287310565,2.0471807532913253,3.7130207182706285,1.0,0.9414263308454434,9.36329588015e-05,9.36329588015e-05,True,924,55356,.SKTDGGTTDYAAPVK.,sp|A0A0B4J1V0|HV315_HUMAN,"T-30,3[T->A/1]",T-30[T->A/1],1000.0,2,A0A0B4J1V0,A0A0B4J1V0,1,True,167,0.49702380952380953,0.5029761904761905,28,0.4827586206896552,23.74427214588446,23.71045678075825,True
24,.LLIY-76.031DASNLETGVPSR.,0.5021645021645021,0.2450321555025652,0.25713234666193696,2.0493820541004264,3.7130207182706325,0.9838374999999999,0.9393067819242201,9.363295880149813e-05,9.363295880149813e-05,True,924,55356,.LLIYDASNLETGVPSR.,sp|P01593|KVD33_HUMAN;sp|P01594|KV102_HUMAN;tr|A0A2Q2TTZ9|A0A2Q2TTZ9_HUMAN,"Y-76,4[Y->S/1]",Y-76[Y->S/1],19.569,2,P01593,P01593;P01594;A0A2Q2TTZ9,3,False,168,0.5,0.5,28,0.4827586206896552,24.95627466774223,24.944909722768358,True
25,.LLIYGA+28.031SSR.,0.49567099567099565,0.23023701134475033,0.2654339843262453,2.1528727843361035,3.534790700331214,1.0,0.9382535793482731,0.000191883334932,0.000191883334932,True,924,55356,.LLIYGASSR.,sp|P01619|KV301_HUMAN,"A+28,6[A->V/1]",A+28[A->V/1],1000.0,2,P01619,P01619,1,True,163,0.4851190476190476,0.5148809523809523,27,0.46551724137931033,26.123867953591244,26.048892535523382,True
26,.V-28.031TISVDTSK.,0.3647186147186147,0.11026808295397066,0.25445053176464405,3.307562849994043,3.6723902511236783,1.0,0.9344416522457146,0.000112622758807,0.000112622758807,True,924,55356,.VTISVDTSK.,sp|A0A0C4DH41|HV461_HUMAN;sp|P01824|HV206_HUMAN;sp|P01825|HV459_HUMAN;sp|P06331|HV209_HUMAN;sp|P0DP06|HVD34_HUMAN;sp|P0DP07|HV431_HUMAN;sp|P0DP08|HVD82_HUMAN;tr|A0A0J9YWU9|A0A0J9YWU9_HUMAN,"V-28,1[V->A/1]",V-28[V->A/1],1000.0,2,A0A0C4DH41,A0A0C4DH41;P01824;P01825;P06331;P0DP06;P0DP07;P0DP08;A0A0J9YWU9,8,False,114,0.3392857142857143,0.6607142857142857,17,0.29310344827586204,26.349987193798107,26.102029511217598,False
27,.YVLTQP-10.021PSVSVAPGQTAR.,0.5703463203463204,0.31826721583929474,0.25207910450702564,1.7920360375236073,3.6952976272822786,1.0,0.9315073167722534,0.000101698362656,0.000101698362656,True,924,55356,.YVLTQPPSVSVAPGQTAR.,sp|P80748|LV302_HUMAN,"P-10,6[P->S/1]",P-10[P->S/1],30.217,2,P80748,P80748,1,True,191,0.5684523809523809,0.43154761904761907,33,0.5689655172413793,24.919298716895536,24.921006940557273,False
28,.GLEWVGF-33.984IR.,0.6038961038961039,0.35302406243225665,0.2508720414638473,1.7106372289055742,3.7130207182706325,1.0,0.9314930875901142,9.363295880149813e-05,9.363295880149813e-05,True,924,55356,.GLEWVGFIR.,sp|A0A0A0MS15|HV349_HUMAN,"F-34,7[F->IL/1]",F-34[F->IL/1],1000.0,2,A0A0A0MS15,A0A0A0MS15,1,True,201,0.5982142857142857,0.4017857142857143,33,0.5689655172413793,24.77278694324806,24.699710749210166,False
29,.LLIYDA+15.995SNR.,0.5119047619047619,0.2664932437314835,0.2454115181732784,1.920892082429501,3.7665612435312483,1.0,0.924357513067635,7.117437722419929e-05,7.117437722419929e-05,True,924,55356,.LLIYDASNR.,sp|A0A0A0MRZ8|KVD11_HUMAN;sp|P04433|KV311_HUMAN,"A+16,6[A->S/1]",A+16[A->S/1],1000.0,2,A0A0A0MRZ8,A0A0A0MRZ8;P04433,2,False,175,0.5208333333333334,0.4791666666666667,32,0.5517241379310345,25.939840307287717,25.887163935809657,False
30,.PGQAPVLV+14.016IYK.,0.6396103896103896,0.35605896379796226,0.28355142581242737,1.7963608689636088,3.7130207182706325,0.8774125000000002,0.9237682368635833,9.363295880149813e-05,9.363295880149813e-05,True,924,55356,.PGQAPVLVIYK.,sp|P01717|LV325_HUMAN;sp|P01718|LV327_HUMAN,"V+14,8[V->IL/1]",V+14[V->IL/1],16.731,2,P01717,P01717;P01718,2,False,202,0.6011904761904762,0.39880952380952384,31,0.5344827586206896,23.752737901101913,23.683270197281068,False
31,.I-14.016VLTQSPGTLSLSPGER.,0.3852813852813853,0.13582990100440784,0.24945148427697744,2.836499050889262,3.695253081568282,1.0,0.9217863659762827,0.000101719051978,0.000101719051978,True,924,55356,.IVLTQSPGTLSLSPGER.,sp|P01619|KV301_HUMAN,"I-14,1[I->V/1]",I-14[I->V/1],29.831,2,P01619,P01619,1,True,126,0.375,0.625,20,0.3448275862068966,24.773353214399606,24.722689785888413,False
32,.EIVLTQSPGTLSLSPGER-28.006.,0.4199134199134199,0.1712912782715514,0.2486221416418685,2.4514582654215644,3.6952753561191845,1.0,0.9187272729947699,0.000101708706265,0.000101708706265,True,924,55356,.EIVLTQSPGTLSLSPGER.,sp|P01619|KV301_HUMAN,"R-28,18[R->K/1]",R-28[R->K/1],1000.0,2,P01619,P01619,1,True,141,0.41964285714285715,0.5803571428571429,23,0.39655172413793105,25.407066935320234,25.324253461727213,False
33,.SYELTQPPSVSVSPGQT-30.011AR.,0.42857142857142855,0.1762591227689862,0.25231230580244235,2.4314850876293943,3.6378149782185205,1.0,0.9178654852369765,0.000130242250586,0.000130242250586,True,924,55356,.SYELTQPPSVSVSPGQTAR.,sp|A0A075B6K4|LV310_HUMAN;sp|P01717|LV325_HUMAN,"T-30,17[T->A/1]",T-30[T->A/1],1000.0,2,A0A075B6K4,A0A075B6K4;P01717,2,False,143,0.4255952380952381,0.5744047619047619,23,0.39655172413793105,24.66750589494968,24.681318182470598,False
34,.TLIYS+14.016TNTR.,0.39826839826839827,0.14018353927306887,0.2580848589953294,2.841049671977507,3.534845476743357,1.0,0.9122900964355872,0.000191846522782,0.000191846522782,True,924,55356,.TLIYSTNTR.,sp|A0A075B6I0|LV861_HUMAN,"S+14,5[S->T/1]",S+14[S->T/1],1000.0,2,A0A075B6I0,A0A075B6I0,1,True,128,0.38095238095238093,0.6190476190476191,20,0.3448275862068966,24.647495384427074,24.704473158614782,False
35,.LLIYDNN+49.020K.,0.5952380952380952,0.3459606908013585,0.24927740443673674,1.7205367865907784,3.6378576349653056,1.0,0.906835708954517,0.000130219637121,0.000130219637121,True,924,55356,.LLIYDNNK.,sp|P01701|LV103_HUMAN,"N+49,7[N->Y/1]",N+49[N->Y/1],1000.0,2,P01701,P01701,1,True,199,0.5922619047619048,0.40773809523809523,34,0.5862068965517241,24.78026661556635,24.724607886433873,False
36,.SY-76.031ELTQPPSVSVSPGQTAR.,0.5768398268398268,0.33206879109762266,0.24477103574220416,1.737109425228237,3.6952753561191845,1.0,0.9044963762699351,0.000101708706265,0.000101708706265,True,924,55356,.SYELTQPPSVSVSPGQTAR.,sp|A0A075B6K4|LV310_HUMAN;sp|P01717|LV325_HUMAN,"Y-76,2[Y->S/1]",Y-76[Y->S/1],23.215,2,A0A075B6K4,A0A075B6K4;P01717,2,False,195,0.5803571428571429,0.41964285714285715,37,0.6379310344827587,26.39655805830169,26.433053702341645,False
37,.PGQAPVL-14.016VVYDDSDRPSGIPER.,0.43506493506493504,0.19192138160271696,0.24314355346221808,2.2668914293537785,3.7108406956126827,1.0,0.9022669930634769,9.46073793756e-05,9.46073793756e-05,True,924,55356,.PGQAPVLVVYDDSDRPSGIPER.,sp|P80748|LV302_HUMAN,"L-14,7[L->V/1]",L-14[L->V/1],52.326,3,P80748,P80748,1,True,149,0.44345238095238093,0.5565476190476191,26,0.4482758620689655,25.233692627556007,25.14382558818722,False
38,.VTVL+14.975GQPK.,0.7077922077922078,0.46392441650408267,0.24386779128812508,1.5256627644774523,3.695253081568282,1.0,0.9011532072526949,0.000101719051978,0.000101719051978,True,924,55356,.VTVLGQPK.,sp|B9A064|IGLL5_HUMAN;tr|A0A0B4J231|A0A0B4J231_HUMAN,"L+15,4[L->Q/1]",L+15[L->Q/1],1000.0,2,B9A064,B9A064;A0A0B4J231,2,False,230,0.6845238095238095,0.31547619047619047,37,0.6379310344827587,24.864232328474117,24.825993968710605,False
39,.EIVLTQSPATLSLSPGE-14.016R.,0.3906926406926407,0.14030999349663992,0.2503826471960008,2.7844961784706865,3.5975767982772475,1.0,0.9007708022435702,0.000152594099695,0.000152594099695,True,924,55356,.EIVLTQSPATLSLSPGER.,sp|A0A0A0MRZ8|KVD11_HUMAN;sp|A0A0C4DH25|KVD20_HUMAN;sp|P04433|KV311_HUMAN,"E-14,17[E->D/1]",E-14[E->D/1],38.233,3,A0A0A0MRZ8,A0A0A0MRZ8;A0A0C4DH25;P04433,3,False,128,0.38095238095238093,0.6190476190476191,22,0.3793103448275862,25.114661071187115,25.198536003580482,False
40,.EIVLTQSPGTLSL-26.052SPGER.,0.5054112554112554,0.26345834236577786,0.24195291304547756,1.9183725627088217,3.7130207182706325,1.0,0.898376178983791,9.363295880149813e-05,9.363295880149813e-05,True,924,55356,.EIVLTQSPGTLSLSPGER.,sp|P01619|KV301_HUMAN,"L-26,13[L->S/1]",L-26[L->S/1],1000.0,2,P01619,P01619,1,True,174,0.5178571428571429,0.48214285714285715,31,0.5344827586206896,24.96268251271625,25.021019627248787,False
41,.GLEWV+14.016ANIK.,0.4816017316017316,0.23341643182310862,0.24818529977862297,2.0632726147005225,3.5973364364690608,1.0,0.8928060218896371,0.000152733937481,0.000152733937481,True,924,55356,.GLEWVANIK.,sp|P01780|HV307_HUMAN,"V+14,5[V->IL/1]",V+14[V->IL/1],1000.0,2,P01780,P01780,1,True,164,0.4880952380952381,0.5119047619047619,27,0.46551724137931033,23.830198242700856,23.82848455431483,False
42,.EVQLVQSGAE-0.984VK.,0.4101731601731602,0.17656622588337306,0.23360693428978713,2.3230556020611273,3.8214570424370207,1.0,0.8927188642038294,5.08491813282e-05,5.08491813282e-05,True,924,55356,.EVQLVQSGAEVK.,sp|A0A0C4DH38|HV551_HUMAN;sp|A0A0G2JMI3|HV692_HUMAN;sp|A0A0J9YXX1|HV5X1_HUMAN,"E-1,10[E->Q/1]",E-1[E->Q/1],21.545,2,A0A0C4DH38,A0A0C4DH38;A0A0G2JMI3;A0A0J9YXX1,3,False,143,0.4255952380952381,0.5744047619047619,25,0.43103448275862066,24.219262482258912,24.144008491113222,False
43,.SSQSVLYSS+10.021NNK.,0.4448051948051948,0.19716019943637547,0.24764499536881934,2.256059773102104,3.5968011968477724,1.0,0.8907298157359305,0.000153045607591,0.000153045607591,True,924,55356,.SSQSVLYSSNNK.,sp|P06312|KV401_HUMAN,"S+10,9[S->P/1]",S+10[S->P/1],1000.0,2,P06312,P06312,1,True,151,0.4494047619047619,0.5505952380952381,27,0.46551724137931033,24.74143057062438,24.76206393776892,False
44,.LLIYDNN-27.011K.,0.4329004329004329,0.19195751138088013,0.24094292151955277,2.2551888164536384,3.695319895056985,1.0,0.8903611714643571,0.000101688021151,0.000101688021151,True,924,55356,.LLIYDNNK.,sp|P01701|LV103_HUMAN,"N-27,7[N->S/1]",N-27[N->S/1],1000.0,2,P01701,P01701,1,True,149,0.44345238095238093,0.5565476190476191,26,0.4482758620689655,25.032400132576583,25.069499443676534,False
45,.LLI-14.016YDASNR.,0.3463203463203463,0.10450538333694631,0.2418149629834,3.3138995835625047,3.653928601642504,1.0,0.8835746095501685,0.000121856112303,0.000121856112303,True,924,55356,.LLIYDASNR.,sp|A0A0A0MRZ8|KVD11_HUMAN;sp|P04433|KV311_HUMAN,"I-14,3[I->V/1]",I-14[I->V/1],1000.0,2,A0A0A0MRZ8,A0A0A0MRZ8;P04433,2,False,111,0.33035714285714285,0.6696428571428571,17,0.29310344827586204,25.713780532687608,25.50493062667154,False
46,.WILTAAHTL-14.016YPK.,0.4621212121212121,0.2078907435508346,0.2542304685703775,2.2229042247290423,3.469076328482529,1.0,0.8819449004965182,0.000239565587734,0.000239565587734,True,924,55356,.WILTAAHTLYPK.,sp|P00736|C1R_HUMAN;sp|Q9NZP8|C1RL_HUMAN;tr|A0A3B3ISR2|A0A3B3ISR2_HUMAN;tr|A0A3B3ITU4|A0A3B3ITU4_HUMAN;tr|B4DPQ0|B4DPQ0_HUMAN;tr|F5H2D0|F5H2D0_HUMAN;tr|H0YFL7|H0YFL7_HUMAN,"L-14,9[L->V/1]",L-14[L->V/1],20.352,2,P00736,P00736;Q9NZP8;A0A3B3ISR2;A0A3B3ITU4;B4DPQ0;F5H2D0;H0YFL7,7,False,155,0.46130952380952384,0.5386904761904762,26,0.4482758620689655,24.858848760190796,24.856979973820827,False
47,.LMIY-15.995DVSK.,0.5714285714285714,0.34635811836115327,0.22507045306741813,1.6498200594586137,3.9117768776168558,1.0,0.880425394143876,2.25245517614e-05,2.25245517614e-05,True,924,55356,.LMIYDVSK.,sp|P01706|LV211_HUMAN,"Y-16,4[Y->F/1]",Y-16[Y->F/1],1000.0,2,P01706,P01706,1,True,199,0.5922619047619048,0.40773809523809523,34,0.5862068965517241,22.968080694596647,22.89420852578293,False
48,.DVMQGTDEHVV+31.972C+57.021K.,0.39826839826839827,0.16912349158176168,0.2291449066866366,2.354896972286419,3.8384606419812926,1.0,0.8795637056271305,4.50572226728e-05,4.50572226728e-05,True,924,55356,.DVMQGTDEHVVCK.,sp|P01871-2|IGHM_HUMAN;sp|P01871|IGHM_HUMAN;tr|A0A1B0GUU9|A0A1B0GUU9_HUMAN,"V+32,11[V->M/1]",V+32[V->M/1],1000.0,2,P01871,P01871;A0A1B0GUU9,2,False,140,0.4166666666666667,0.5833333333333334,26,0.4482758620689655,24.693895933612573,24.687935172483115,False
49,.ASGVPDRFS+14.016GSGSGTDFTLK.,0.3961038961038961,0.15922393236505528,0.23687996373884085,2.48771582399901,3.7130207182706325,1.0,0.8795402131055122,9.363295880149813e-05,9.363295880149813e-05,True,924,55356,.ASGVPDRFSGSGSGTDFTLK.,sp|A0A075B6P5|KV228_HUMAN;sp|A0A087WW87|KV240_HUMAN;sp|P01614|KVD40_HUMAN;sp|P01615|KV202_HUMAN;tr|A0A087X0Q4|A0A087X0Q4_HUMAN,"S+14,9[S->T/1]",S+14[S->T/1],1000.0,2,A0A075B6P5,A0A075B6P5;A0A087WW87;P01614;P01615;A0A087X0Q4,5,False,136,0.40476190476190477,0.5952380952380952,26,0.4482758620689655,25.378163488041082,25.408230520687372,False
50,.L-14.016LIYGASSR.,0.7121212121212122,0.476371125081292,0.23575008703992018,1.4948874409625263,3.7285576469741373,1.0,0.8790077898075128,8.68281670574e-05,8.68281670574e-05,True,924,55356,.LLIYGASSR.,sp|P01619|KV301_HUMAN,"L-14,1[L->V/1]",L-14[L->V/1],1000.0,2,P01619,P01619,1,True,233,0.6934523809523809,0.30654761904761907,40,0.6896551724137931,25.784329016291515,25.94544800193343,False
51,.INPNSGG+58.005TNYAQK.,0.36363636363636365,0.1294710600476913,0.23416530358867235,2.8086304653906162,3.734468029730839,1.0,0.8744828399241129,8.430281571404485e-05,8.430281571404485e-05,True,924,55356,.INPNSGGTNYAQK.,sp|P23083|HV103_HUMAN;tr|A0A075B7D0|A0A075B7D0_HUMAN,"G+58,7[G->D/1]",G+58[G->D/1],1000.0,2,P23083,P23083;A0A075B7D0,2,False,123,0.36607142857142855,0.6339285714285714,22,0.3793103448275862,24.03913090866696,24.111444844437464,False
52,.LLIY-15.995GASTR.,0.7283549783549783,0.4930450177035913,0.23530996065138698,1.477258571128794,3.7130207182706325,1.0,0.8737107591140472,9.363295880149813e-05,9.363295880149813e-05,True,924,55356,.LLIYGASTR.,sp|A0A0C4DH55|KVD07_HUMAN;sp|P01624|KV315_HUMAN;tr|A0A075B6H7|A0A075B6H7_HUMAN;tr|A0A0C4DH90|A0A0C4DH90_HUMAN,"Y-16,4[Y->F/1]",Y-16[Y->F/1],1000.0,2,A0A0C4DH55,A0A0C4DH55;P01624;A0A075B6H7;A0A0C4DH90,4,False,237,0.7053571428571429,0.29464285714285715,39,0.6724137931034483,25.72293986829374,25.709975117862808,False
53,.SK-14.052TDGGTTDYAAPVK.,0.3528138528138528,0.11460365633355012,0.23821019648030267,3.0785566892124265,3.69520852229676,0.9911125000000001,0.872413247587977,0.00010173974972,0.00010173974972,True,924,55356,.SKTDGGTTDYAAPVK.,sp|A0A0B4J1V0|HV315_HUMAN,"K-14,2[K->N/1]",K-14[K->N/1],19.763,2,A0A0B4J1V0,A0A0B4J1V0,1,True,116,0.34523809523809523,0.6547619047619048,20,0.3448275862068966,23.78891237613638,23.903918907398975,False
54,.DSERPSGI-14.016PER.,0.3939393939393939,0.15926006214321844,0.23467933179617548,2.4735604685695427,3.7130207182706325,1.0,0.8713692211091075,9.363295880149813e-05,9.363295880149813e-05,True,924,55356,.DSERPSGIPER.,sp|A0A075B6K0|LV316_HUMAN;sp|P01717|LV325_HUMAN;sp|P01718|LV327_HUMAN,"I-14,8[I->V/1]",I-14[I->V/1],1000.0,3,A0A075B6K0,A0A075B6K0;P01717;P01718,3,False,136,0.40476190476190477,0.5952380952380952,23,0.39655172413793105,23.75536377329714,23.86590180622571,False
55,.K+28.006LVNEVTEFAK.,0.5216450216450217,0.2855697666016331,0.2360752550433886,1.8266815421420686,3.6751838407004596,1.0,0.8676199625247015,0.000111259457054,0.000111259457054,True,924,55356,.KLVNEVTEFAK.,sp|P02768-3|ALBU_HUMAN;sp|P02768|ALBU_HUMAN;tr|A0A087WWT3|A0A087WWT3_HUMAN;tr|A0A0C4DGB6|A0A0C4DGB6_HUMAN;tr|H7C013|H7C013_HUMAN,"K+28,1[K->R/1]",K+28[K->R/1],20.523,2,P02768,P02768;A0A087WWT3;A0A0C4DGB6;H7C013,4,False,181,0.5386904761904762,0.46130952380952384,35,0.603448275862069,27.583560218163875,27.447552986942064,False
56,.K+28.006LDELRDEGK.,0.5119047619047619,0.2760315051665583,0.23587325673820358,1.8545157068062825,3.6751838407004596,1.0,0.8668775816176366,0.000111259457054,0.000111259457054,True,924,55356,.KLDELRDEGK.,sp|P02768|ALBU_HUMAN;tr|A0A0C4DGB6|A0A0C4DGB6_HUMAN;tr|B7WNR0|B7WNR0_HUMAN;tr|D6RHD5|D6RHD5_HUMAN;tr|H0YA55|H0YA55_HUMAN,"K+28,1[K->R/1]",K+28[K->R/1],27.479,3,P02768,P02768;A0A0C4DGB6;B7WNR0;D6RHD5;H0YA55,5,False,178,0.5297619047619048,0.47023809523809523,32,0.5517241379310345,25.602760432120952,25.45334578134525,False
57,.LLIY-15.995DASNLETGVPSR.,0.5292207792207793,0.2725449815738131,0.25667579764696613,1.9417740740071225,3.7130207182706325,0.9075625,0.8649456834063658,9.363295880149813e-05,9.363295880149813e-05,True,924,55356,.LLIYDASNLETGVPSR.,sp|P01593|KVD33_HUMAN;sp|P01594|KV102_HUMAN;tr|A0A2Q2TTZ9|A0A2Q2TTZ9_HUMAN,"Y-16,4[Y->F/1]",Y-16[Y->F/1],17.535,2,P01593,P01593;P01594;A0A2Q2TTZ9,3,False,177,0.5267857142857143,0.4732142857142857,29,0.5,24.958683907165668,24.92478384532355,False
58,.VFD-0.984EFKPLVEEPQNLIK.,0.3560606060606061,0.13405954187441288,0.2220010641861932,2.6559885337678093,3.8920122240166988,1.0,0.8640308555573797,2.82294489612e-05,2.82294489612e-05,True,924,55356,.VFDEFKPLVEEPQNLIK.,sp|P02768-2|ALBU_HUMAN;sp|P02768-3|ALBU_HUMAN;sp|P02768|ALBU_HUMAN;tr|A0A087WWT3|A0A087WWT3_HUMAN;tr|A0A0C4DGB6|A0A0C4DGB6_HUMAN;tr|B7WNR0|B7WNR0_HUMAN;tr|C9JKR2|C9JKR2_HUMAN;tr|D6RHD5|D6RHD5_HUMAN;tr|H0YA55|H0YA55_HUMAN,"D-1,3[D->N/1]",D-1[D->N/1],1000.0,3,P02768,P02768;A0A087WWT3;A0A0C4DGB6;B7WNR0;C9JKR2;D6RHD5;H0YA55,7,False,125,0.37202380952380953,0.6279761904761905,22,0.3793103448275862,24.82619234378674,24.70492748342268,False
59,.EVQ-14.975LVESGGGLVQPGGSLR.,0.4166666666666667,0.16381241419177686,0.2528542524748898,2.5435597706219677,3.7130207182706325,0.9187749999999999,0.8625947368700071,9.363295880149813e-05,9.363295880149813e-05,True,924,55356,.EVQLVESGGGLVQPGGSLR.,sp|A0A0B4J1X5|HV374_HUMAN;sp|A0A0B4J1Y9|HV372_HUMAN;sp|A0A0J9YX35|HV64D_HUMAN;sp|P01763|HV302_HUMAN;sp|P01764|HV323_HUMAN;sp|P01766|HV313_HUMAN;sp|P01780|HV307_HUMAN;tr|A0A075B7D8|A0A075B7D8_HUMAN;tr|A0A075B7E8|A0A075B7E8_HUMAN;tr|A0A075B7F1|A0A075B7F1_HUMAN [further mapped to 5 additional proteins],"Q-15,3[Q->IL/1]",Q-15[Q->IL/1],17.834,2,A0A0B4J1X5,A0A0B4J1X5;A0A0B4J1Y9;A0A0J9YX35;P01763;P01764;P01766;P01780;A0A075B7D8;A0A075B7E8;A0A075B7F1,10,False,138,0.4107142857142857,0.5892857142857143,23,0.39655172413793105,24.702230928209573,24.608257208511176,False
60,.K+28.006VFDEFKPLVEEPQNLIK.,0.5703463203463204,0.33569983380302043,0.23464648654329995,1.6989770709299312,3.6751838407004596,1.0,0.8623689756210738,0.000111259457054,0.000111259457054,True,924,55356,.KVFDEFKPLVEEPQNLIK.,sp|P02768-2|ALBU_HUMAN;sp|P02768-3|ALBU_HUMAN;sp|P02768|ALBU_HUMAN;tr|A0A087WWT3|A0A087WWT3_HUMAN;tr|A0A0C4DGB6|A0A0C4DGB6_HUMAN;tr|B7WNR0|B7WNR0_HUMAN;tr|C9JKR2|C9JKR2_HUMAN;tr|D6RHD5|D6RHD5_HUMAN;tr|H0YA55|H0YA55_HUMAN,"K+28,1[K->R/1]",K+28[K->R/1],46.628,3,P02768,P02768;A0A087WWT3;A0A0C4DGB6;B7WNR0;C9JKR2;D6RHD5;H0YA55,7,False,196,0.5833333333333334,0.4166666666666667,37,0.6379310344827587,28.273365295072587,28.184250580134847,False
61,.FSGSGSGTDFTLT-14.016ISR.,0.41233766233766234,0.179113375243876,0.23322428709378634,2.302104249759318,3.695230803625845,1.0,0.8618175698226369,0.000101729399797,0.000101729399797,True,924,55356,.FSGSGSGTDFTLTISR.,sp|A0A0C4DH25|KVD20_HUMAN;sp|P01619|KV301_HUMAN,"T-14,13[T->S/1]",T-14[T->S/1],1000.0,2,A0A0C4DH25,A0A0C4DH25;P01619,2,False,144,0.42857142857142855,0.5714285714285714,29,0.5,25.585239432052436,25.488610849097157,False
62,.GLEWVAN-27.011IK.,0.7932900432900433,0.5626309704458414,0.23065907284420184,1.4099651191640274,3.7130207182706325,1.0,0.8564419163276165,9.363295880149813e-05,9.363295880149813e-05,True,924,55356,.GLEWVANIK.,sp|P01780|HV307_HUMAN,"N-27,7[N->S/1]",N-27[N->S/1],1000.0,2,P01780,P01780,1,True,253,0.7529761904761905,0.24702380952380953,40,0.6896551724137931,24.76609018385635,24.7353093190592,False
63,.Y-15.995VSWYQQHPGK.,0.40584415584415584,0.14941469759375678,0.2564294582503991,2.7162264648662906,3.3410537562730953,0.9959125,0.8532426611348326,0.000355980471928,0.000355980471928,True,924,55356,.YVSWYQQHPGK.,sp|P01704|LV214_HUMAN;sp|P01706|LV211_HUMAN;sp|P01709|LV208_HUMAN,"Y-16,1[Y->F/1]",Y-16[Y->F/1],19.891,2,P01704,P01704;P01706;P01709,3,False,132,0.39285714285714285,0.6071428571428571,22,0.3793103448275862,24.951830046228892,24.991854516393392,False
64,.LLIYGA+28.031STR.,0.43506493506493504,0.19192138160271696,0.24314355346221808,2.2668914293537785,3.498689325911038,1.0,0.8506837551623422,0.000217183563548,0.000217183563548,True,924,55356,.LLIYGASTR.,sp|A0A0C4DH55|KVD07_HUMAN;sp|P01624|KV315_HUMAN;tr|A0A075B6H7|A0A075B6H7_HUMAN;tr|A0A0C4DH90|A0A0C4DH90_HUMAN,"A+28,6[A->V/1]",A+28[A->V/1],1000.0,2,A0A0C4DH55,A0A0C4DH55;P01624;A0A075B6H7;A0A0C4DH90,4,False,149,0.44345238095238093,0.5565476190476191,29,0.5,25.86144239656529,25.866920383526192,False
65,.ASS+26.052LESGVPSR.,0.5670995670995671,0.30807861839728307,0.25902094870228404,1.840762497734469,3.7130207182706325,0.8842375,0.8504155473743495,9.363295880149813e-05,9.363295880149813e-05,True,924,55356,.ASSLESGVPSR.,sp|A0A0B4J2D9|KVD13_HUMAN;sp|P01602|KV105_HUMAN;sp|P0DP09|KV113_HUMAN,"S+26,3[S->IL/1]",S+26[S->IL/1],16.913,2,A0A0B4J2D9,A0A0B4J2D9;P01602;P0DP09,3,False,188,0.5595238095238095,0.44047619047619047,32,0.5517241379310345,25.34951805096497,25.35988029097048,False
66,.DS+26.052ERPSGIPER.,0.5800865800865801,0.3534214899920515,0.22666509009452862,1.6413449564134495,3.7426252181886404,1.0,0.848322482270783,8.087343307723413e-05,8.087343307723413e-05,True,924,55356,.DSERPSGIPER.,sp|A0A075B6K0|LV316_HUMAN;sp|P01717|LV325_HUMAN;sp|P01718|LV327_HUMAN,"S+26,2[S->IL/1]",S+26[S->IL/1],1000.0,3,A0A075B6K0,A0A075B6K0;P01717;P01718,3,False,201,0.5982142857142857,0.4017857142857143,38,0.6551724137931034,25.722086497441413,25.750995958487103,False
67,.FSGSG+14.016SGTDFTLK.,0.36904761904761907,0.14067129127827155,0.22837632776934752,2.6234750224733534,3.7130207182706325,1.0,0.8479660365701521,9.363295880149813e-05,9.363295880149813e-05,True,924,55356,.FSGSGSGTDFTLK.,sp|A0A075B6P5|KV228_HUMAN;sp|A0A075B6S2|KVD29_HUMAN;sp|A0A075B6S6|KVD30_HUMAN;sp|A0A087WW87|KV240_HUMAN;sp|A0A0A0MRZ7|KVD26_HUMAN;sp|A2NJV5|KV229_HUMAN;sp|P01614|KVD40_HUMAN;sp|P01615|KV202_HUMAN;sp|P06310|KV230_HUMAN;tr|A0A087X0Q4|A0A087X0Q4_HUMAN,"G+14,5[G->A/1]",G+14[G->A/1],1000.0,2,A0A075B6P5,A0A075B6P5;A0A075B6S2;A0A075B6S6;A0A087WW87;A0A0A0MRZ7;A2NJV5;P01614;P01615;P06310;A0A087X0Q4,10,False,128,0.38095238095238093,0.6190476190476191,22,0.3793103448275862,25.96103926751737,25.954662916820524,False
68,.FSGSNSGNTATLTIS+14.016R.,0.5411255411255411,0.2951080280367079,0.24601751308883324,1.8336523907043003,3.4431406496301453,1.0,0.847072899837078,0.000260461885744,0.000260461885744,True,924,55356,.FSGSNSGNTATLTISR.,sp|A0A075B6K5|LV39_HUMAN;sp|P80748|LV302_HUMAN,"S+14,15[S->T/1]",S+14[S->T/1],1000.0,2,A0A075B6K5,A0A075B6K5;P80748,2,False,184,0.5476190476190477,0.4523809523809524,31,0.5344827586206896,24.778041352570256,24.786549295243823,False
69,.EI-14.016VMTQSPATLSVSPGER.,0.7521645021645021,0.5229966038008527,0.22916789836364948,1.438182383400165,3.6951639494615924,1.0,0.8468129564072359,0.000101760455887,0.000101760455887,True,924,55356,.EIVMTQSPATLSVSPGER.,sp|A0A087WSY6|KVD15_HUMAN;sp|P01624|KV315_HUMAN,"I-14,2[I->V/1]",I-14[I->V/1],1000.0,2,A0A087WSY6,A0A087WSY6;P01624,2,False,244,0.7261904761904762,0.27380952380952384,39,0.6724137931034483,26.685926519119665,26.63454618463058,False
70,.PGQAPVL-14.016VIYK.,0.6201298701298701,0.36370041187947105,0.25642945825039903,1.7050568266482435,3.2992332115936707,1.0,0.8460205850906891,0.000402072909221,0.000402072909221,True,924,55356,.PGQAPVLVIYK.,sp|P01717|LV325_HUMAN;sp|P01718|LV327_HUMAN,"L-14,7[L->V/1]",L-14[L->V/1],1000.0,2,P01717,P01717;P01718,2,False,204,0.6071428571428571,0.39285714285714285,33,0.5689655172413793,24.758178814063122,24.76759394967912,False
71,.F-33.984SGSGSGTDFTLK.,0.3658008658008658,0.12943493026952815,0.23636593553133764,2.8261371566326203,3.570884886408674,1.0,0.8440355468507006,0.000168605631428,0.000168605631428,True,924,55356,.FSGSGSGTDFTLK.,sp|A0A075B6P5|KV228_HUMAN;sp|A0A075B6S2|KVD29_HUMAN;sp|A0A075B6S6|KVD30_HUMAN;sp|A0A087WW87|KV240_HUMAN;sp|A0A0A0MRZ7|KVD26_HUMAN;sp|A2NJV5|KV229_HUMAN;sp|P01614|KVD40_HUMAN;sp|P01615|KV202_HUMAN;sp|P06310|KV230_HUMAN;tr|A0A087X0Q4|A0A087X0Q4_HUMAN,"F-34,1[F->IL/1]",F-34[F->IL/1],1000.0,2,A0A075B6P5,A0A075B6P5;A0A075B6S2;A0A075B6S6;A0A087WW87;A0A0A0MRZ7;A2NJV5;P01614;P01615;P06310;A0A087X0Q4,10,False,123,0.36607142857142855,0.6339285714285714,21,0.3620689655172414,25.827349828103284,25.742931153911844,False
72,.LLI+17.956YGASSR.,0.36363636363636365,0.12726714357973842,0.23636922005662522,2.857268210852313,3.550071742216596,1.0,0.8391276888528015,0.000181791739383,0.000181791739383,True,924,55356,.LLIYGASSR.,sp|P01619|KV301_HUMAN,"I+18,3[I->M/1]",I+18[I->M/1],1000.0,2,P01619,P01619,1,True,122,0.3630952380952381,0.6369047619047619,20,0.3448275862068966,25.299388885696487,25.25339906135508,False
73,.SVHWYQQ+9.000K.,0.3841991341991342,0.14740949490570127,0.23678963929343294,2.606339126559715,3.534845476743357,1.0,0.8370147853960825,0.000191846522782,0.000191846522782,True,924,55356,.SVHWYQQK.,sp|P80748|LV302_HUMAN,"Q+9,7[Q->H/1]",Q+9[Q->H/1],21.354,2,P80748,P80748,1,True,131,0.3898809523809524,0.6101190476190477,22,0.3793103448275862,24.30100015426928,24.22830174931401,False
74,.EI-14.016VLTQSPATLSLSPGER.,0.7727272727272727,0.5448731844786473,0.2278540882486254,1.4181782013490787,3.653928601642504,1.0,0.8325625700528275,0.000121856112303,0.000121856112303,True,924,55356,.EIVLTQSPATLSLSPGER.,sp|A0A0A0MRZ8|KVD11_HUMAN;sp|A0A0C4DH25|KVD20_HUMAN;sp|P04433|KV311_HUMAN,"I-14,2[I->V/1]",I-14[I->V/1],26.711,2,A0A0A0MRZ8,A0A0A0MRZ8;A0A0C4DH25;P04433,3,False,249,0.7410714285714286,0.25892857142857145,40,0.6896551724137931,27.5267514427657,27.63273338381901,False
75,.E-58.005VQLVESGGGLVQPGGSLR.,0.4134199134199134,0.18960907580027458,0.22381083761963882,2.180380404656319,3.7130207182706325,1.0,0.8310142770552232,9.363295880149813e-05,9.363295880149813e-05,True,924,55356,.EVQLVESGGGLVQPGGSLR.,sp|A0A0B4J1X5|HV374_HUMAN;sp|A0A0B4J1Y9|HV372_HUMAN;sp|A0A0J9YX35|HV64D_HUMAN;sp|P01763|HV302_HUMAN;sp|P01764|HV323_HUMAN;sp|P01766|HV313_HUMAN;sp|P01780|HV307_HUMAN;tr|A0A075B7D8|A0A075B7D8_HUMAN;tr|A0A075B7E8|A0A075B7E8_HUMAN;tr|A0A075B7F1|A0A075B7F1_HUMAN [further mapped to 5 additional proteins],"E-58,1[E->A/1]",E-58[E->A/1],1000.0,2,A0A0B4J1X5,A0A0B4J1X5;A0A0B4J1Y9;A0A0J9YX35;P01763;P01764;P01766;P01780;A0A075B7D8;A0A075B7E8;A0A075B7F1,10,False,148,0.44047619047619047,0.5595238095238095,27,0.46551724137931033,24.55790948114226,24.528389444391706,False
76,.SYELTQP-26.016PSVSVSPGQTAR.,0.5952380952380952,0.3715044439627141,0.22373365127538114,1.6022368101142717,3.7130207182706325,1.0,0.8307276825598269,9.363295880149813e-05,9.363295880149813e-05,True,924,55356,.SYELTQPPSVSVSPGQTAR.,sp|A0A075B6K4|LV310_HUMAN;sp|P01717|LV325_HUMAN,"P-26,7[P->A/1]",P-26[P->A/1],1000.0,2,A0A075B6K4,A0A075B6K4;P01717,2,False,206,0.6130952380952381,0.3869047619047619,36,0.6206896551724138,24.641323289817244,24.595915003151006,False
77,.SKTDGGTTDY-26.004AAPVK.,0.31926406926406925,0.09904978683430883,0.22021428242976043,3.223268615389717,3.7426252181886404,1.0,0.824179526826937,8.087343307723413e-05,8.087343307723413e-05,True,924,55356,.SKTDGGTTDYAAPVK.,sp|A0A0B4J1V0|HV315_HUMAN,"Y-26,10[Y->H/1]",Y-26[Y->H/1],34.838,3,A0A0B4J1V0,A0A0B4J1V0,1,True,108,0.32142857142857145,0.6785714285714286,17,0.29310344827586204,22.770581557391985,22.654127267852633,False
78,.LLIY-15.995DASNR.,0.31493506493506496,0.09718910325890599,0.21774596167615895,3.240435958093951,3.7665612435312483,1.0,0.8201535001848608,7.117437722419929e-05,7.117437722419929e-05,True,924,55356,.LLIYDASNR.,sp|A0A0A0MRZ8|KVD11_HUMAN;sp|P04433|KV311_HUMAN,"Y-16,4[Y->F/1]",Y-16[Y->F/1],1000.0,2,A0A0A0MRZ8,A0A0A0MRZ8;P04433,2,False,107,0.31845238095238093,0.6815476190476191,19,0.3275862068965517,26.867555676640325,26.75719912737635,False
79,.GLE-0.984WVANIK.,0.35173160173160173,0.12096249729026663,0.23076910444133508,2.9077739763223636,3.5474508253433177,1.0,0.8186420500141525,0.000183497461618,0.000183497461618,True,924,55356,.GLEWVANIK.,sp|P01780|HV307_HUMAN,"E-1,3[E->Q/1]",E-1[E->Q/1],1000.0,2,P01780,P01780,1,True,119,0.3541666666666667,0.6458333333333334,20,0.3448275862068966,23.30274642650487,23.246350276630658,False
80,.L-14.016MIYDVSK.,0.32142857142857145,0.10096466507695642,0.22046390635161503,3.1835748792270535,3.707893600908254,1.0,0.81745670759239,9.59324635457e-05,9.59324635457e-05,True,924,55356,.LMIYDVSK.,sp|P01706|LV211_HUMAN,"L-14,1[L->V/1]",L-14[L->V/1],1000.0,2,P01706,P01706,1,True,109,0.3244047619047619,0.6755952380952381,18,0.3103448275862069,24.451141924009775,24.384328288047136,False
81,.LTV-28.031LSQPK.,0.2911255411255411,0.07410217501264542,0.2170233661128957,3.928704401400647,3.7665612435312483,1.0,0.8174317997415258,7.117437722419929e-05,7.117437722419929e-05,True,924,55356,.LTVLSQPK.,sp|P15814|IGLL1_HUMAN;tr|C9JEE0|C9JEE0_HUMAN,"V-28,3[V->A/1]",V-28[V->A/1],1000.0,2,P15814,P15814;C9JEE0,2,False,94,0.27976190476190477,0.7202380952380952,15,0.25862068965517243,23.9536787083291,23.938444403246557,False
82,.EV+29.974QLVESGGGLVQPGR.,0.3625541125541126,0.1430919864152034,0.21946212613890917,2.533713603654268,3.7130207182706325,1.0,0.8148674212294926,9.363295880149813e-05,9.363295880149813e-05,True,924,55356,.EVQLVESGGGLVQPGR.,sp|A0A0A0MS15|HV349_HUMAN;sp|P01782|HV309_HUMAN,"V+30,2[V->E/1]",V+30[V->E/1],28.623,2,A0A0A0MS15,A0A0A0MS15;P01782,2,False,129,0.38392857142857145,0.6160714285714286,26,0.4482758620689655,25.011686101486855,24.97835621490841,False
83,.SSQSVLY-49.020SSNNK.,0.43073593073593075,0.19199364115904327,0.23874228957688748,2.243490607999453,3.4108379620584963,1.0,0.8143112644376103,0.000288295214299,0.000288295214299,True,924,55356,.SSQSVLYSSNNK.,sp|P06312|KV401_HUMAN,"Y-49,7[Y->N/1]",Y-49[Y->N/1],1000.0,2,P06312,P06312,1,True,149,0.44345238095238093,0.5565476190476191,27,0.46551724137931033,22.56961923049479,22.6306091006811,False
84,.EIVLTQSPGT+12.036LSLSPGER.,0.6352813852813853,0.41668473155574826,0.21859665372563708,1.524609224123661,3.7241745421899966,1.0,0.8140920928129397,8.872327211427557e-05,8.872327211427557e-05,True,924,55356,.EIVLTQSPGTLSLSPGER.,sp|P01619|KV301_HUMAN,"T+12,10[T->IL/1]",T+12[T->IL/1],1000.0,2,P01619,P01619,1,True,218,0.6488095238095238,0.35119047619047616,38,0.6551724137931034,25.282994774852117,25.187468624751887,False
85,.LM-17.956IYEVSK.,0.4696969696969697,0.2516619697955055,0.21803499990146424,1.8663804073322412,3.7210405234889423,1.0,0.811317070172256,9.00900900901e-05,9.00900900901e-05,True,924,55356,.LMIYEVSK.,sp|P01709|LV208_HUMAN,"M-18,2[M->IL/1]",M-18[M->IL/1],1000.0,2,P01709,P01709,1,True,170,0.5059523809523809,0.49404761904761907,36,0.6206896551724138,25.669263168055885,25.65011986493105,False
86,.LLIYDASN-12.995LETGVPSR.,0.3008658008658009,0.0826107377700701,0.21825506309573078,3.641969663837147,3.7130207182706325,1.0,0.8103855711419126,9.363295880149813e-05,9.363295880149813e-05,True,924,55356,.LLIYDASNLETGVPSR.,sp|P01593|KVD33_HUMAN;sp|P01594|KV102_HUMAN;tr|A0A2Q2TTZ9|A0A2Q2TTZ9_HUMAN,"N-13,8[N->T/1]",N-13[N->T/1],1000.0,3,P01593,P01593;P01594;A0A2Q2TTZ9,3,False,99,0.29464285714285715,0.7053571428571429,17,0.29310344827586204,24.110482353993742,24.152956959737544,False
87,.LL-14.016IYGASSR.,0.7532467532467533,0.5362562323867331,0.21699052086002013,1.404639625155037,3.7285576469741373,1.0,0.8090616658735291,8.68281670574e-05,8.68281670574e-05,True,924,55356,.LLIYGASSR.,sp|P01619|KV301_HUMAN,"L-14,2[L->V/1]",L-14[L->V/1],1000.0,2,P01619,P01619,1,True,247,0.7351190476190477,0.2648809523809524,41,0.7068965517241379,25.254638357942447,25.262470015839323,False
88,.INSDGSSTS+27.011YADSVK.,0.3430735930735931,0.13203627429727582,0.21103731877631726,2.598328337417132,3.821471929278235,1.0,0.8064731897338391,5.08440105756e-05,5.08440105756e-05,True,924,55356,.INSDGSSTSYADSVK.,sp|A0A0B4J1X5|HV374_HUMAN,"S+27,9[S->N/1]",S+27[S->N/1],1000.0,2,A0A0B4J1X5,A0A0B4J1X5,1,True,124,0.36904761904761907,0.6309523809523809,23,0.39655172413793105,23.976606728962523,24.137236171185968,False
89,.QTALVELVKH+19.042.,0.7554112554112554,0.53622010260857,0.21919115280268542,1.4087708605782925,3.6751838407004596,1.0,0.8055677828049347,0.000111259457054,0.000111259457054,True,924,55356,.QTALVELVKH.,sp|P02768-2|ALBU_HUMAN;sp|P02768-3|ALBU_HUMAN;sp|P02768|ALBU_HUMAN;tr|A0A087WWT3|A0A087WWT3_HUMAN;tr|A0A0C4DGB6|A0A0C4DGB6_HUMAN;tr|B7WNR0|B7WNR0_HUMAN;tr|C9JKR2|C9JKR2_HUMAN;tr|D6RHD5|D6RHD5_HUMAN;tr|H0YA55|H0YA55_HUMAN,"H+19,10[H->R/1]",H+19[H->R/1],23.434,3,P02768,P02768;A0A087WWT3;A0A0C4DGB6;B7WNR0;C9JKR2;D6RHD5;H0YA55,7,False,247,0.7351190476190477,0.2648809523809524,40,0.6896551724137931,24.361720005385408,24.37176745125373,False
90,.LL-14.016IYDASNR.,0.31601731601731603,0.09335934677361081,0.22265796924370523,3.3849563748944553,3.6126675769033914,1.0,0.8043892262258864,0.000143967751224,0.000143967751224,True,924,55356,.LLIYDASNR.,sp|A0A0A0MRZ8|KVD11_HUMAN;sp|P04433|KV311_HUMAN,"L-14,2[L->V/1]",L-14[L->V/1],1000.0,2,A0A0A0MRZ8,A0A0A0MRZ8;P04433,2,False,105,0.3125,0.6875,18,0.3103448275862069,25.569374411150573,25.349776024110085,False
91,.AEFAEV+14.016SK.,0.6222943722943723,0.40907941325240266,0.2132149590419697,1.5212067685019772,3.766561243531246,1.0,0.803087201268585,7.11743772242e-05,7.11743772242e-05,True,924,55356,.AEFAEVSK.,sp|P02768-2|ALBU_HUMAN;sp|P02768|ALBU_HUMAN;tr|A0A0C4DGB6|A0A0C4DGB6_HUMAN;tr|B7WNR0|B7WNR0_HUMAN;tr|C9JKR2|C9JKR2_HUMAN;tr|D6RHD5|D6RHD5_HUMAN;tr|H0YA55|H0YA55_HUMAN,"V+14,6[V->IL/1]",V+14[V->IL/1],1000.0,2,P02768,P02768;A0A0C4DGB6;B7WNR0;C9JKR2;D6RHD5;H0YA55,6,False,216,0.6428571428571429,0.35714285714285715,37,0.6379310344827587,24.114271162524354,23.99174271222809,False
92,.FT-14.016ISRDDSK.,0.5681818181818182,0.342835464990245,0.22534635319157326,1.6573017561003651,3.56274663083853,1.0,0.8028519606050271,0.000173686495875,0.000173686495875,True,924,55356,.FTISRDDSK.,sp|A0A0A0MS15|HV349_HUMAN;sp|A0A0B4J1V0|HV315_HUMAN;sp|A0A0B4J1V6|HV373_HUMAN;sp|A0A0B4J1Y9|HV372_HUMAN,"T-14,2[T->S/1]",T-14[T->S/1],1000.0,2,A0A0A0MS15,A0A0A0MS15;A0A0B4J1V0;A0A0B4J1V6;A0A0B4J1Y9,4,False,198,0.5892857142857143,0.4107142857142857,35,0.603448275862069,23.401633736520324,23.373522209800264,False
93,.EI-12.036VLTQSPATLSLSPGER.,0.7640692640692641,0.5540320832430089,0.21003718082625522,1.3791065304319732,3.821337857011251,1.0,0.8026230304712868,5.08905852417e-05,5.08905852417e-05,True,924,55356,.EIVLTQSPATLSLSPGER.,sp|A0A0A0MRZ8|KVD11_HUMAN;sp|A0A0C4DH25|KVD20_HUMAN;sp|P04433|KV311_HUMAN,"I-12,2[I->T/1]",I-12[I->T/1],31.614,2,A0A0A0MRZ8,A0A0A0MRZ8;A0A0C4DH25;P04433,3,False,251,0.7470238095238095,0.25297619047619047,41,0.7068965517241379,26.162511266212856,26.09775046338185,False
94,.YVSWYQQH+26.004PGK.,0.2976190476190476,0.08089457330731989,0.21672447431172773,3.6790978115230013,3.6952753561191845,1.0,0.8008566089920127,0.000101708706265,0.000101708706265,True,924,55356,.YVSWYQQHPGK.,sp|P01704|LV214_HUMAN;sp|P01706|LV211_HUMAN;sp|P01709|LV208_HUMAN,"H+26,8[H->Y/1]",H+26[H->Y/1],1000.0,2,P01704,P01704;P01706;P01709,3,False,98,0.2916666666666667,0.7083333333333334,16,0.27586206896551724,24.49574383595474,24.539095399305914,False
95,.EIVMTQSPA+28.031TLSVSPGER.,0.3365800865800866,0.10869643760387311,0.2278836489762135,3.0965144212609728,3.498689325911038,1.0,0.797294090222736,0.000217183563548,0.000217183563548,True,924,55356,.EIVMTQSPATLSVSPGER.,sp|A0A087WSY6|KVD15_HUMAN;sp|P01624|KV315_HUMAN,"A+28,9[A->V/1]",A+28[A->V/1],41.954,3,A0A087WSY6,A0A087WSY6;P01624,2,False,113,0.33630952380952384,0.6636904761904762,18,0.3103448275862069,24.519755494218504,24.34802200606188,False
96,.SHC+57.021IAEV+31.972ENDEM+15.995PADLPSLAADFVESK.,0.28679653679653677,0.08284558132813065,0.20395095546840614,3.4618205605994525,3.892033811601206,1.0,0.7937840145914086,2.82230751863e-05,2.82230751863e-05,True,924,55356,.SHCIAEVENDEMPADLPSLAADFVESK.,sp|P02768-2|ALBU_HUMAN;sp|P02768|ALBU_HUMAN;tr|A0A0C4DGB6|A0A0C4DGB6_HUMAN;tr|B7WNR0|B7WNR0_HUMAN;tr|C9JKR2|C9JKR2_HUMAN;tr|D6RHD5|D6RHD5_HUMAN;tr|H0YA55|H0YA55_HUMAN,"V+32,7[V->M/1] & M+16,12[Oxidation]",V+32[V->M/1],32.018,3,P02768,P02768;A0A0C4DGB6;B7WNR0;C9JKR2;D6RHD5;H0YA55,6,False,99,0.29464285714285715,0.7053571428571429,18,0.3103448275862069,27.038869352806753,27.002078736568023,False
97,.LLIYDAS+60.036NR.,0.6645021645021645,0.4522906279355445,0.21221153656662,1.469192867283693,3.7130207182706325,1.0,0.787945831927906,9.363295880149813e-05,9.363295880149813e-05,True,924,55356,.LLIYDASNR.,sp|A0A0A0MRZ8|KVD11_HUMAN;sp|P04433|KV311_HUMAN,"S+60,7[S->F/1]",S+60[S->F/1],1000.0,2,A0A0A0MRZ8,A0A0A0MRZ8;P04433,2,False,227,0.6755952380952381,0.3244047619047619,44,0.7586206896551724,25.157229112496466,25.171602927388914,False
98,.LMIYEVS+26.052K.,0.2824675324675325,0.07939518751354867,0.2030723449539838,3.557741234874341,3.8434196124168394,1.0,0.7804922333356191,4.34103142907e-05,4.34103142907e-05,True,924,55356,.LMIYEVSK.,sp|P01709|LV208_HUMAN,"S+26,7[S->IL/1]",S+26[S->IL/1],1000.0,2,P01709,P01709,1,True,97,0.28869047619047616,0.7113095238095238,16,0.27586206896551724,23.221816016911365,23.13699500769807,False
99,.EVQL-14.016VESGGGLVQPGR.,0.4675324675324675,0.2640906134836332,0.2034418540488343,1.770348674514486,3.8214570424370207,1.0,0.7774443058813624,5.08491813282e-05,5.08491813282e-05,True,924,55356,.EVQLVESGGGLVQPGR.,sp|A0A0A0MS15|HV349_HUMAN;sp|P01782|HV309_HUMAN,"L-14,4[L->V/1]",L-14[L->V/1],25.759,2,A0A0A0MS15,A0A0A0MS15;P01782,2,False,174,0.5178571428571429,0.48214285714285715,35,0.603448275862069,25.00647736040508,24.94577780661604,False
100,.SGNTAT-14.016LTISR.,0.33225108225108224,0.10078401618614062,0.2314670660649416,3.296664439700826,3.517959499524449,0.9533499999999999,0.7763050531047361,0.000203417412531,0.000203417412531,True,924,55356,.SGNTATLTISR.,sp|A0A075B6K5|LV39_HUMAN;sp|P80748|LV302_HUMAN,"T-14,6[T->S/1]",T-14[T->S/1],18.756,2,A0A075B6K5,A0A075B6K5;P80748,2,False,109,0.3244047619047619,0.6755952380952381,18,0.3103448275862069,25.247292993291026,25.29203175600186,False
101,.ALTDM-29.993PQMR.,0.3235930735930736,0.12358190620709589,0.2000111673859777,2.618450253152782,3.843431025100614,1.0,0.7687291260978588,4.34065457071e-05,4.34065457071e-05,True,924,55356,.ALTDMPQMR.,sp|P02671-2|FIBA_HUMAN;sp|P02671|FIBA_HUMAN,"M-30,5[M->T/1]",M-30[M->T/1],1000.0,2,P02671,P02671,1,True,120,0.35714285714285715,0.6428571428571429,23,0.39655172413793105,25.086445308967168,24.972630241679635,False
102,.VF-33.984DEFKPLVEEPQNLIK.,0.7770562770562771,0.5766673892622299,0.20038888779404718,1.3474947457154087,3.8333547616218553,1.0,0.7681616972014185,4.67726847521e-05,4.67726847521e-05,True,924,55356,.VFDEFKPLVEEPQNLIK.,sp|P02768-2|ALBU_HUMAN;sp|P02768-3|ALBU_HUMAN;sp|P02768|ALBU_HUMAN;tr|A0A087WWT3|A0A087WWT3_HUMAN;tr|A0A0C4DGB6|A0A0C4DGB6_HUMAN;tr|B7WNR0|B7WNR0_HUMAN;tr|C9JKR2|C9JKR2_HUMAN;tr|D6RHD5|D6RHD5_HUMAN;tr|H0YA55|H0YA55_HUMAN,"F-34,2[F->IL/1]",F-34[F->IL/1],1000.0,2,P02768,P02768;A0A087WWT3;A0A0C4DGB6;B7WNR0;C9JKR2;D6RHD5;H0YA55,7,False,256,0.7619047619047619,0.23809523809523808,42,0.7241379310344828,26.176926788190297,26.162762030315776,False
103,.L-14.016LIYDASNLETGVPSR.,0.7489177489177489,0.5099356889948695,0.23898205992287935,1.4686513713012226,3.7130207182706325,0.8626,0.7654240901016851,9.363295880149813e-05,9.363295880149813e-05,True,924,55356,.LLIYDASNLETGVPSR.,sp|P01593|KVD33_HUMAN;sp|P01594|KV102_HUMAN;tr|A0A2Q2TTZ9|A0A2Q2TTZ9_HUMAN,"L-14,1[L->V/1]",L-14[L->V/1],16.336,2,P01593,P01593;P01594;A0A2Q2TTZ9,3,False,241,0.7172619047619048,0.28273809523809523,39,0.6724137931034483,25.098053052138063,25.13702477907796,False
104,.SSQSLL-14.016HSDGK.,0.3463203463203463,0.12105282173567454,0.22526752458467175,2.860902714655886,3.7426252181886404,0.9049750000000001,0.7629771088083588,8.087343307723413e-05,8.087343307723413e-05,True,924,55356,.SSQSLLHSDGK.,sp|A0A075B6S2|KVD29_HUMAN;sp|A2NJV5|KV229_HUMAN,"L-14,6[L->V/1]",L-14[L->V/1],17.466,2,A0A075B6S2,A0A075B6S2;A2NJV5,2,False,119,0.3541666666666667,0.6458333333333334,22,0.3793103448275862,23.29085077008114,23.447438311327122,False
105,.EVQ+9.000LVE+14.016SGGGLVQPGGSLR.,0.7435064935064936,0.5143796517089385,0.22912684179755505,1.4454430517154406,3.3089800614205167,1.0,0.7581761510443628,0.000390930414386,0.000390930414386,True,924,55356,.EVQLVESGGGLVQPGGSLR.,sp|A0A0B4J1X5|HV374_HUMAN;sp|A0A0B4J1Y9|HV372_HUMAN;sp|A0A0J9YX35|HV64D_HUMAN;sp|P01763|HV302_HUMAN;sp|P01764|HV323_HUMAN;sp|P01766|HV313_HUMAN;sp|P01780|HV307_HUMAN;tr|A0A075B7D8|A0A075B7D8_HUMAN;tr|A0A075B7E8|A0A075B7E8_HUMAN;tr|A0A075B7F1|A0A075B7F1_HUMAN [further mapped to 5 additional proteins],"Q+9,3[Q->H/1] & E+14,6[Methyl]",Q+9[Q->H/1],27.573,2,A0A0B4J1X5,A0A0B4J1X5;A0A0B4J1Y9;A0A0J9YX35;P01763;P01764;P01766;P01780;A0A075B7D8;A0A075B7E8;A0A075B7F1,10,False,242,0.7202380952380952,0.27976190476190477,40,0.6896551724137931,26.47720730113936,26.396611049629847,False
106,.DIVMTQSPDSLA+26.016VSLGER.,0.5551948051948052,0.3574680251463256,0.19772678004847966,1.5531313743866808,3.820499019110712,1.0,0.755414969227136,5.11823113932e-05,5.11823113932e-05,True,924,55356,.DIVMTQSPDSLAVSLGER.,sp|P06312|KV401_HUMAN,"A+26,12[A->P/1]",A+26[A->P/1],36.496,2,P06312,P06312,1,True,202,0.6011904761904762,0.39880952380952384,38,0.6551724137931034,25.33554736447287,25.301804523086204,False
107,.EIVLTQSPGTLSLS+60.036PGER.,0.2792207792207792,0.07944938218079341,0.1997713970399858,3.5144487163586753,3.7798746434463775,1.0,0.7551108381573011,6.6006600660066e-05,6.6006600660066e-05,True,924,55356,.EIVLTQSPGTLSLSPGER.,sp|P01619|KV301_HUMAN,"S+60,14[S->F/1]",S+60[S->F/1],1000.0,2,P01619,P01619,1,True,97,0.28869047619047616,0.7113095238095238,17,0.29310344827586204,24.794416659639232,24.869461002218692,False
108,.SKT-14.016DGGTTDYAAPVK.,0.45454545454545453,0.24281017414553074,0.2117352803999238,1.872019803721314,3.56274663083853,1.0,0.75435915687448,0.000173686495875,0.000173686495875,True,924,55356,.SKTDGGTTDYAAPVK.,sp|A0A0B4J1V0|HV315_HUMAN,"T-14,3[T->S/1]",T-14[T->S/1],1000.0,2,A0A0B4J1V0,A0A0B4J1V0,1,True,167,0.49702380952380953,0.5029761904761905,31,0.5344827586206896,23.07007720294618,23.02676945946633,False
109,.FSG+14.016SGSGTDFTLK.,0.35064935064935066,0.12098056217934822,0.22966878847000244,2.898394124913462,3.7130207182706325,0.8842375,0.7540467650978014,9.363295880149813e-05,9.363295880149813e-05,True,924,55356,.FSGSGSGTDFTLK.,sp|A0A075B6P5|KV228_HUMAN;sp|A0A075B6S2|KVD29_HUMAN;sp|A0A075B6S6|KVD30_HUMAN;sp|A0A087WW87|KV240_HUMAN;sp|A0A0A0MRZ7|KVD26_HUMAN;sp|A2NJV5|KV229_HUMAN;sp|P01614|KVD40_HUMAN;sp|P01615|KV202_HUMAN;sp|P06310|KV230_HUMAN;tr|A0A087X0Q4|A0A087X0Q4_HUMAN,"G+14,3[G->A/1]",G+14[G->A/1],16.913,2,A0A075B6P5,A0A075B6P5;A0A075B6S2;A0A075B6S6;A0A087WW87;A0A0A0MRZ7;A2NJV5;P01614;P01615;P06310;A0A087X0Q4,10,False,119,0.3541666666666667,0.6458333333333334,21,0.3620689655172414,25.347917704759933,25.28680493486707,False
110,.LLIYG+30.011ASTR.,0.30627705627705626,0.10920225449815738,0.19707480177889888,2.8046770433867207,3.8213527640131963,1.0,0.753092338495148,5.08854060655e-05,5.08854060655e-05,True,924,55356,.LLIYGASTR.,sp|A0A0C4DH55|KVD07_HUMAN;sp|P01624|KV315_HUMAN;tr|A0A075B6H7|A0A075B6H7_HUMAN;tr|A0A0C4DH90|A0A0C4DH90_HUMAN,"G+30,5[G->S/1]",G+30[G->S/1],1000.0,2,A0A0C4DH55,A0A0C4DH55;P01624;A0A075B6H7;A0A0C4DH90,4,False,113,0.33630952380952384,0.6636904761904762,26,0.4482758620689655,26.80488963223899,26.64757836678127,False
111,.LVRPEVDV+31.972MC+57.021TAFHDNEETFLKK.,0.275974025974026,0.08302623021894645,0.19294779575507953,3.323937811535723,3.892033811601206,1.0,0.7509593449526931,2.82230751863e-05,2.82230751863e-05,True,924,55356,.LVRPEVDVMCTAFHDNEETFLKK.,sp|P02768-3|ALBU_HUMAN;sp|P02768|ALBU_HUMAN;tr|A0A087WWT3|A0A087WWT3_HUMAN;tr|A0A0C4DGB6|A0A0C4DGB6_HUMAN;tr|H7C013|H7C013_HUMAN,"V+32,8[V->M/1]",V+32[V->M/1],47.995,3,P02768,P02768;A0A087WWT3;A0A0C4DGB6;H7C013,4,False,99,0.29464285714285715,0.7053571428571429,20,0.3448275862068966,25.852665252672733,25.75521311697987,False
112,.VT-14.016MSVDTSK.,0.816017316017316,0.6182888937061927,0.1977284223111233,1.3197994082117261,3.7665612435312483,1.0,0.7447562122216564,7.117437722419929e-05,7.117437722419929e-05,True,924,55356,.VTMSVDTSK.,sp|A0A0C4DH34|HV428_HUMAN,"T-14,2[T->S/1]",T-14[T->S/1],1000.0,2,A0A0C4DH34,A0A0C4DH34,1,True,265,0.7886904761904762,0.2113095238095238,42,0.7241379310344828,25.268316116066345,25.224716166365678,False
113,.NTLY-48.036LQMNSLR.,0.4231601731601732,0.16122913505311076,0.2619310381070624,2.624588744588745,3.7130207182706325,0.762025,0.74111150677652,9.363295880149813e-05,9.363295880149813e-05,True,924,55356,.NTLYLQMNSLR.,sp|A0A0B4J1X5|HV374_HUMAN;sp|A0A0C4DH42|HV366_HUMAN;sp|P01764|HV323_HUMAN;sp|P01767|HV353_HUMAN;sp|P01768|HV330_HUMAN;sp|P01772|HV333_HUMAN;sp|P0DP02|HVC33_HUMAN;sp|P0DP03|HV335_HUMAN;tr|A0A075B7B8|A0A075B7B8_HUMAN;tr|A0A075B7E8|A0A075B7E8_HUMAN [further mapped to 1 additional proteins],"Y-48,4[Y->D/1]",Y-48[Y->D/1],13.654,2,A0A0B4J1X5,A0A0B4J1X5;A0A0C4DH42;P01764;P01767;P01768;P01772;P0DP02;P0DP03;A0A075B7B8;A0A075B7E8,10,False,137,0.40773809523809523,0.5922619047619048,22,0.3793103448275862,25.58857968766279,25.621857233767617,False
114,.LDELRDEGK+28.006ASSAK.,0.5974025974025974,0.39789724691090395,0.19950535049169343,1.5013991728783338,3.6751838407004596,1.0,0.7332188402603532,0.000111259457054,0.000111259457054,True,924,55356,.LDELRDEGKASSAK.,sp|P02768|ALBU_HUMAN;tr|A0A0C4DGB6|A0A0C4DGB6_HUMAN;tr|B7WNR0|B7WNR0_HUMAN;tr|D6RHD5|D6RHD5_HUMAN;tr|H0YA55|H0YA55_HUMAN,"K+28,9[K->R/1]",K+28[K->R/1],1000.0,2,P02768,P02768;A0A0C4DGB6;B7WNR0;D6RHD5;H0YA55,5,False,213,0.6339285714285714,0.36607142857142855,44,0.7586206896551724,28.459534210458127,28.451691740153382,False
115,.EV-42.047QLVESGGGLVQPGGSLR.,0.6168831168831169,0.4091697376978105,0.2077133791853064,1.5076459963877185,3.5179002644701907,1.0,0.7307149515699864,0.000203458799593,0.000203458799593,True,924,55356,.EVQLVESGGGLVQPGGSLR.,sp|A0A0B4J1X5|HV374_HUMAN;sp|A0A0B4J1Y9|HV372_HUMAN;sp|A0A0J9YX35|HV64D_HUMAN;sp|P01763|HV302_HUMAN;sp|P01764|HV323_HUMAN;sp|P01766|HV313_HUMAN;sp|P01780|HV307_HUMAN;tr|A0A075B7D8|A0A075B7D8_HUMAN;tr|A0A075B7E8|A0A075B7E8_HUMAN;tr|A0A075B7F1|A0A075B7F1_HUMAN [further mapped to 5 additional proteins],"V-42,2[V->G/1]",V-42[V->G/1],26.113,2,A0A0B4J1X5,A0A0B4J1X5;A0A0B4J1Y9;A0A0J9YX35;P01763;P01764;P01766;P01780;A0A075B7D8;A0A075B7E8;A0A075B7F1,10,False,216,0.6428571428571429,0.35714285714285715,40,0.6896551724137931,24.848145139109583,24.805902113141574,False
116,.SGNTATLTIS+14.016R.,0.29978354978354976,0.08804826938362599,0.2117352803999238,3.4047636811280633,3.4431406496301453,1.0,0.7290343509058146,0.000260461885744,0.000260461885744,True,924,55356,.SGNTATLTISR.,sp|A0A075B6K5|LV39_HUMAN;sp|P80748|LV302_HUMAN,"S+14,10[S->T/1]",S+14[S->T/1],1000.0,2,A0A075B6K5,A0A075B6K5;P80748,2,False,102,0.30357142857142855,0.6964285714285714,17,0.29310344827586204,24.80471972148546,24.79357287496372,False
117,.NTLYLQ+9.000MNSLR.,0.5238095238095238,0.2600260134402775,0.26378351036924635,2.0144504654717243,3.5954564062707273,0.7676125,0.7280206686208407,0.000153830376372,0.000153830376372,True,924,55356,.NTLYLQMNSLR.,sp|A0A0B4J1X5|HV374_HUMAN;sp|A0A0C4DH42|HV366_HUMAN;sp|P01764|HV323_HUMAN;sp|P01767|HV353_HUMAN;sp|P01768|HV330_HUMAN;sp|P01772|HV333_HUMAN;sp|P0DP02|HVC33_HUMAN;sp|P0DP03|HV335_HUMAN;tr|A0A075B7B8|A0A075B7B8_HUMAN;tr|A0A075B7E8|A0A075B7E8_HUMAN [further mapped to 1 additional proteins],"Q+9,6[Q->H/1]",Q+9[Q->H/1],13.803,3,A0A0B4J1X5,A0A0B4J1X5;A0A0C4DH42;P01764;P01767;P01768;P01772;P0DP02;P0DP03;A0A075B7B8;A0A075B7E8,10,False,173,0.5148809523809523,0.4851190476190476,28,0.4827586206896552,25.265147334342593,25.112132473148943,False
118,.EVQLVQSG+72.021AEVK.,0.24458874458874458,0.05444757569188525,0.19014116889685934,4.492187971285516,3.8214570424370207,1.0,0.7266163089381101,5.08491813282e-05,5.08491813282e-05,True,924,55356,.EVQLVQSGAEVK.,sp|A0A0C4DH38|HV551_HUMAN;sp|A0A0G2JMI3|HV692_HUMAN;sp|A0A0J9YXX1|HV5X1_HUMAN,"G+72,8[G->E/1]",G+72[G->E/1],22.548,2,A0A0C4DH38,A0A0C4DH38;A0A0G2JMI3;A0A0J9YXX1,3,False,81,0.24107142857142858,0.7589285714285714,13,0.22413793103448276,24.756921730430665,24.74976545375161,False
119,.SPPE-14.016ISHGVVAHMSDSYQYGEEVTYK.,0.3625541125541126,0.1672086133391141,0.19534549921499847,2.1682741415887485,3.7130207182706285,1.0,0.7253218858062082,9.36329588015e-05,9.36329588015e-05,True,924,55356,.SPPEISHGVVAHMSDSYQYGEEVTYK.,sp|P08603|CFAH_HUMAN,"E-14,4[E->D/1]",E-14[E->D/1],117.093,3,P08603,P08603,1,True,139,0.41369047619047616,0.5863095238095238,31,0.5344827586206896,27.38922031307507,26.956394155880762,False
120,.SSQSVLYSSN-27.011NK.,0.2803030303030303,0.08118361153262518,0.1991194187704051,3.452704616256018,3.6373664400206556,1.0,0.7242702913918905,0.000130480167015,0.000130480167015,True,924,55356,.SSQSVLYSSNNK.,sp|P06312|KV401_HUMAN,"N-27,10[N->S/1]",N-27[N->S/1],1000.0,2,P06312,P06312,1,True,98,0.2916666666666667,0.7083333333333334,17,0.29310344827586204,24.273609978262893,24.313521360119072,False
121,.TLIYSTNT+12.036R.,0.538961038961039,0.26920297709372065,0.2697580618673183,2.0020619562962874,3.6751838407004596,0.727,0.7207554115979932,0.000111259457054,0.000111259457054,True,924,55356,.TLIYSTNTR.,sp|A0A075B6I0|LV861_HUMAN,"T+12,8[T->IL/1]",T+12[T->IL/1],12.72,2,A0A075B6I0,A0A075B6I0,1,True,176,0.5238095238095238,0.47619047619047616,29,0.5,25.19744471768599,25.2082344195868,False
122,.NYLA-14.016WYQQK.,0.24567099567099568,0.05298431967627719,0.1926866759947185,4.636673588940892,3.734468029730839,1.0,0.719582231257381,8.430281571404485e-05,8.430281571404485e-05,True,924,55356,.NYLAWYQQK.,sp|A0A075B6S5|KV127_HUMAN;sp|P06312|KV401_HUMAN,"A-14,4[A->G/1]",A-14[A->G/1],1000.0,2,A0A075B6S5,A0A075B6S5;P06312,2,False,80,0.23809523809523808,0.7619047619047619,13,0.22413793103448276,24.756839970107233,24.727562519004998,False
123,.LVQSGAEV-28.031K.,0.2803030303030303,0.08654888358985476,0.19375414671317553,3.2386671979658828,3.7130207182706325,1.0,0.7194131609968686,9.363295880149813e-05,9.363295880149813e-05,True,924,55356,.LVQSGAEVK.,sp|A0A0A0MS14|HV145_HUMAN;sp|A0A0B4J2H0|HV69D_HUMAN;sp|A0A0C4DH29|HV103_HUMAN;sp|A0A0C4DH31|HV118_HUMAN;sp|A0A0C4DH33|HV124_HUMAN;sp|A0A0C4DH38|HV551_HUMAN;sp|A0A0G2JMI3|HV692_HUMAN;sp|A0A0J9YXX1|HV5X1_HUMAN;sp|P01742|HV169_HUMAN;sp|P01743|HV146_HUMAN [further mapped to 4 additional proteins],"V-28,8[V->A/1]",V-28[V->A/1],1000.0,2,A0A0A0MS14,A0A0A0MS14;A0A0B4J2H0;A0A0C4DH29;A0A0C4DH31;A0A0C4DH33;A0A0C4DH38;A0A0G2JMI3;A0A0J9YXX1;P01742;P01743,10,False,101,0.3005952380952381,0.6994047619047619,19,0.3275862068965517,23.402372213974104,23.331378033214055,False
124,.FTI-14.016SRDDSK.,0.8214285714285714,0.6277910253631043,0.19363754606546713,1.308442679558011,3.7130207182706325,1.0,0.7189802203761635,9.363295880149813e-05,9.363295880149813e-05,True,924,55356,.FTISRDDSK.,sp|A0A0A0MS15|HV349_HUMAN;sp|A0A0B4J1V0|HV315_HUMAN;sp|A0A0B4J1V6|HV373_HUMAN;sp|A0A0B4J1Y9|HV372_HUMAN,"I-14,3[I->V/1]",I-14[I->V/1],1000.0,2,A0A0A0MS15,A0A0A0MS15;A0A0B4J1V0;A0A0B4J1V6;A0A0B4J1Y9,4,False,267,0.7946428571428571,0.20535714285714285,43,0.7413793103448276,24.880483944242794,24.80219378719073,False
125,.EIVMTQSPA+43.990TLSVSPGER.,0.6818181818181818,0.4938218079340993,0.18799637388408247,1.3806967834623671,3.8210990014109356,1.0,0.7183527565173444,5.09735956774e-05,5.09735956774e-05,True,924,55356,.EIVMTQSPATLSVSPGER.,sp|A0A087WSY6|KVD15_HUMAN;sp|P01624|KV315_HUMAN,"A+44,9[A->D/1]",A+44[A->D/1],1000.0,2,A0A087WSY6,A0A087WSY6;P01624,2,False,237,0.7053571428571429,0.29464285714285715,46,0.7931034482758621,24.842025423731844,24.778835134930578,False
126,.LLI-14.016YDASSR.,0.24458874458874458,0.05016619697955055,0.19442254760919403,4.875568795626411,3.6748271689518197,1.0,0.7144692602110949,0.00011143302875,0.00011143302875,True,924,55356,.LLIYDASSR.,sp|A0A0C4DH25|KVD20_HUMAN,"I-14,3[I->V/1]",I-14[I->V/1],1000.0,2,A0A0C4DH25,A0A0C4DH25,1,True,78,0.23214285714285715,0.7678571428571429,12,0.20689655172413793,24.89368929016109,24.798588310900048,False
127,.SYELTQPPSVSVSPGQTAR-28.006.,0.7229437229437229,0.5323180865669485,0.19062563637677443,1.358104752003011,3.7130207182706325,1.0,0.7077969373004874,9.363295880149813e-05,9.363295880149813e-05,True,924,55356,.SYELTQPPSVSVSPGQTAR.,sp|A0A075B6K4|LV310_HUMAN;sp|P01717|LV325_HUMAN,"R-28,19[R->K/1]",R-28[R->K/1],1000.0,2,A0A075B6K4,A0A075B6K4;P01717,2,False,246,0.7321428571428571,0.26785714285714285,42,0.7241379310344828,24.77764725531386,24.71369933380774,False
128,.EVQLV-28.031QSGAEVK.,0.28679653679653677,0.08826504805260496,0.1985314887439318,3.249265061585978,3.7426252181886404,0.9511000000000001,0.7066948404107101,8.087343307723413e-05,8.087343307723413e-05,True,924,55356,.EVQLVQSGAEVK.,sp|A0A0C4DH38|HV551_HUMAN;sp|A0A0G2JMI3|HV692_HUMAN;sp|A0A0J9YXX1|HV5X1_HUMAN,"V-28,5[V->A/1]",V-28[V->A/1],18.696,2,A0A0C4DH38,A0A0C4DH38;A0A0G2JMI3;A0A0J9YXX1,3,False,102,0.30357142857142855,0.6964285714285714,19,0.3275862068965517,25.441001858057238,25.36464343458567,False
129,.DIVM-31.972TQSPDSLAVSLGER.,0.6385281385281385,0.4486415203410651,0.18988661818707342,1.4232479821366473,3.7069315712808666,1.0,0.703896699921418,9.63669654043e-05,9.63669654043e-05,True,924,55356,.DIVMTQSPDSLAVSLGER.,sp|P06312|KV401_HUMAN,"M-32,4[M->V/1]",M-32[M->V/1],1000.0,2,P06312,P06312,1,True,226,0.6726190476190477,0.3273809523809524,42,0.7241379310344828,25.318145440532824,25.169068043023284,False
130,.EVQLVESGGGLV-28.031QPGR.,0.7792207792207793,0.5905592889659658,0.1886614902548135,1.319462404164616,3.7130207182706325,1.0,0.7005040220559355,9.363295880149813e-05,9.363295880149813e-05,True,924,55356,.EVQLVESGGGLVQPGR.,sp|A0A0A0MS15|HV349_HUMAN;sp|P01782|HV309_HUMAN,"V-28,12[V->A/1]",V-28[V->A/1],1000.0,2,A0A0A0MS15,A0A0A0MS15;P01782,2,False,259,0.7708333333333334,0.22916666666666666,45,0.7758620689655172,25.249406240634872,25.332707958494048,False
131,.SSQSVLYS+14.016SNNK.,0.41774891774891776,0.18953681624394828,0.22821210150496948,2.204051571760302,3.0618096591796884,1.0,0.6987420167296111,0.000767341927563,0.000767341927563,True,924,55356,.SSQSVLYSSNNK.,sp|P06312|KV401_HUMAN,"S+14,8[S->T/1]",S+14[S->T/1],1000.0,2,P06312,P06312,1,True,148,0.44047619047619047,0.5595238095238095,26,0.4482758620689655,24.6423333338427,24.513065717329972,False
132,.D-0.984DNPNLPR.,0.5681818181818182,0.28806272129489124,0.280119096886927,1.9724239763748106,3.8920122240166988,0.6403,0.6980723156140195,2.82294489612e-05,2.82294489612e-05,True,924,55356,.DDNPNLPR.,sp|P02768-3|ALBU_HUMAN;sp|P02768|ALBU_HUMAN;tr|A0A087WWT3|A0A087WWT3_HUMAN;tr|A0A0C4DGB6|A0A0C4DGB6_HUMAN;tr|H7C013|H7C013_HUMAN,"D-1,1[D->N/1]",D-1[D->N/1],10.408,2,P02768,P02768;A0A087WWT3;A0A0C4DGB6;H7C013,4,False,182,0.5416666666666666,0.4583333333333333,28,0.4827586206896552,24.943656304021953,24.78664552999081,False
133,.EIVMTQSPATLSVSPGE-14.016R.,0.6893939393939394,0.4767504877520052,0.21264345164193427,1.4460267102076811,3.282733963051957,1.0,0.6980518807255741,0.00042151407857,0.00042151407857,True,924,55356,.EIVMTQSPATLSVSPGER.,sp|A0A087WSY6|KVD15_HUMAN;sp|P01624|KV315_HUMAN,"E-14,17[E->D/1]",E-14[E->D/1],1000.0,2,A0A087WSY6,A0A087WSY6;P01624,2,False,233,0.6934523809523809,0.30654761904761907,39,0.6724137931034483,25.5422243437261,25.613197023039113,False
134,.DIVMTQSPDSLA+30.011VSLGER.,0.553030303030303,0.32547510658284556,0.22755519644745742,1.6991477745765362,3.015884863999787,1.0,0.6862802726903849,0.000864084578632,0.000864084578632,True,924,55356,.DIVMTQSPDSLAVSLGER.,sp|P06312|KV401_HUMAN,"A+30,12[A->T/1]",A+30[A->T/1],29.371,2,P06312,P06312,1,True,193,0.5744047619047619,0.4255952380952381,35,0.603448275862069,25.129971058626168,24.951140138832766,False
135,.LMIY-15.995EVSK.,0.8051948051948052,0.6232567382036275,0.18193806699117776,1.2919151223548198,3.7665612435312483,1.0,0.6852808718519621,7.117437722419929e-05,7.117437722419929e-05,True,924,55356,.LMIYEVSK.,sp|P01709|LV208_HUMAN,"Y-16,4[Y->F/1]",Y-16[Y->F/1],1000.0,2,P01709,P01709,1,True,266,0.7916666666666666,0.20833333333333334,44,0.7586206896551724,23.56042169234166,23.475520093806846,False
136,.NSLYLQM-17.956NSLR.,0.329004329004329,0.08940313606474456,0.23960119293958446,3.6800088172082517,3.612642977733718,0.7859125,0.680280804326908,0.000143981570359,0.000143981570359,True,924,55356,.NSLYLQMNSLR.,sp|A0A0B4J1V1|HV321_HUMAN;sp|A0A0B4J1X8|HV343_HUMAN;sp|A0A0C4DH32|HV320_HUMAN;sp|P01762|HV301_HUMAN;sp|P01763|HV302_HUMAN;sp|P01766|HV313_HUMAN;sp|P01780|HV307_HUMAN;sp|P01782|HV309_HUMAN;sp|P0DP04|HV43D_HUMAN;tr|A0A075B7F0|A0A075B7F0_HUMAN [further mapped to 2 additional proteins],"M-18,7[M->IL/1]",M-18[M->IL/1],14.291,2,A0A0B4J1V1,A0A0B4J1V1;A0A0B4J1X8;A0A0C4DH32;P01762;P01763;P01766;P01780;P01782;P0DP04;A0A075B7F0,10,False,103,0.30654761904761907,0.6934523809523809,15,0.25862068965517243,23.971829792388608,23.991328275297,False
137,.SSQS+14.016VLYSSNNK.,0.31493506493506496,0.0933774116626924,0.22155765327237256,3.3727114440985595,3.0618096591796884,1.0,0.6783673628545346,0.000767341927563,0.000767341927563,True,924,55356,.SSQSVLYSSNNK.,sp|P06312|KV401_HUMAN,"S+14,4[S->T/1]",S+14[S->T/1],1000.0,2,P06312,P06312,1,True,105,0.3125,0.6875,19,0.3275862068965517,24.508090707244676,24.58181016545802,False
138,.EVQLVESGGGL-26.052VQPGGSLR.,0.3474025974025974,0.16496856709299804,0.18243403030959934,2.1058714609962967,3.7130207182706325,1.0,0.6773813342571549,9.363295880149813e-05,9.363295880149813e-05,True,924,55356,.EVQLVESGGGLVQPGGSLR.,sp|A0A0B4J1X5|HV374_HUMAN;sp|A0A0B4J1Y9|HV372_HUMAN;sp|A0A0J9YX35|HV64D_HUMAN;sp|P01763|HV302_HUMAN;sp|P01764|HV323_HUMAN;sp|P01766|HV313_HUMAN;sp|P01780|HV307_HUMAN;tr|A0A075B7D8|A0A075B7D8_HUMAN;tr|A0A075B7E8|A0A075B7E8_HUMAN;tr|A0A075B7F1|A0A075B7F1_HUMAN [further mapped to 5 additional proteins],"L-26,11[L->S/1]",L-26[L->S/1],1000.0,2,A0A0B4J1X5,A0A0B4J1X5;A0A0B4J1Y9;A0A0J9YX35;P01763;P01764;P01766;P01780;A0A075B7D8;A0A075B7E8;A0A075B7F1,10,False,138,0.4107142857142857,0.5892857142857143,30,0.5172413793103449,24.718373480212108,24.52875594673197,False
139,.DSGVPDRFSGSGSG+58.005TDFTLK.,0.2261904761904762,0.04635450538333695,0.17983597080713926,4.879579111457521,3.7665612435312483,1.0,0.6773631978349877,7.117437722419929e-05,7.117437722419929e-05,True,924,55356,.DSGVPDRFSGSGSGTDFTLK.,sp|A0A075B6S6|KVD30_HUMAN;sp|P06310|KV230_HUMAN,"G+58,14[G->D/1]",G+58[G->D/1],1000.0,2,A0A075B6S6,A0A075B6S6;P06310,2,False,75,0.22321428571428573,0.7767857142857143,12,0.20689655172413793,25.200246236228434,25.159768661553464,False
140,.ASGVPDRFSGS+14.016GSGTDFTLK.,0.29545454545454547,0.11348363321049208,0.18197091224405337,2.6034991751324132,3.7130207182706325,1.0,0.6756617672847773,9.363295880149813e-05,9.363295880149813e-05,True,924,55356,.ASGVPDRFSGSGSGTDFTLK.,sp|A0A075B6P5|KV228_HUMAN;sp|A0A087WW87|KV240_HUMAN;sp|P01614|KVD40_HUMAN;sp|P01615|KV202_HUMAN;tr|A0A087X0Q4|A0A087X0Q4_HUMAN,"S+14,11[S->T/1]",S+14[S->T/1],1000.0,2,A0A075B6P5,A0A075B6P5;A0A087WW87;P01614;P01615;A0A087X0Q4,5,False,115,0.34226190476190477,0.6577380952380952,29,0.5,25.305703860282765,25.29341836270205,False
141,.ASTLQS+14.016GVPSR.,0.3008658008658009,0.09173350675626851,0.20913229410953238,3.2797808729277818,3.2133050448192617,1.0,0.672005855696786,0.000511920432938,0.000511920432938,True,924,55356,.ASTLQSGVPSR.,sp|A0A075B6S5|KV127_HUMAN;sp|A0A087WSZ0|KVD08_HUMAN;sp|A0A0C4DH67|KV108_HUMAN;sp|A0A0C4DH69|KV109_HUMAN;tr|A0A0G2JQJ0|A0A0G2JQJ0_HUMAN,"S+14,6[S->T/1]",S+14[S->T/1],1000.0,2,A0A075B6S5,A0A075B6S5;A0A087WSZ0;A0A0C4DH67;A0A0C4DH69;A0A0G2JQJ0,5,False,104,0.30952380952380953,0.6904761904761905,18,0.3103448275862069,24.669017149340064,24.56033644832835,False
142,.LLIY-26.004GASTR.,0.7207792207792207,0.46786256232386736,0.2529166584553534,1.5405789623326978,3.8213527640131963,0.6890875000000001,0.6659918861369928,5.08854060655e-05,5.08854060655e-05,True,924,55356,.LLIYGASTR.,sp|A0A0C4DH55|KVD07_HUMAN;sp|P01624|KV315_HUMAN;tr|A0A075B6H7|A0A075B6H7_HUMAN;tr|A0A0C4DH90|A0A0C4DH90_HUMAN,"Y-26,4[Y->H/1]",Y-26[Y->H/1],11.709,2,A0A0C4DH55,A0A0C4DH55;P01624;A0A075B6H7;A0A0C4DH90,4,False,231,0.6875,0.3125,36,0.6206896551724138,26.92374783974968,26.89403308498141,False
143,.PGQAPV+14.016LVIYK.,0.2261904761904762,0.047709372064455524,0.17848110412602067,4.741007194244604,3.7130207182706325,1.0,0.6627040374397328,9.363295880149813e-05,9.363295880149813e-05,True,924,55356,.PGQAPVLVIYK.,sp|P01717|LV325_HUMAN;sp|P01718|LV327_HUMAN,"V+14,6[V->IL/1]",V+14[V->IL/1],20.144,2,P01717,P01717;P01718,2,False,76,0.2261904761904762,0.7738095238095238,13,0.22413793103448276,23.88023322561375,23.7951101455842,False
144,.EVQLV+14.016ESGGGLVKPGGSLR.,0.4069264069264069,0.15418382831129418,0.25274257861511273,2.6392288437982634,2.6123533126814205,1.0,0.6602529125008341,0.00234144355085,0.00234144355085,True,924,55356,.EVQLVESGGGLVKPGGSLR.,sp|A0A0B4J1V0|HV315_HUMAN;sp|A0A0B4J1V1|HV321_HUMAN,"V+14,5[V->IL/1]",V+14[V->IL/1],1000.0,3,A0A0B4J1V0,A0A0B4J1V0;A0A0B4J1V1,2,False,134,0.39880952380952384,0.6011904761904762,23,0.39655172413793105,24.557070894494878,24.609973043973916,False
145,.EIVMTQSPAT-14.016LSVSPGER.,0.21753246753246752,0.04126020666233109,0.17627226087013642,5.27220983919758,3.7344680297309445,1.0,0.6582831227479174,8.4302815714e-05,8.4302815714e-05,True,924,55356,.EIVMTQSPATLSVSPGER.,sp|A0A087WSY6|KVD15_HUMAN;sp|P01624|KV315_HUMAN,"T-14,10[T->S/1]",T-14[T->S/1],25.952,2,A0A087WSY6,A0A087WSY6;P01624,2,False,71,0.2113095238095238,0.7886904761904762,11,0.1896551724137931,25.493108558315594,25.431848414283376,False
146,.K+28.006AGTELVNFLSYFVELGTQPATQ.,0.3051948051948052,0.13044656405809668,0.1747482411367085,2.3396155153529477,3.766561243531246,1.0,0.6581999524407789,7.11743772242e-05,7.11743772242e-05,True,924,55356,.KAGTELVNFLSYFVELGTQPATQ.,sp|P02652|APOA2_HUMAN;tr|V9GYE3|V9GYE3_HUMAN;tr|V9GYM3|V9GYM3_HUMAN,"K+28,1[K->R/1]",K+28[K->R/1],33.274,2,P02652,P02652;V9GYE3;V9GYM3,3,False,123,0.36607142857142855,0.6339285714285714,27,0.46551724137931033,23.7856240781234,23.293296125431915,False
147,.INSDGSSTS+14.016YADSVK.,0.6114718614718615,0.3900209552713346,0.22145090620052688,1.5677923280980253,2.9614851523764107,1.0,0.6558235706931616,0.000992734984883,0.000992734984883,True,924,55356,.INSDGSSTSYADSVK.,sp|A0A0B4J1X5|HV374_HUMAN,"S+14,9[S->T/1]",S+14[S->T/1],1000.0,2,A0A0B4J1X5,A0A0B4J1X5,1,True,211,0.6279761904761905,0.37202380952380953,37,0.6379310344827587,24.019633822126167,23.855578806225644,False
148,.EVQLVQSGAEV-42.047K.,0.29329004329004327,0.07748030927090108,0.2158097340191422,3.7853494139341652,3.7130207182706325,0.818125,0.6555684823908576,9.363295880149813e-05,9.363295880149813e-05,True,924,55356,.EVQLVQSGAEVK.,sp|A0A0C4DH38|HV551_HUMAN;sp|A0A0G2JMI3|HV692_HUMAN;sp|A0A0J9YXX1|HV5X1_HUMAN,"V-42,11[V->G/1]",V-42[V->G/1],15.15,2,A0A0C4DH38,A0A0C4DH38;A0A0G2JMI3;A0A0J9YXX1,3,False,96,0.2857142857142857,0.7142857142857143,16,0.27586206896551724,24.411686502224747,24.45550454999112,False
149,.SYELTQPPSV+14.016SVSPGQTAR.,0.2554112554112554,0.07984680974058819,0.17556444567066723,3.198765939942411,3.7130207182706325,1.0,0.6518744241668862,9.363295880149813e-05,9.363295880149813e-05,True,924,55356,.SYELTQPPSVSVSPGQTAR.,sp|A0A075B6K4|LV310_HUMAN;sp|P01717|LV325_HUMAN,"V+14,10[V->IL/1]",V+14[V->IL/1],28.812,2,A0A075B6K4,A0A075B6K4;P01717,2,False,97,0.28869047619047616,0.7113095238095238,21,0.3620689655172414,24.24568500046485,24.289328020471206,False
150,.SLIYA-14.016ASSLQSGVPSK.,0.22186147186147187,0.04642676493966327,0.1754347069218086,4.77874071453838,3.7130207182706325,1.0,0.6513927015044116,9.363295880149813e-05,9.363295880149813e-05,True,924,55356,.SLIYAASSLQSGVPSK.,sp|P04430|KV116_HUMAN,"A-14,5[A->G/1]",A-14[A->G/1],1000.0,2,P04430,P04430,1,True,75,0.22321428571428573,0.7767857142857143,13,0.22413793103448276,24.226152561186005,24.225223616091736,False
151,.T-30.011DGGTTDYAAPVK.,0.788961038961039,0.6139713852156947,0.17498965374534425,1.2850127187668015,3.7130207182706285,1.0,0.6497402098394667,9.36329588015e-05,9.36329588015e-05,True,924,55356,.TDGGTTDYAAPVK.,sp|A0A0B4J1V0|HV315_HUMAN,"T-30,1[T->A/1]",T-30[T->A/1],1000.0,2,A0A0B4J1V0,A0A0B4J1V0,1,True,264,0.7857142857142857,0.21428571428571427,45,0.7758620689655172,23.858070876259422,23.857173932741908,False
152,.FSGSGSGTDFTLTI-14.016SR.,0.21536796536796537,0.04003179420478358,0.1753361711631818,5.379922874958976,3.6748271689518197,1.0,0.644330125490447,0.00011143302875,0.00011143302875,True,924,55356,.FSGSGSGTDFTLTISR.,sp|A0A0C4DH25|KVD20_HUMAN;sp|P01619|KV301_HUMAN,"I-14,14[I->V/1]",I-14[I->V/1],1000.0,2,A0A0C4DH25,A0A0C4DH25;P01619,2,False,70,0.20833333333333334,0.7916666666666666,11,0.1896551724137931,25.5064083148864,25.38704646192541,False
153,.FSGSIL-14.016GNK.,0.22510822510822512,0.05771732061565142,0.1673909044925737,3.900184948072272,3.829850890940644,1.0,0.6410822047062437,4.79616306954e-05,4.79616306954e-05,True,924,55356,.FSGSILGNK.,sp|A0A075B6I0|LV861_HUMAN,"L-14,6[L->V/1]",L-14[L->V/1],1000.0,2,A0A075B6I0,A0A075B6I0,1,True,83,0.24702380952380953,0.7529761904761905,15,0.25862068965517243,24.865141207585197,24.967148607594968,False
154,.FSGSGAGTDFTLK+28.006.,0.24025974025974026,0.06833947539562107,0.17192026486411918,3.515680196092567,3.7130207182706325,1.0,0.6383435053310492,9.363295880149813e-05,9.363295880149813e-05,True,924,55356,.FSGSGAGTDFTLK.,sp|A0A0C4DH68|KV224_HUMAN;tr|A0A075B6R9|A0A075B6R9_HUMAN,"K+28,13[K->R/1]",K+28[K->R/1],1000.0,2,A0A0C4DH68,A0A0C4DH68;A0A075B6R9,2,False,90,0.26785714285714285,0.7321428571428571,17,0.29310344827586204,25.6201994212917,25.539659081986784,False
155,.IT+12.036INPDTSK.,0.20454545454545456,0.033004552352048556,0.171540902193406,6.1974921630094055,3.7130207182706325,1.0,0.6369349238749527,9.363295880149813e-05,9.363295880149813e-05,True,924,55356,.ITINPDTSK.,sp|A0A0B4J1U7|HV601_HUMAN,"T+12,2[T->IL/1]",T+12[T->IL/1],1000.0,2,A0A0B4J1U7,A0A0B4J1U7,1,True,64,0.19047619047619047,0.8095238095238095,10,0.1724137931034483,25.252618094025976,25.05550487808224,False
156,.EVQL-14.016VESGGGLVQPGGSLR.,0.3268398268398268,0.13230724763349952,0.1945325792063273,2.4703093192989427,3.2740996526165285,1.0,0.6369190500020335,0.000431986176442,0.000431986176442,True,924,55356,.EVQLVESGGGLVQPGGSLR.,sp|A0A0B4J1X5|HV374_HUMAN;sp|A0A0B4J1Y9|HV372_HUMAN;sp|A0A0J9YX35|HV64D_HUMAN;sp|P01763|HV302_HUMAN;sp|P01764|HV323_HUMAN;sp|P01766|HV313_HUMAN;sp|P01780|HV307_HUMAN;tr|A0A075B7D8|A0A075B7D8_HUMAN;tr|A0A075B7E8|A0A075B7E8_HUMAN;tr|A0A075B7F1|A0A075B7F1_HUMAN [further mapped to 5 additional proteins],"L-14,4[L->V/1]",L-14[L->V/1],1000.0,2,A0A0B4J1X5,A0A0B4J1X5;A0A0B4J1Y9;A0A0J9YX35;P01763;P01764;P01766;P01780;A0A075B7D8;A0A075B7E8;A0A075B7F1,10,False,124,0.36904761904761907,0.6309523809523809,31,0.5344827586206896,25.505469869509476,25.590969423044626,False
157,.Q-14.975VQLVQSGAEVK.,0.4621212121212121,0.194161427848833,0.2679597842723791,2.3800876272964104,3.7130207182706325,0.6395124999999999,0.6362767142642205,9.363295880149813e-05,9.363295880149813e-05,True,924,55356,.QVQLVQSGAEVK.,sp|A0A0B4J2H0|HV69D_HUMAN;sp|A0A0C4DH29|HV103_HUMAN;sp|A0A0C4DH31|HV118_HUMAN;sp|A0A0C4DH33|HV124_HUMAN;sp|P01742|HV169_HUMAN;sp|P01743|HV146_HUMAN;sp|P0DP01|HV108_HUMAN;sp|P23083|HV103_HUMAN;tr|A0A075B7D0|A0A075B7D0_HUMAN;tr|A0A087WYE8|A0A087WYE8_HUMAN,"Q-15,1[Q->IL/1]",Q-15[Q->IL/1],10.387,2,A0A0B4J2H0,A0A0B4J2H0;A0A0C4DH29;A0A0C4DH31;A0A0C4DH33;P01742;P01743;P0DP01;P23083;A0A075B7D0;A0A087WYE8,10,False,150,0.44642857142857145,0.5535714285714286,24,0.41379310344827586,26.38013223087087,26.31640955330533,False
158,.DIQMTQSPSSLSASVGD-58.005R.,0.20887445887445888,0.03889370619264398,0.1699807526818149,5.3703922644935185,3.7285926927219393,1.0,0.6337889923527902,8.68130914142e-05,8.68130914142e-05,True,924,55356,.DIQMTQSPSSLSASVGDR.,sp|A0A075B6S5|KV127_HUMAN;sp|P01593|KVD33_HUMAN;sp|P01594|KV102_HUMAN;sp|P01597|KV139_HUMAN;sp|P01599|KV117_HUMAN;sp|P01601|KVD16_HUMAN;sp|P04430|KV116_HUMAN;sp|P04432|KVD39_HUMAN;tr|A0A0G2JRQ6|A0A0G2JRQ6_HUMAN;tr|A0A2Q2TTZ9|A0A2Q2TTZ9_HUMAN,"D-58,17[D->G/1]",D-58[D->G/1],33.623,2,A0A075B6S5,A0A075B6S5;P01593;P01594;P01597;P01599;P01601;P04430;P04432;A0A0G2JRQ6;A0A2Q2TTZ9,10,False,69,0.20535714285714285,0.7946428571428571,11,0.1896551724137931,25.11503523368772,24.89999397018478,False
159,.APYPNYDRDILTIDIG+30.011R.,0.19155844155844157,0.029861261651853457,0.1616971799065881,6.414948028378156,3.892033811601206,1.0,0.629330891437004,2.82230751863e-05,2.82230751863e-05,True,924,55356,.APYPNYDRDILTIDIGR.,sp|Q16610-2|ECM1_HUMAN;sp|Q16610-4|ECM1_HUMAN;sp|Q16610|ECM1_HUMAN,"G+30,16[G->S/1]",G+30[G->S/1],27.253,3,Q16610,Q16610,1,True,61,0.18154761904761904,0.8184523809523809,9,0.15517241379310345,24.292665456190104,24.05941956886413,False
160,.LVRPEVDV+31.972M+15.995C+57.021TAFHDNEETFLK.,0.19155844155844157,0.029861261651853457,0.1616971799065881,6.414948028378156,3.892033811601206,1.0,0.629330891437004,2.82230751863e-05,2.82230751863e-05,True,924,55356,.LVRPEVDVMCTAFHDNEETFLK.,sp|P02768-3|ALBU_HUMAN;sp|P02768|ALBU_HUMAN;tr|A0A087WWT3|A0A087WWT3_HUMAN;tr|A0A0C4DGB6|A0A0C4DGB6_HUMAN;tr|H7C013|H7C013_HUMAN,"V+32,8[V->M/1] & M+16,9[Oxidation]",V+32[V->M/1],41.318,3,P02768,P02768;A0A087WWT3;A0A0C4DGB6;H7C013,4,False,61,0.18154761904761904,0.8184523809523809,9,0.15517241379310345,24.79330066558563,24.671597182400905,False
161,.DI-14.016QMTQSPSTLSASVGDR.,0.275974025974026,0.09977238239757208,0.1762016435764539,2.7660362451236975,3.5384836514141904,1.0,0.6234866351475923,0.000189411876125,0.000189411876125,True,924,55356,.DIQMTQSPSTLSASVGDR.,sp|P01602|KV105_HUMAN,"I-14,2[I->V/1]",I-14[I->V/1],38.854,2,P01602,P01602,1,True,108,0.32142857142857145,0.6785714285714286,24,0.41379310344827586,24.376823438208568,24.28648124304828,False
162,.EI-14.016VLTQSPGTLSLSPGER.,0.7727272727272727,0.5448731844786473,0.2278540882486254,1.4181782013490787,3.695253081568282,0.7336375,0.6177070177493857,0.000101719051978,0.000101719051978,True,924,55356,.EIVLTQSPGTLSLSPGER.,sp|P01619|KV301_HUMAN,"I-14,2[I->V/1]",I-14[I->V/1],12.897,2,P01619,P01619,1,True,249,0.7410714285714286,0.25892857142857145,40,0.6896551724137931,28.193498928684612,28.22426886521643,False
163,.VVSVLTVLHQDWLNG+14.016K-2.016.,0.24567099567099568,0.06348002023267577,0.1821909754383199,3.870052258498474,3.3807703870989814,1.0,0.6159458545585498,0.000316130561922,0.000316130561922,True,924,55356,.VVSVLTVLHQDWLNGK.,sp|P01857|IGHG1_HUMAN;sp|P01860|IGHG3_HUMAN;sp|P01861|IGHG4_HUMAN;tr|A0A0A0MS08|A0A0A0MS08_HUMAN;tr|A0A286YES1|A0A286YES1_HUMAN;tr|A0A286YFJ8|A0A286YFJ8_HUMAN,"G+14,15[G->A/1] & K-2,16[Didehydro]",G+14[G->A/1],1000.0,3,P01857,P01857;P01860;P01861;A0A0A0MS08;A0A286YES1;A0A286YFJ8,6,False,87,0.25892857142857145,0.7410714285714286,17,0.29310344827586204,26.38068749363726,26.292356760581562,False
164,.SPPEI-14.016SHGVVAHMSDSYQYGEEVTYK.,0.2976190476190476,0.13057301828166776,0.16704602933737986,2.2793303818483674,3.6797112833707364,1.0,0.6146811589950357,0.000109068554544,0.000109068554544,True,924,55356,.SPPEISHGVVAHMSDSYQYGEEVTYK.,sp|P08603|CFAH_HUMAN,"I-14,5[I->V/1]",I-14[I->V/1],1000.0,4,P08603,P08603,1,True,123,0.36607142857142855,0.6339285714285714,28,0.4827586206896552,27.72598443567428,27.159824788291203,False
165,.ASSLESGV-28.031PSR.,0.21645021645021645,0.05204494544403497,0.16440527100618146,4.158909469565492,3.7130207182706325,1.0,0.6104401774388499,9.363295880149813e-05,9.363295880149813e-05,True,924,55356,.ASSLESGVPSR.,sp|A0A0B4J2D9|KVD13_HUMAN;sp|P01602|KV105_HUMAN;sp|P0DP09|KV113_HUMAN,"V-28,8[V->A/1]",V-28[V->A/1],1000.0,2,A0A0B4J2D9,A0A0B4J2D9;P01602;P0DP09,3,False,79,0.23511904761904762,0.7648809523809523,15,0.25862068965517243,23.65789486370969,23.777149950617854,False
166,.E-14.016IVLTQSPATLSLSPGER.,0.2077922077922078,0.03891177108172556,0.16888043671048225,5.340086097746265,3.5975767982772475,1.0,0.60756034079256,0.000152594099695,0.000152594099695,True,924,55356,.EIVLTQSPATLSLSPGER.,sp|A0A0A0MRZ8|KVD11_HUMAN;sp|A0A0C4DH25|KVD20_HUMAN;sp|P04433|KV311_HUMAN,"E-14,1[E->D/1]",E-14[E->D/1],1000.0,2,A0A0A0MRZ8,A0A0A0MRZ8;A0A0C4DH25;P04433,3,False,69,0.20535714285714285,0.7946428571428571,12,0.20689655172413793,27.861940752405932,27.935146536677824,False
167,.SPPE-14.016ISHGVVAH.,0.2803030303030303,0.06767107449960258,0.2126319558034277,4.1421394942484095,3.7130207182706285,0.7668250000000001,0.6054135958218745,9.36329588015e-05,9.36329588015e-05,True,924,55356,.SPPEISHGVVAH.,sp|P08603|CFAH_HUMAN,"E-14,4[E->D/1]",E-14[E->D/1],13.782,2,P08603,P08603,1,True,90,0.26785714285714285,0.7321428571428571,14,0.2413793103448276,25.118852816419903,25.102868937121254,False
168,.P-26.016GQAPVLVIYK.,0.6006493506493507,0.33873473516872604,0.2619146154806246,1.7732145194680526,3.7130207182706325,0.6219625,0.6048550443400473,9.363295880149813e-05,9.363295880149813e-05,True,924,55356,.PGQAPVLVIYK.,sp|P01717|LV325_HUMAN;sp|P01718|LV327_HUMAN,"P-26,1[P->A/1]",P-26[P->A/1],9.919,2,P01717,P01717;P01718,2,False,197,0.5863095238095238,0.41369047619047616,33,0.5689655172413793,25.959690124910527,26.04984462890954,False
169,.FSGSGSG+58.005TDFTLK.,0.4231601731601732,0.26170604812486453,0.16145412503530865,1.6169292845623349,3.7130207182706325,1.0,0.5994825113063582,9.363295880149813e-05,9.363295880149813e-05,True,924,55356,.FSGSGSGTDFTLK.,sp|A0A075B6P5|KV228_HUMAN;sp|A0A075B6S2|KVD29_HUMAN;sp|A0A075B6S6|KVD30_HUMAN;sp|A0A087WW87|KV240_HUMAN;sp|A0A0A0MRZ7|KVD26_HUMAN;sp|A2NJV5|KV229_HUMAN;sp|P01614|KVD40_HUMAN;sp|P01615|KV202_HUMAN;sp|P06310|KV230_HUMAN;tr|A0A087X0Q4|A0A087X0Q4_HUMAN,"G+58,7[G->D/1]",G+58[G->D/1],1000.0,2,A0A075B6P5,A0A075B6P5;A0A075B6S2;A0A075B6S6;A0A087WW87;A0A0A0MRZ7;A2NJV5;P01614;P01615;P06310;A0A087X0Q4,10,False,173,0.5148809523809523,0.4851190476190476,39,0.6724137931034483,25.257026944232404,25.288301074344144,False
170,.EVQLVESGGG+58.005LVKPGGSLR.,0.7943722943722944,0.6379073632487896,0.1564649311235048,1.2452784528566134,3.8297292695767804,1.0,0.5992183263860013,4.80030721966e-05,4.80030721966e-05,True,924,55356,.EVQLVESGGGLVKPGGSLR.,sp|A0A0B4J1V0|HV315_HUMAN;sp|A0A0B4J1V1|HV321_HUMAN,"G+58,10[G->D/1]",G+58[G->D/1],35.183,2,A0A0B4J1V0,A0A0B4J1V0;A0A0B4J1V1,2,False,269,0.8005952380952381,0.19940476190476192,47,0.8103448275862069,26.272095233393937,26.424212839273412,False
171,.DIQMTQSPSSLSASVGDR-28.006.,0.6807359307359307,0.46853096321988585,0.2122049675160449,1.452915568392126,2.7462411089585883,1.0,0.5827660053177843,0.00169373751411,0.00169373751411,True,924,55356,.DIQMTQSPSSLSASVGDR.,sp|A0A075B6S5|KV127_HUMAN;sp|P01593|KVD33_HUMAN;sp|P01594|KV102_HUMAN;sp|P01597|KV139_HUMAN;sp|P01599|KV117_HUMAN;sp|P01601|KVD16_HUMAN;sp|P04430|KV116_HUMAN;sp|P04432|KVD39_HUMAN;tr|A0A0G2JRQ6|A0A0G2JRQ6_HUMAN;tr|A0A2Q2TTZ9|A0A2Q2TTZ9_HUMAN,"R-28,18[R->K/1]",R-28[R->K/1],1000.0,2,A0A075B6S5,A0A075B6S5;P01593;P01594;P01597;P01599;P01601;P04430;P04432;A0A0G2JRQ6;A0A2Q2TTZ9,10,False,231,0.6875,0.3125,40,0.6896551724137931,24.482264078490854,24.364315975592987,False
172,.SSQSVLY-76.031SSNNK.,0.6396103896103896,0.45680685020593975,0.18280353940444988,1.4001768785254372,3.169674150260779,1.0,0.5794276534264625,0.000576590428599,0.000576590428599,True,924,55356,.SSQSVLYSSNNK.,sp|P06312|KV401_HUMAN,"Y-76,7[Y->S/1]",Y-76[Y->S/1],1000.0,2,P06312,P06312,1,True,228,0.6785714285714286,0.32142857142857145,42,0.7241379310344828,25.353725829606972,25.109354987687183,False
173,.LMIY-76.031EVSK.,0.21861471861471862,0.057825709950140906,0.1607890086645777,3.7805799324074862,3.597656850627967,1.0,0.5784636785277976,0.000152547543985,0.000152547543985,True,924,55356,.LMIYEVSK.,sp|P01709|LV208_HUMAN,"Y-76,4[Y->S/1]",Y-76[Y->S/1],1000.0,2,P01709,P01709,1,True,83,0.24702380952380953,0.7529761904761905,16,0.27586206896551724,24.99733473219373,24.839931628376963,False
174,.EVQLVESGGGLV+29.974QPGR.,0.2196969696969697,0.06391357757063372,0.15578339212633596,3.437406855439642,3.7130207182706325,1.0,0.5784269625275635,9.363295880149813e-05,9.363295880149813e-05,True,924,55356,.EVQLVESGGGLVQPGR.,sp|A0A0A0MS15|HV349_HUMAN;sp|P01782|HV309_HUMAN,"V+30,12[V->E/1]",V+30[V->E/1],1000.0,2,A0A0A0MS15,A0A0A0MS15;P01782,2,False,87,0.25892857142857145,0.7410714285714286,20,0.3448275862068966,24.934451077857297,24.855687133841954,False
175,.SKTDGGTT+12.036DYAAPVK.,0.18722943722943722,0.03215550256521425,0.15507393466422298,5.822625127681307,3.728469991713295,1.0,0.5781885118924636,8.68658790827e-05,8.68658790827e-05,True,924,55356,.SKTDGGTTDYAAPVK.,sp|A0A0B4J1V0|HV315_HUMAN,"T+12,8[T->IL/1]",T+12[T->IL/1],1000.0,2,A0A0B4J1V0,A0A0B4J1V0,1,True,63,0.1875,0.8125,10,0.1724137931034483,24.49365831932521,24.557430004305864,False
176,.SVIPSDGPSVAC+57.021V+31.972K.,0.8820346320346321,0.7266782281956788,0.15535640383895322,1.213789814819,3.7130207182706325,1.0,0.5768415461700526,9.363295880149813e-05,9.363295880149813e-05,True,924,55356,.SVIPSDGPSVACVK.,sp|P02787|TRFE_HUMAN;tr|C9JB55|C9JB55_HUMAN;tr|F8WCI6|F8WCI6_HUMAN;tr|F8WEK9|F8WEK9_HUMAN,"V+32,13[V->M/1]",V+32[V->M/1],1000.0,2,P02787,P02787;C9JB55;F8WCI6;F8WEK9,4,False,287,0.8541666666666666,0.14583333333333334,47,0.8103448275862069,26.554908718582823,26.549008425799265,False
177,.DSERPSGIPE-14.016R.,0.19264069264069264,0.036725919502854254,0.15591477313783839,5.245360640343424,3.699338684600542,1.0,0.576781551769523,9.98302885095e-05,9.98302885095e-05,True,924,55356,.DSERPSGIPER.,sp|A0A075B6K0|LV316_HUMAN;sp|P01717|LV325_HUMAN;sp|P01718|LV327_HUMAN,"E-14,10[E->D/1]",E-14[E->D/1],1000.0,3,A0A075B6K0,A0A075B6K0;P01717;P01718,3,False,67,0.19940476190476192,0.8005952380952381,12,0.20689655172413793,25.19666785683891,25.622425569502482,False
178,.SELTQDPAVSVALGQTVR-28.006.,0.1893939393939394,0.03441361370041188,0.15498032569352752,5.503459794798378,3.7130207182706325,1.0,0.5754451602243981,9.363295880149813e-05,9.363295880149813e-05,True,924,55356,.SELTQDPAVSVALGQTVR.,sp|P01714|LV319_HUMAN,"R-28,18[R->K/1]",R-28[R->K/1],39.017,2,P01714,P01714,1,True,65,0.19345238095238096,0.8065476190476191,11,0.1896551724137931,25.141788582121013,25.012336824233174,False
179,.FSGSSSGA+30.011ER.,0.22835497835497837,0.0591625117421779,0.16919246661280046,3.859791811242193,3.4003392526730845,1.0,0.5753117854800858,0.000297796307326,0.000297796307326,True,924,55356,.FSGSSSGAER.,sp|A0A075B6H9|LV469_HUMAN,"A+30,8[A->T/1]",A+30[A->T/1],1000.0,2,A0A075B6H9,A0A075B6H9,1,True,84,0.25,0.75,20,0.3448275862068966,25.48254770653439,25.431891798381873,False
180,.EV-42.047QLVESGGGLVQPGR.,0.19047619047619047,0.03323939591010911,0.15723679456608136,5.730434782608696,3.6952753561191845,0.9891625,0.5747363041662837,0.000101708706265,0.000101708706265,True,924,55356,.EVQLVESGGGLVQPGR.,sp|A0A0A0MS15|HV349_HUMAN;sp|P01782|HV309_HUMAN,"V-42,2[V->G/1]",V-42[V->G/1],19.711,2,A0A0A0MS15,A0A0A0MS15;P01782,2,False,64,0.19047619047619047,0.8095238095238095,11,0.1896551724137931,24.876724153594584,24.86941609938137,False
181,.LLIYGAS-30.011SR.,0.8354978354978355,0.6666486017775851,0.1688492337202504,1.2532807138123778,3.3924097566107467,1.0,0.5728057878688257,0.000305126118796,0.000305126118796,True,924,55356,.LLIYGASSR.,sp|P01619|KV301_HUMAN,"S-30,7[S->G/1]",S-30[S->G/1],1000.0,2,P01619,P01619,1,True,275,0.8184523809523809,0.18154761904761904,46,0.7931034482758621,24.89227719091212,24.84401037301297,False
182,.E-14.016IVLTQSPGTLSLSPGER.,0.20995670995670995,0.05502565214249584,0.15493105781421412,3.8156151137109773,3.69520852229676,1.0,0.572502565203536,0.00010173974972,0.00010173974972,True,924,55356,.EIVLTQSPGTLSLSPGER.,sp|P01619|KV301_HUMAN,"E-14,1[E->D/1]",E-14[E->D/1],40.659,3,P01619,P01619,1,True,81,0.24107142857142858,0.7589285714285714,22,0.3793103448275862,28.12174387785075,28.071932720675665,False
183,.F-33.984SGVPDRFSGSGAGTDFTLK.,0.17532467532467533,0.023899848254931716,0.1514248270697436,7.335807050092764,3.7665612435312483,1.0,0.5703508849493177,7.117437722419929e-05,7.117437722419929e-05,True,924,55356,.FSGVPDRFSGSGAGTDFTLK.,sp|A0A0C4DH68|KV224_HUMAN;tr|A0A075B6R9|A0A075B6R9_HUMAN,"F-34,1[F->IL/1]",F-34[F->IL/1],1000.0,2,A0A0C4DH68,A0A0C4DH68;A0A075B6R9,2,False,55,0.1636904761904762,0.8363095238095238,8,0.13793103448275862,25.197174240018356,25.39281060660884,False
184,.EIV+14.016LTQSPATLSLSPGER.,0.19264069264069264,0.029843196762771876,0.16279749587792075,6.4550957517059215,3.4878699611207558,1.0,0.5678164956182798,0.000225184651414,0.000225184651414,True,924,55356,.EIVLTQSPATLSLSPGER.,sp|A0A0A0MRZ8|KVD11_HUMAN;sp|A0A0C4DH25|KVD20_HUMAN;sp|P04433|KV311_HUMAN,"V+14,3[V->IL/1]",V+14[V->IL/1],33.325,2,A0A0A0MRZ8,A0A0A0MRZ8;A0A0C4DH25;P04433,3,False,61,0.18154761904761904,0.8184523809523809,9,0.15517241379310345,25.513206037115037,25.41163723181624,False
185,.SY-15.995ELTQPPSVSVSPGQTAR.,0.7911255411255411,0.6428210130789797,0.14830452804656147,1.230708898790059,3.8214421530780567,1.0,0.566737174969477,5.08543531326e-05,5.08543531326e-05,True,924,55356,.SYELTQPPSVSVSPGQTAR.,sp|A0A075B6K4|LV310_HUMAN;sp|P01717|LV325_HUMAN,"Y-16,2[Y->F/1]",Y-16[Y->F/1],1000.0,2,A0A075B6K4,A0A075B6K4;P01717,2,False,270,0.8035714285714286,0.19642857142857142,49,0.8448275862068966,25.46139255447609,25.465879873740445,False
186,.L-14.016MIYEVSK.,0.24675324675324675,0.08893344894862346,0.1578197978046233,2.77458312558861,3.562818423006662,1.0,0.5622832831334983,0.000173641257163,0.000173641257163,True,924,55356,.LMIYEVSK.,sp|P01709|LV208_HUMAN,"L-14,1[L->V/1]",L-14[L->V/1],1000.0,2,P01709,P01709,1,True,102,0.30357142857142855,0.6964285714285714,22,0.3793103448275862,24.135721070004596,24.210313174329187,False
187,.EVQLV+14.016ESGGGLIQPGGSLR.,0.18398268398268397,0.03808078618397283,0.14590189779871116,4.831378299120234,3.843408198051277,1.0,0.560760550110806,4.34140835287e-05,4.34140835287e-05,True,924,55356,.EVQLVESGGGLIQPGGSLR.,sp|A0A0C4DH42|HV366_HUMAN,"V+14,5[V->IL/1]",V+14[V->IL/1],24.969,2,A0A0C4DH42,A0A0C4DH42,1,True,68,0.20238095238095238,0.7976190476190477,15,0.25862068965517243,25.02205552609645,24.89740817485259,False
188,.K+28.006DLGEENFK.,0.3365800865800866,0.09876074860900354,0.23781933797108307,3.4080349867801853,3.6751838407004596,0.6396999999999999,0.5591168553307644,0.000111259457054,0.000111259457054,True,924,55356,.KDLGEENFK.,sp|P02768-2|ALBU_HUMAN;sp|P02768-3|ALBU_HUMAN;sp|P02768|ALBU_HUMAN;tr|A0A087WWT3|A0A087WWT3_HUMAN;tr|A0A0C4DGB6|A0A0C4DGB6_HUMAN;tr|B7WNR0|B7WNR0_HUMAN;tr|C9JKR2|C9JKR2_HUMAN;tr|H7C013|H7C013_HUMAN,"K+28,1[K->R/1]",K+28[K->R/1],10.392,2,P02768,P02768;A0A087WWT3;A0A0C4DGB6;B7WNR0;C9JKR2;H7C013,6,False,108,0.32142857142857145,0.6785714285714286,17,0.29310344827586204,24.10913800578945,24.044404531895402,False
189,.LLI+33.984YGASTR.,0.32575757575757575,0.09131801430739216,0.23443956145018358,3.5672871144681233,3.829688689981486,0.6224500000000001,0.5588546177369689,4.80169019495e-05,4.80169019495e-05,True,924,55356,.LLIYGASTR.,sp|A0A0C4DH55|KVD07_HUMAN;sp|P01624|KV315_HUMAN;tr|A0A075B6H7|A0A075B6H7_HUMAN;tr|A0A0C4DH90|A0A0C4DH90_HUMAN,"I+34,3[I->F/1]",I+34[I->F/1],9.932,2,A0A0C4DH55,A0A0C4DH55;P01624;A0A075B6H7;A0A0C4DH90,4,False,104,0.30952380952380953,0.6904761904761905,16,0.27586206896551724,24.491150891293955,24.4368245636441,False
190,.FSGSNSG+72.021NTATLTISR.,0.7012987012987013,0.5550798468097405,0.14621885448896077,1.2634194978061937,3.8214421530780567,1.0,0.5587668941189013,5.08543531326e-05,5.08543531326e-05,True,924,55356,.FSGSNSGNTATLTISR.,sp|A0A075B6K5|LV39_HUMAN;sp|P80748|LV302_HUMAN,"G+72,7[G->E/1]",G+72[G->E/1],30.544,2,A0A075B6K5,A0A075B6K5;P80748,2,False,251,0.7470238095238095,0.25297619047619047,46,0.7931034482758621,25.445311953918434,25.4191501547443,False
191,.ATLV+31.972C+57.021LISDFYPGAVTVAWK.,0.5930735930735931,0.4453356456391358,0.14773794743445728,1.3317451654300592,3.766561243531246,1.0,0.5564640270054833,7.11743772242e-05,7.11743772242e-05,True,924,55356,.ATLVCLISDFYPGAVTVAWK.,sp|B9A064|IGLL5_HUMAN;sp|P0CG04|IGLC1_HUMAN;sp|P0DOY2|IGLC2_HUMAN;sp|P0DOY3|IGLC3_HUMAN;tr|A0A0B4J231|A0A0B4J231_HUMAN,"V+32,4[V->M/1]",V+32[V->M/1],1000.0,3,B9A064,B9A064;P0CG04;P0DOY2;P0DOY3;A0A0B4J231,5,False,225,0.6696428571428571,0.33035714285714285,42,0.7241379310344828,24.81068616068187,24.61199684570762,False
192,.EVQ+9.000LVESGGGLVKPGGSLR.,0.20995670995670995,0.05946961485656478,0.15048709510014519,3.530487131337678,3.69520852229676,1.0,0.5560811963097395,0.00010173974972,0.00010173974972,True,924,55356,.EVQLVESGGGLVKPGGSLR.,sp|A0A0B4J1V0|HV315_HUMAN;sp|A0A0B4J1V1|HV321_HUMAN,"Q+9,3[Q->H/1]",Q+9[Q->H/1],25.165,3,A0A0B4J1V0,A0A0B4J1V0;A0A0B4J1V1,2,False,84,0.25,0.75,22,0.3793103448275862,25.33538612707946,25.330159173637508,False
193,.LLI+17.956YDASSR.,0.17207792207792208,0.029102536310427054,0.14297538576749502,5.912815303876757,3.8819910962495254,1.0,0.5550291745322568,3.12226801549e-05,3.12226801549e-05,True,924,55356,.LLIYDASSR.,sp|A0A0C4DH25|KVD20_HUMAN,"I+18,3[I->M/1]",I+18[I->M/1],1000.0,2,A0A0C4DH25,A0A0C4DH25,1,True,60,0.17857142857142858,0.8214285714285714,11,0.1896551724137931,24.50169879115419,24.526634897810073,False
194,.DI-12.036QMTQSPSSLSASVGDR.,0.22727272727272727,0.07858226750487753,0.14869045976784973,2.8921630094043884,3.7129813855317026,1.0,0.5520849093241765,9.365049634763064e-05,9.365049634763064e-05,True,924,55356,.DIQMTQSPSSLSASVGDR.,sp|A0A075B6S5|KV127_HUMAN;sp|P01593|KVD33_HUMAN;sp|P01594|KV102_HUMAN;sp|P01597|KV139_HUMAN;sp|P01599|KV117_HUMAN;sp|P01601|KVD16_HUMAN;sp|P04430|KV116_HUMAN;sp|P04432|KVD39_HUMAN;tr|A0A0G2JRQ6|A0A0G2JRQ6_HUMAN;tr|A0A2Q2TTZ9|A0A2Q2TTZ9_HUMAN,"I-12,2[I->T/1]",I-12[I->T/1],33.241,2,A0A075B6S5,A0A075B6S5;P01593;P01594;P01597;P01599;P01601;P04430;P04432;A0A0G2JRQ6;A0A2Q2TTZ9,10,False,96,0.2857142857142857,0.7142857142857143,23,0.39655172413793105,24.87513992171698,24.764953374714704,False
195,.N-27.011DLGWYQQK.,0.21536796536796537,0.041296336440494255,0.17407162892747113,5.215183329356558,3.7260810008462038,0.8477875,0.5498792023941512,8.78966335589e-05,8.78966335589e-05,True,924,55356,.NDLGWYQQK.,sp|A0A0C4DH72|KV106_HUMAN;sp|P01599|KV117_HUMAN,"N-27,1[N->S/1]",N-27[N->S/1],15.941,2,A0A0C4DH72,A0A0C4DH72;P01599,2,False,71,0.2113095238095238,0.7886904761904762,11,0.1896551724137931,24.663385403789764,24.56640106230802,False
196,.EIVLTQSPGT-30.011LSLSPGER.,0.18073593073593072,0.03692463328275165,0.14381129745317908,4.894725137875822,3.8214272612004687,1.0,0.549564412556188,5.08595259892e-05,5.08595259892e-05,True,924,55356,.EIVLTQSPGTLSLSPGER.,sp|P01619|KV301_HUMAN,"T-30,10[T->A/1]",T-30[T->A/1],32.036,2,P01619,P01619,1,True,67,0.19940476190476192,0.8005952380952381,16,0.27586206896551724,25.156380627137725,25.20945088122635,False
197,.ASGVPDRFSGSGSGTDFTLK+28.006.,0.9318181818181818,0.7838716670279644,0.14794651479021736,1.1887381838294448,3.7130207182706325,1.0,0.5493284746120096,9.363295880149813e-05,9.363295880149813e-05,True,924,55356,.ASGVPDRFSGSGSGTDFTLK.,sp|A0A075B6P5|KV228_HUMAN;sp|A0A087WW87|KV240_HUMAN;sp|P01614|KVD40_HUMAN;sp|P01615|KV202_HUMAN;tr|A0A087X0Q4|A0A087X0Q4_HUMAN,"K+28,20[K->R/1]",K+28[K->R/1],37.888,3,A0A075B6P5,A0A075B6P5;A0A087WW87;P01614;P01615;A0A087X0Q4,5,False,298,0.8869047619047619,0.1130952380952381,47,0.8103448275862069,25.804802010194095,25.76119534017271,False
198,.F-33.984SGSGSGTDFTLTISR.,0.18506493506493507,0.0278199291856348,0.15724500587930026,6.652243211334121,3.4911111929785976,1.0,0.5489598000652105,0.000222766763199,0.000222766763199,True,924,55356,.FSGSGSGTDFTLTISR.,sp|A0A0C4DH25|KVD20_HUMAN;sp|P01619|KV301_HUMAN,"F-34,1[F->IL/1]",F-34[F->IL/1],31.249,2,A0A0C4DH25,A0A0C4DH25;P01619,2,False,59,0.17559523809523808,0.8244047619047619,9,0.15517241379310345,25.05589256815347,25.01185963273168,False
199,.EI-12.036VLTQSPGTLSLSPGER.,0.9090909090909091,0.7576053183033457,0.1514855907875634,1.1999531776345167,3.6127659403069763,1.0,0.5472819828445893,0.000143912501199,0.000143912501199,True,924,55356,.EIVLTQSPGTLSLSPGER.,sp|P01619|KV301_HUMAN,"I-12,2[I->T/1]",I-12[I->T/1],1000.0,2,P01619,P01619,1,True,293,0.8720238095238095,0.12797619047619047,48,0.8275862068965517,26.66676239324067,26.659544523513517,False
200,.SVH-9.000WYQQK.,0.2694805194805195,0.07278343810969001,0.19669708137082947,3.7024978000406144,3.707893600908254,0.7474000000000001,0.5451026241909078,9.59324635457e-05,9.59324635457e-05,True,924,55356,.SVHWYQQK.,sp|P80748|LV302_HUMAN,"H-9,3[H->Q/1]",H-9[H->Q/1],13.264,2,P80748,P80748,1,True,93,0.2767857142857143,0.7232142857142857,16,0.27586206896551724,24.384131059390732,24.465914037098273,False
201,.EV-42.047QLVQSGAEVK.,0.28679653679653677,0.07417443456897174,0.21262210222756503,3.86651463490236,3.7130207182706325,0.6900999999999999,0.544813433832985,9.363295880149813e-05,9.363295880149813e-05,True,924,55356,.EVQLVQSGAEVK.,sp|A0A0C4DH38|HV551_HUMAN;sp|A0A0G2JMI3|HV692_HUMAN;sp|A0A0J9YXX1|HV5X1_HUMAN,"V-42,2[V->G/1]",V-42[V->G/1],11.736,2,A0A0C4DH38,A0A0C4DH38;A0A0G2JMI3;A0A0J9YXX1,3,False,94,0.27976190476190477,0.7202380952380952,15,0.25862068965517243,24.59121661871063,24.666164152721542,False
202,.P+3.995GQAPVLVIYK.,0.19155844155844157,0.03555170171255149,0.15600673984589009,5.388165188470066,3.6378149782185205,0.959875,0.5447517682609779,0.000130242250586,0.000130242250586,True,924,55356,.PGQAPVLVIYK.,sp|P01717|LV325_HUMAN;sp|P01718|LV327_HUMAN,"P+4,1[P->T/1]",P+4[P->T/1],18.93,2,P01717,P01717;P01718,2,False,66,0.19642857142857142,0.8035714285714286,11,0.1896551724137931,24.78755181676874,24.68134160272149,False
203,.ASGVPDRFSGSG+14.016SGTDFTLK.,0.19805194805194806,0.05235204855842185,0.1456998994935262,3.783079239600979,3.7130207182706325,1.0,0.5409867454694117,9.363295880149813e-05,9.363295880149813e-05,True,924,55356,.ASGVPDRFSGSGSGTDFTLK.,sp|A0A075B6P5|KV228_HUMAN;sp|A0A087WW87|KV240_HUMAN;sp|P01614|KVD40_HUMAN;sp|P01615|KV202_HUMAN;tr|A0A087X0Q4|A0A087X0Q4_HUMAN,"G+14,12[G->A/1]",G+14[G->A/1],1000.0,2,A0A075B6P5,A0A075B6P5;A0A087WW87;P01614;P01615;A0A087X0Q4,5,False,79,0.23511904761904762,0.7648809523809523,18,0.3103448275862069,25.745311288160487,25.692291707562884,False
204,.EVQLV+29.974QSGAEVK.,0.827922077922078,0.671742900498591,0.15617917742348697,1.2324984414536653,3.734468029730839,0.9247749999999999,0.5393714537402226,8.430281571404485e-05,8.430281571404485e-05,True,924,55356,.EVQLVQSGAEVK.,sp|A0A0C4DH38|HV551_HUMAN;sp|A0A0G2JMI3|HV692_HUMAN;sp|A0A0J9YXX1|HV5X1_HUMAN,"V+30,5[V->E/1]",V+30[V->E/1],17.994,2,A0A0C4DH38,A0A0C4DH38;A0A0G2JMI3;A0A0J9YXX1,3,False,276,0.8214285714285714,0.17857142857142858,47,0.8103448275862069,26.104651388255217,26.092988816552158,False
205,.LVESGGG+58.005LVQPGR.,0.1937229437229437,0.03204711323072476,0.16167583049221895,6.044942092856411,3.7130207182706325,0.8971750000000001,0.53857927380926,9.363295880149813e-05,9.363295880149813e-05,True,924,55356,.LVESGGGLVQPGR.,sp|A0A0A0MS15|HV349_HUMAN;sp|P01782|HV309_HUMAN,"G+58,7[G->D/1]",G+58[G->D/1],17.258,2,A0A0A0MS15,A0A0A0MS15;P01782,2,False,63,0.1875,0.8125,10,0.1724137931034483,24.83924041317754,24.797132741335027,False
206,.LVESGGG+58.005LVQPGGSLR.,0.79004329004329,0.6092022544981573,0.18084103554513264,1.2968489269530101,2.9605224649339457,1.0,0.5353839483132834,0.000995159904103,0.000995159904103,True,924,55356,.LVESGGGLVQPGGSLR.,sp|A0A0B4J1X5|HV374_HUMAN;sp|A0A0B4J1Y9|HV372_HUMAN;sp|A0A0J9YX35|HV64D_HUMAN;sp|P01763|HV302_HUMAN;sp|P01764|HV323_HUMAN;sp|P01766|HV313_HUMAN;sp|P01780|HV307_HUMAN;tr|A0A075B7D8|A0A075B7D8_HUMAN;tr|A0A075B7E8|A0A075B7E8_HUMAN;tr|A0A075B7F1|A0A075B7F1_HUMAN [further mapped to 5 additional proteins],"G+58,7[G->D/1]",G+58[G->D/1],1000.0,2,A0A0B4J1X5,A0A0B4J1X5;A0A0B4J1Y9;A0A0J9YX35;P01763;P01764;P01766;P01780;A0A075B7D8;A0A075B7E8;A0A075B7F1,10,False,263,0.7827380952380952,0.21726190476190477,45,0.7758620689655172,25.061016456281422,25.023704984516566,False
207,.FSGSNSG+58.005NTATLTISR.,0.18506493506493507,0.041802153334778526,0.14326278173015655,4.427162724915534,3.734468029730839,1.0,0.535010278221577,8.430281571404485e-05,8.430281571404485e-05,True,924,55356,.FSGSNSGNTATLTISR.,sp|A0A075B6K5|LV39_HUMAN;sp|P80748|LV302_HUMAN,"G+58,7[G->D/1]",G+58[G->D/1],1000.0,2,A0A075B6K5,A0A075B6K5;P80748,2,False,71,0.2113095238095238,0.7886904761904762,15,0.25862068965517243,25.15402539525164,25.155072733848783,False
208,.NYLA+15.995WYQQK.,0.1699134199134199,0.025995375388395116,0.1439180445250248,6.53629414366037,3.7130207182706325,1.0,0.5343706810544124,9.363295880149813e-05,9.363295880149813e-05,True,924,55356,.NYLAWYQQK.,sp|A0A075B6S5|KV127_HUMAN;sp|P06312|KV401_HUMAN,"A+16,4[A->S/1]",A+16[A->S/1],1000.0,2,A0A075B6S5,A0A075B6S5;P06312,2,False,57,0.16964285714285715,0.8303571428571429,10,0.1724137931034483,24.596079853711313,24.578624936628174,False
209,.SGT-30.011SASLAISGLR.,0.16017316017316016,0.02035912999494183,0.13981403017821833,7.867387271113979,3.8214570424370207,1.0,0.5342933102560546,5.08491813282e-05,5.08491813282e-05,True,924,55356,.SGTSASLAISGLR.,sp|P01700|LV147_HUMAN,"T-30,3[T->A/1]",T-30[T->A/1],1000.0,2,P01700,P01700,1,True,51,0.15178571428571427,0.8482142857142857,8,0.13793103448275862,24.57315315068474,24.46928726584122,False
210,.ATGIPDRFSGSGSG+72.021TDFTLTISR.,0.17316017316017315,0.029084471421345473,0.14407570173882767,5.953698475437606,3.695230803625845,1.0,0.5323929711193257,0.000101729399797,0.000101729399797,True,924,55356,.ATGIPDRFSGSGSGTDFTLTISR.,sp|A0A0C4DH25|KVD20_HUMAN;sp|P01619|KV301_HUMAN,"G+72,14[G->E/1]",G+72[G->E/1],62.293,3,A0A0C4DH25,A0A0C4DH25;P01619,2,False,60,0.17857142857142858,0.8214285714285714,11,0.1896551724137931,25.289961587077855,25.200279183730235,False
211,.DLLFRDDTV+31.972C+57.021LAK.,0.9112554112554112,0.7681732784160705,0.14308213283934068,1.186262835299827,3.7130207182706325,1.0,0.5312669236468228,9.363295880149813e-05,9.363295880149813e-05,True,924,55356,.DLLFRDDTVCLAK.,sp|P02787|TRFE_HUMAN,"V+32,9[V->M/1]",V+32[V->M/1],25.206,2,P02787,P02787,1,True,295,0.8779761904761905,0.12202380952380952,48,0.8275862068965517,26.17574209411352,26.197322333201136,False
212,.EV+31.972QLVESGGGLVQPGGSLR.,0.1699134199134199,0.027025074066045235,0.14288834584737467,6.287250850753524,3.7130207182706325,1.0,0.5305473885307217,9.363295880149813e-05,9.363295880149813e-05,True,924,55356,.EVQLVESGGGLVQPGGSLR.,sp|A0A0B4J1X5|HV374_HUMAN;sp|A0A0B4J1Y9|HV372_HUMAN;sp|A0A0J9YX35|HV64D_HUMAN;sp|P01763|HV302_HUMAN;sp|P01764|HV323_HUMAN;sp|P01766|HV313_HUMAN;sp|P01780|HV307_HUMAN;tr|A0A075B7D8|A0A075B7D8_HUMAN;tr|A0A075B7E8|A0A075B7E8_HUMAN;tr|A0A075B7F1|A0A075B7F1_HUMAN [further mapped to 5 additional proteins],"V+32,2[V->M/1]",V+32[V->M/1],30.805,2,A0A0B4J1X5,A0A0B4J1X5;A0A0B4J1Y9;A0A0J9YX35;P01763;P01764;P01766;P01780;A0A075B7D8;A0A075B7E8;A0A075B7F1,10,False,58,0.17261904761904762,0.8273809523809523,10,0.1724137931034483,25.441917880517217,25.28176167247657,False
213,.LLIYDASS+14.016LESGVPSR.,0.1774891774891775,0.02901221186501915,0.14847696562415835,6.117740292086494,3.570884886408674,1.0,0.5301941525271273,0.000168605631428,0.000168605631428,True,924,55356,.LLIYDASSLESGVPSR.,sp|A0A0B4J2D9|KVD13_HUMAN;sp|P0DP09|KV113_HUMAN,"S+14,8[S->T/1]",S+14[S->T/1],1000.0,2,A0A0B4J2D9,A0A0B4J2D9;P0DP09,2,False,60,0.17857142857142858,0.8214285714285714,11,0.1896551724137931,26.796543750283256,26.31615756567582,False
214,.A+30.011STLQSGVPSR.,0.3852813852813853,0.17441650408266493,0.21086488119872035,2.208973212183984,3.695007837637737,0.6790375000000001,0.5290702949624039,0.00010183299389,0.00010183299389,True,924,55356,.ASTLQSGVPSR.,sp|A0A075B6S5|KV127_HUMAN;sp|A0A087WSZ0|KVD08_HUMAN;sp|A0A0C4DH67|KV108_HUMAN;sp|A0A0C4DH69|KV109_HUMAN;tr|A0A0G2JQJ0|A0A0G2JQJ0_HUMAN,"A+30,1[A->T/1]",A+30[A->T/1],11.441,2,A0A075B6S5,A0A075B6S5;A0A087WSZ0;A0A0C4DH67;A0A0C4DH69;A0A0G2JQJ0,5,False,142,0.4226190476190476,0.5773809523809523,28,0.4827586206896552,23.97840141988447,23.95089743173658,False
215,.NYVSWYQQL-14.016PGTAPK.,0.1590909090909091,0.01858877086494689,0.1405021382259622,8.558441558441558,3.72857517101579,1.0,0.5238727840639512,8.68206285814e-05,8.68206285814e-05,True,924,55356,.NYVSWYQQLPGTAPK.,sp|P01701|LV103_HUMAN,"L-14,9[L->V/1]",L-14[L->V/1],1000.0,2,P01701,P01701,1,True,49,0.14583333333333334,0.8541666666666666,7,0.1206896551724138,24.97107987451589,24.82137986640764,False
216,.SIS+27.011TAYLQWSSLK.,0.6699134199134199,0.4728846014885469,0.19702881842487302,1.4166530646264763,3.7130207182706325,0.7151875,0.5232112104750944,9.363295880149813e-05,9.363295880149813e-05,True,924,55356,.SISTAYLQWSSLK.,sp|A0A0C4DH38|HV551_HUMAN;sp|A0A0J9YXX1|HV5X1_HUMAN,"S+27,3[S->N/1]",S+27[S->N/1],12.405,2,A0A0C4DH38,A0A0C4DH38;A0A0J9YXX1,2,False,232,0.6904761904761905,0.30952380952380953,43,0.7413793103448276,25.825786506140503,25.82184306727687,False
217,.V+31.972TVLGQPK.,0.1645021645021645,0.02608569983380302,0.1384164646683615,6.306220095693781,3.766561243531246,1.0,0.5213540912864625,7.11743772242e-05,7.11743772242e-05,True,924,55356,.VTVLGQPK.,sp|B9A064|IGLL5_HUMAN;tr|A0A0B4J231|A0A0B4J231_HUMAN,"V+32,1[V->M/1]",V+32[V->M/1],1000.0,2,B9A064,B9A064;A0A0B4J231,2,False,57,0.16964285714285715,0.8303571428571429,11,0.1896551724137931,24.14577110399688,24.12190582350815,False
218,.P-10.021GQAPVLVIYR.,0.23917748917748918,0.04886552496567671,0.19031196421181246,4.894605948580071,3.7665612435312483,0.727,0.5211293530580371,7.117437722419929e-05,7.117437722419929e-05,True,924,55356,.PGQAPVLVIYR.,sp|A0A075B6K5|LV39_HUMAN,"P-10,1[P->S/1]",P-10[P->S/1],12.72,2,A0A075B6K5,A0A075B6K5,1,True,77,0.22916666666666666,0.7708333333333334,12,0.20689655172413793,24.15879618660474,24.154907836129855,False
219,.M-29.993ELERPGGNEITR.,0.16883116883116883,0.033600693691740735,0.1352304751394281,5.024633431085044,3.843431025100614,1.0,0.5197490036899752,4.34065457071e-05,4.34065457071e-05,True,924,55356,.MELERPGGNEITR.,sp|P02671-2|FIBA_HUMAN;sp|P02671|FIBA_HUMAN,"M-30,1[M->T/1]",M-30[M->T/1],20.425,3,P02671,P02671,1,True,64,0.19047619047619047,0.8095238095238095,12,0.20689655172413793,23.957148289182456,23.976971987547188,False
220,.FSGSS+14.016SGAER.,0.27705627705627706,0.06772526916684732,0.20933100788942974,4.090884842018477,3.3607811276658284,0.737875,0.519106647690952,0.000335731414868,0.000335731414868,True,924,55356,.FSGSSSGAER.,sp|A0A075B6H9|LV469_HUMAN,"S+14,5[S->T/1]",S+14[S->T/1],13.01,2,A0A075B6H9,A0A075B6H9,1,True,90,0.26785714285714285,0.7321428571428571,14,0.2413793103448276,24.04736194062522,24.06713930115843,False
221,.EVQL+17.956VESGGGLVQPGGSLR.,0.16233766233766234,0.022183683792181517,0.1401539785454808,7.317885697364524,3.695319895056985,1.0,0.517913785290505,0.000101688021151,0.000101688021151,True,924,55356,.EVQLVESGGGLVQPGGSLR.,sp|A0A0B4J1X5|HV374_HUMAN;sp|A0A0B4J1Y9|HV372_HUMAN;sp|A0A0J9YX35|HV64D_HUMAN;sp|P01763|HV302_HUMAN;sp|P01764|HV323_HUMAN;sp|P01766|HV313_HUMAN;sp|P01780|HV307_HUMAN;tr|A0A075B7D8|A0A075B7D8_HUMAN;tr|A0A075B7E8|A0A075B7E8_HUMAN;tr|A0A075B7F1|A0A075B7F1_HUMAN [further mapped to 5 additional proteins],"L+18,4[L->M/1]",L+18[L->M/1],1000.0,2,A0A0B4J1X5,A0A0B4J1X5;A0A0B4J1Y9;A0A0J9YX35;P01763;P01764;P01766;P01780;A0A075B7D8;A0A075B7E8;A0A075B7F1,10,False,53,0.15773809523809523,0.8422619047619048,8,0.13793103448275862,24.420533386329023,24.291710556620558,False
222,.SPPEI-14.016SHGVVAHM+15.995SDSYQYGEEVTYK.,0.1590909090909091,0.01858877086494689,0.1405021382259622,8.558441558441558,3.6797112833707364,1.0,0.5170073033677879,0.000109068554544,0.000109068554544,True,924,55356,.SPPEISHGVVAHMSDSYQYGEEVTYK.,sp|P08603|CFAH_HUMAN,"I-14,5[I->V/1] & M+16,13[Oxidation]",I-14[I->V/1],33.717,3,P08603,P08603,1,True,49,0.14583333333333334,0.8541666666666666,7,0.1206896551724138,25.44401671111667,25.46208939687225,False
223,.EV-28.031QLVESGGGLVQPGR.,0.2002164502164502,0.06114964954115182,0.1390668006752984,3.2742043776017185,3.7130207182706325,1.0,0.5163579121309954,9.363295880149813e-05,9.363295880149813e-05,True,924,55356,.EVQLVESGGGLVQPGR.,sp|A0A0A0MS15|HV349_HUMAN;sp|P01782|HV309_HUMAN,"V-28,2[V->A/1]",V-28[V->A/1],23.193,2,A0A0A0MS15,A0A0A0MS15;P01782,2,False,85,0.25297619047619047,0.7470238095238095,23,0.39655172413793105,24.726608168948538,24.595699323191354,False
224,.EIVLTQSPGTLSL+33.984SPGER.,0.16017316017316016,0.02035912999494183,0.13981403017821833,7.867387271113979,3.660544319050029,1.0,0.5117954538923665,0.000118502133038,0.000118502133038,True,924,55356,.EIVLTQSPGTLSLSPGER.,sp|P01619|KV301_HUMAN,"L+34,13[L->F/1]",L+34[L->F/1],1000.0,2,P01619,P01619,1,True,51,0.15178571428571427,0.8482142857142857,8,0.13793103448275862,26.096973064574144,25.963707288448592,False
225,.QGLLPVLESFK+28.006VSFLSALEEYTK.,0.7456709956709957,0.614693980778958,0.13097701489203772,1.213076781272626,3.8920176217262656,1.0,0.5097648500009143,2.82278552476e-05,2.82278552476e-05,True,924,55356,.QGLLPVLESFKVSFLSALEEYTK.,sp|P02647|APOA1_HUMAN;tr|F8W696|F8W696_HUMAN,"K+28,11[K->R/1]",K+28[K->R/1],56.487,3,P02647,P02647;F8W696,2,False,264,0.7857142857142857,0.21428571428571427,47,0.8103448275862069,25.709060576074627,24.954993286877055,False
226,.HPYFYAPELLFFAKR-28.006.,0.8582251082251082,0.7219090974781415,0.13631601074696675,1.1888271130301058,3.7285926927219393,1.0,0.5082668815721456,8.68130914142e-05,8.68130914142e-05,True,924,55356,.HPYFYAPELLFFAKR.,sp|P02768|ALBU_HUMAN;tr|A0A0C4DGB6|A0A0C4DGB6_HUMAN;tr|B7WNR0|B7WNR0_HUMAN;tr|D6RHD5|D6RHD5_HUMAN;tr|H0YA55|H0YA55_HUMAN;tr|H7C013|H7C013_HUMAN,"R-28,15[R->K/1]",R-28[R->K/1],1000.0,3,P02768,P02768;A0A0C4DGB6;B7WNR0;D6RHD5;H0YA55;H7C013,6,False,286,0.8511904761904762,0.1488095238095238,49,0.8448275862068966,24.8161652650059,24.70920278599755,False
227,.SSQSLLHSDGK+28.006.,0.15692640692640691,0.024206951369318594,0.1327194555570883,6.482700135685209,3.821367668492709,1.0,0.5071698364458123,5.08802279434e-05,5.08802279434e-05,True,924,55356,.SSQSLLHSDGK.,sp|A0A075B6S2|KVD29_HUMAN;sp|A2NJV5|KV229_HUMAN,"K+28,11[K->R/1]",K+28[K->R/1],1000.0,2,A0A075B6S2,A0A075B6S2;A2NJV5,2,False,55,0.1636904761904762,0.8363095238095238,9,0.15517241379310345,23.48320762605856,23.375043175744633,False
228,.DIQMTQSPSSLSASV-28.031GDR.,0.1699134199134199,0.03358262880265915,0.13633079111076074,5.0595628148075695,3.7130207182706325,1.0,0.5061990519324804,9.363295880149813e-05,9.363295880149813e-05,True,924,55356,.DIQMTQSPSSLSASVGDR.,sp|A0A075B6S5|KV127_HUMAN;sp|P01593|KVD33_HUMAN;sp|P01594|KV102_HUMAN;sp|P01597|KV139_HUMAN;sp|P01599|KV117_HUMAN;sp|P01601|KVD16_HUMAN;sp|P04430|KV116_HUMAN;sp|P04432|KVD39_HUMAN;tr|A0A0G2JRQ6|A0A0G2JRQ6_HUMAN;tr|A0A2Q2TTZ9|A0A2Q2TTZ9_HUMAN,"V-28,15[V->A/1]",V-28[V->A/1],1000.0,2,A0A075B6S5,A0A075B6S5;P01593;P01594;P01597;P01599;P01601;P04430;P04432;A0A0G2JRQ6;A0A2Q2TTZ9,10,False,64,0.19047619047619047,0.8095238095238095,12,0.20689655172413793,24.54551698226424,24.392990160754653,False
229,.LLIY-49.020WASTR.,0.38203463203463206,0.1313859382903389,0.25064869374429316,2.907728460182743,3.4108379620584963,0.5915125,0.5056970967060535,0.000288295214299,0.000288295214299,True,924,55356,.LLIYWASTR.,sp|P06312|KV401_HUMAN,"Y-49,4[Y->N/1]",Y-49[Y->N/1],9.107,2,P06312,P06312,1,True,124,0.36904761904761907,0.6309523809523809,21,0.3620689655172414,24.39313864477392,24.36825727756126,False
230,.K+28.006AEFAEVSK.,0.39935064935064934,0.17418166052460438,0.22516898882604497,2.2927250098998697,3.6751838407004596,0.6099625,0.5047667991342155,0.000111259457054,0.000111259457054,True,924,55356,.KAEFAEVSK.,sp|P02768-2|ALBU_HUMAN;sp|P02768|ALBU_HUMAN;tr|A0A0C4DGB6|A0A0C4DGB6_HUMAN;tr|B7WNR0|B7WNR0_HUMAN;tr|C9JKR2|C9JKR2_HUMAN;tr|D6RHD5|D6RHD5_HUMAN;tr|H0YA55|H0YA55_HUMAN,"K+28,1[K->R/1]",K+28[K->R/1],9.599,2,P02768,P02768;A0A0C4DGB6;B7WNR0;C9JKR2;D6RHD5;H0YA55,6,False,142,0.4226190476190476,0.5773809523809523,29,0.5,27.76066647239342,27.52313614552767,False
231,.DSGVPDRFSGSGSGT-14.016DFTLK.,0.15476190476190477,0.02137076378351037,0.13339114097839438,7.241758241758242,3.7665612435312483,1.0,0.5024259018396332,7.117437722419929e-05,7.117437722419929e-05,True,924,55356,.DSGVPDRFSGSGSGTDFTLK.,sp|A0A075B6S6|KVD30_HUMAN;sp|P06310|KV230_HUMAN,"T-14,15[T->S/1]",T-14[T->S/1],1000.0,2,A0A075B6S6,A0A075B6S6;P06310,2,False,52,0.15476190476190477,0.8452380952380952,9,0.15517241379310345,24.57766210398841,24.597663347549176,False
232,.NFMLTQPHSVSE-72.021SPGK.,0.1471861471861472,0.01707132018209408,0.1301148270040531,8.621837421837423,3.829850890940644,1.0,0.49832038612606055,4.79616306954e-05,4.79616306954e-05,True,924,55356,.NFMLTQPHSVSESPGK.,sp|P01721|LV657_HUMAN,"E-72,12[E->G/1]",E-72[E->G/1],1000.0,2,P01721,P01721,1,True,47,0.13988095238095238,0.8601190476190477,7,0.1206896551724138,26.03810010382089,25.981891554133618,False
233,.L-14.016LIYDASSR.,0.15367965367965367,0.019564274875352266,0.1341153788043014,7.855116259548391,3.7130207182706325,1.0,0.4979731801390852,9.363295880149813e-05,9.363295880149813e-05,True,924,55356,.LLIYDASSR.,sp|A0A0C4DH25|KVD20_HUMAN,"L-14,1[L->V/1]",L-14[L->V/1],1000.0,2,A0A0C4DH25,A0A0C4DH25,1,True,50,0.1488095238095238,0.8511904761904762,8,0.13793103448275862,24.820165504671003,24.94223625085231,False
234,.NFM-17.956LTQPHSVSESPGK.,0.8961038961038961,0.7631151094732278,0.13298878663066827,1.1742709389183361,3.7130207182706325,1.0,0.4937901200573438,9.363295880149813e-05,9.363295880149813e-05,True,924,55356,.NFMLTQPHSVSESPGK.,sp|P01721|LV657_HUMAN,"M-18,3[M->IL/1]",M-18[M->IL/1],1000.0,2,P01721,P01721,1,True,294,0.875,0.125,49,0.8448275862068966,26.033290676175923,25.979477988044447,False
235,.TDGGT-30.011TDYAAPVK.,0.16017316017316016,0.027187658067779463,0.1329855021053807,5.891392328601631,3.7130207182706285,1.0,0.49377792454690084,9.36329588015e-05,9.36329588015e-05,True,924,55356,.TDGGTTDYAAPVK.,sp|A0A0B4J1V0|HV315_HUMAN,"T-30,5[T->A/1]",T-30[T->A/1],1000.0,2,A0A0B4J1V0,A0A0B4J1V0,1,True,58,0.17261904761904762,0.8273809523809523,12,0.20689655172413793,23.501242947406396,23.428923585675758,False
236,.FSGSGSGTDFT-14.016LTISR.,0.1645021645021645,0.03141484211286943,0.13308732238929508,5.236447279000471,3.695230803625845,1.0,0.49178837326500674,0.000101729399797,0.000101729399797,True,924,55356,.FSGSGSGTDFTLTISR.,sp|A0A0C4DH25|KVD20_HUMAN;sp|P01619|KV301_HUMAN,"T-14,11[T->S/1]",T-14[T->S/1],27.481,2,A0A0C4DH25,A0A0C4DH25;P01619,2,False,62,0.18452380952380953,0.8154761904761905,14,0.2413793103448276,25.011879172797105,24.964381224337984,False
237,.EV-28.031QLVESGGGLVQPGGSLR.,0.9058441558441559,0.7682636028614784,0.13758055298267746,1.179079878924687,3.570884886408674,1.0,0.49128431730959077,0.000168605631428,0.000168605631428,True,924,55356,.EVQLVESGGGLVQPGGSLR.,sp|A0A0B4J1X5|HV374_HUMAN;sp|A0A0B4J1Y9|HV372_HUMAN;sp|A0A0J9YX35|HV64D_HUMAN;sp|P01763|HV302_HUMAN;sp|P01764|HV323_HUMAN;sp|P01766|HV313_HUMAN;sp|P01780|HV307_HUMAN;tr|A0A075B7D8|A0A075B7D8_HUMAN;tr|A0A075B7E8|A0A075B7E8_HUMAN;tr|A0A075B7F1|A0A075B7F1_HUMAN [further mapped to 5 additional proteins],"V-28,2[V->A/1]",V-28[V->A/1],23.879,2,A0A0B4J1X5,A0A0B4J1X5;A0A0B4J1Y9;A0A0J9YX35;P01763;P01764;P01766;P01780;A0A075B7D8;A0A075B7E8;A0A075B7F1,10,False,295,0.8779761904761905,0.12202380952380952,48,0.8275862068965517,25.594030449342927,25.537044160219118,False
238,.VQPYLDDFQK+28.006K.,0.3225108225108225,0.11931859238384276,0.20319223012697976,2.702938545179272,3.8920176217262656,0.6208750000000001,0.49100517322900017,2.82278552476e-05,2.82278552476e-05,True,924,55356,.VQPYLDDFQKK.,sp|P02647|APOA1_HUMAN;tr|F8W696|F8W696_HUMAN,"K+28,10[K->R/1]",K+28[K->R/1],9.89,3,P02647,P02647;F8W696,2,False,118,0.35119047619047616,0.6488095238095238,24,0.41379310344827586,24.29126818987564,24.24024572389445,False
239,.K+28.006TYETTLEK.,0.5995670995670995,0.40945877592311586,0.19010832364398367,1.4642917305054424,3.6751838407004596,0.7012375,0.48994274758812606,0.000111259457054,0.000111259457054,True,924,55356,.KTYETTLEK.,sp|P02768-2|ALBU_HUMAN;sp|P02768|ALBU_HUMAN;tr|A0A0C4DGB6|A0A0C4DGB6_HUMAN;tr|B7WNR0|B7WNR0_HUMAN;tr|C9JKR2|C9JKR2_HUMAN;tr|D6RHD5|D6RHD5_HUMAN;tr|H0YA55|H0YA55_HUMAN,"K+28,1[K->R/1]",K+28[K->R/1],12.033,2,P02768,P02768;A0A0C4DGB6;B7WNR0;C9JKR2;D6RHD5;H0YA55,6,False,216,0.6428571428571429,0.35714285714285715,45,0.7758620689655172,26.12603149975372,26.06699517241603,False
240,.EV-28.031QLVQSGAEVK.,0.2067099567099567,0.03770142351325963,0.16900853319669706,5.482815698915363,3.7426252181886404,0.7730875,0.4890053644520493,8.087343307723413e-05,8.087343307723413e-05,True,924,55356,.EVQLVQSGAEVK.,sp|A0A0C4DH38|HV551_HUMAN;sp|A0A0G2JMI3|HV692_HUMAN;sp|A0A0J9YXX1|HV5X1_HUMAN,"V-28,2[V->A/1]",V-28[V->A/1],13.949,2,A0A0C4DH38,A0A0C4DH38;A0A0G2JMI3;A0A0J9YXX1,3,False,68,0.20238095238095238,0.7976190476190477,12,0.20689655172413793,25.114550582193342,25.045798279668787,False
241,.LMIYEGS+14.016K.,0.36363636363636365,0.12076378351036925,0.2428725801259944,3.0111375535459306,3.6286712280898623,0.5522125,0.4866674957225343,0.000135141222578,0.000135141222578,True,924,55356,.LMIYEGSK.,sp|P01705|LV223_HUMAN,"S+14,7[S->T/1]",S+14[S->T/1],8.059,2,P01705,P01705,1,True,119,0.3541666666666667,0.6458333333333334,19,0.3275862068965517,25.147751787990213,24.972032811894987,False
242,.TLIYSTN-27.011TR.,0.1471861471861472,0.01707132018209408,0.1301148270040531,8.621837421837423,3.7130207182706325,1.0,0.4831190484202484,9.363295880149813e-05,9.363295880149813e-05,True,924,55356,.TLIYSTNTR.,sp|A0A075B6I0|LV861_HUMAN,"N-27,7[N->S/1]",N-27[N->S/1],1000.0,2,A0A075B6I0,A0A075B6I0,1,True,47,0.13988095238095238,0.8601190476190477,7,0.1206896551724138,23.809705335951122,23.963426311468687,False
243,.EVQL-14.016VESGGGLVKPGGSLR.,0.18506493506493507,0.03806272129489125,0.14700221377004383,4.862104672735902,3.2799202521089796,1.0,0.4821555380492203,0.000424903837553,0.000424903837553,True,924,55356,.EVQLVESGGGLVKPGGSLR.,sp|A0A0B4J1V0|HV315_HUMAN;sp|A0A0B4J1V1|HV321_HUMAN,"L-14,4[L->V/1]",L-14[L->V/1],1000.0,2,A0A0B4J1V0,A0A0B4J1V0;A0A0B4J1V1,2,False,68,0.20238095238095238,0.7976190476190477,12,0.20689655172413793,25.375405701611356,25.303267161245923,False
244,.GLEWVGFI-14.016R.,0.16558441558441558,0.03598525905050943,0.12959915653390616,4.60145125958379,3.7130207182706325,1.0,0.4812043532807924,9.363295880149813e-05,9.363295880149813e-05,True,924,55356,.GLEWVGFIR.,sp|A0A0A0MS15|HV349_HUMAN,"I-14,8[I->V/1]",I-14[I->V/1],1000.0,2,A0A0A0MS15,A0A0A0MS15,1,True,66,0.19642857142857142,0.8035714285714286,13,0.22413793103448276,23.441493881101234,23.30883380720572,False
245,.T-14.016DGGTTDYAAPVK.,0.935064935064935,0.8000216778668979,0.13504325719803711,1.168799497481248,3.56274663083853,1.0,0.4811249095997678,0.000173686495875,0.000173686495875,True,924,55356,.TDGGTTDYAAPVK.,sp|A0A0B4J1V0|HV315_HUMAN,"T-14,1[T->S/1]",T-14[T->S/1],1000.0,2,A0A0B4J1V0,A0A0B4J1V0,1,True,301,0.8958333333333334,0.10416666666666667,48,0.8275862068965517,24.513341595487592,24.432545658380644,False
246,.YVLT-14.016QPPSVSVAPGQTAR.,0.15800865800865802,0.021316569116265626,0.1366920888923924,7.412480739599384,3.517959499524449,1.0,0.4808772326288323,0.000203417412531,0.000203417412531,True,924,55356,.YVLTQPPSVSVAPGQTAR.,sp|P80748|LV302_HUMAN,"T-14,4[T->S/1]",T-14[T->S/1],24.611,2,P80748,P80748,1,True,52,0.15476190476190477,0.8452380952380952,8,0.13793103448275862,24.669481575292618,24.750518015843507,False
247,.VTVLGQPK+28.006.,0.19264069264069264,0.032065178119806345,0.1605755145208863,6.007784891165173,2.992889231081119,1.0,0.48058472818487047,0.000916507925098,0.000916507925098,True,924,55356,.VTVLGQPK.,sp|B9A064|IGLL5_HUMAN;tr|A0A0B4J231|A0A0B4J231_HUMAN,"K+28,8[K->R/1]",K+28[K->R/1],1000.0,2,B9A064,B9A064;A0A0B4J231,2,False,63,0.1875,0.8125,10,0.1724137931034483,24.909764199005824,24.901067523489104,False
248,.SSQSVLYS-30.011SNNK.,0.16666666666666666,0.028127032300021677,0.138539634366645,5.925497752087347,3.468059566317292,1.0,0.480463704279343,0.000240361503702,0.000240361503702,True,924,55356,.SSQSVLYSSNNK.,sp|P06312|KV401_HUMAN,"S-30,8[S->G/1]",S-30[S->G/1],1000.0,2,P06312,P06312,1,True,59,0.17559523809523808,0.8244047619047619,11,0.1896551724137931,24.308909817147597,24.30610403049144,False
249,.AIQL-14.016TQSPSSLSASVGDR.,0.15584415584415584,0.02623021894645567,0.12961393689770018,5.9413974455296765,3.84337394485921,0.9599499999999999,0.4782037271033186,4.34253951711e-05,4.34253951711e-05,True,924,55356,.AIQLTQSPSSLSASVGDR.,sp|A0A0B4J2D9|KVD13_HUMAN;sp|P0DP09|KV113_HUMAN,"L-14,4[L->V/1]",L-14[L->V/1],18.932,2,A0A0B4J2D9,A0A0B4J2D9;P0DP09,2,False,57,0.16964285714285715,0.8303571428571429,10,0.1724137931034483,24.732960066300443,24.97308918024155,False
250,.LLIYWAST-14.016R.,0.16774891774891776,0.029174795866753377,0.1385741218821644,5.749788910779623,3.4501874435006195,1.0,0.47810669531196803,0.000254660283182,0.000254660283182,True,924,55356,.LLIYWASTR.,sp|P06312|KV401_HUMAN,"T-14,8[T->S/1]",T-14[T->S/1],1000.0,2,P06312,P06312,1,True,60,0.17857142857142858,0.8214285714285714,11,0.1896551724137931,23.630441077039563,23.428238655159635,False
251,.Q-14.975VQLVESGGGVVQPGR.,0.2012987012987013,0.03421489992051449,0.16708380137818682,5.883363732360564,3.828695179145047,0.7447374999999999,0.4764182192651467,4.83558994197e-05,4.83558994197e-05,True,924,55356,.QVQLVESGGGVVQPGR.,sp|P01768|HV330_HUMAN;sp|P01772|HV333_HUMAN;sp|P0DP02|HVC33_HUMAN;sp|P0DP03|HV335_HUMAN,"Q-15,1[Q->IL/1]",Q-15[Q->IL/1],13.193,3,P01768,P01768;P01772;P0DP02;P0DP03,4,False,65,0.19345238095238096,0.8065476190476191,10,0.1724137931034483,24.42130415970966,24.512252155001946,False
252,.ITI-14.016NPDTSK.,0.26082251082251084,0.060138015752583276,0.20068449506992758,4.337065457822442,3.821248361993964,0.6183625,0.4742007428738198,5.09216824524e-05,5.09216824524e-05,True,924,55356,.ITINPDTSK.,sp|A0A0B4J1U7|HV601_HUMAN,"I-14,3[I->V/1]",I-14[I->V/1],9.823,2,A0A0B4J1U7,A0A0B4J1U7,1,True,85,0.25297619047619047,0.7470238095238095,14,0.2413793103448276,24.651208352878193,24.59378278255087,False
253,.E-14.016IVMTQSPATLSVSPGER.,0.170995670995671,0.027007009176963654,0.14398866181870734,6.331529340224993,3.282733963051957,1.0,0.4726764704466732,0.00042151407857,0.00042151407857,True,924,55356,.EIVMTQSPATLSVSPGER.,sp|A0A087WSY6|KVD15_HUMAN;sp|P01624|KV315_HUMAN,"E-14,1[E->D/1]",E-14[E->D/1],1000.0,2,A0A087WSY6,A0A087WSY6;P01624,2,False,58,0.17261904761904762,0.8273809523809523,10,0.1724137931034483,26.613031740427324,26.394334096505183,False
254,.ASGVPDRFSGSG+72.021SGTDFTLK.,0.14935064935064934,0.023357901582484283,0.12599274776816505,6.394009702594389,3.7344680297309445,1.0,0.47051588851816717,8.4302815714e-05,8.4302815714e-05,True,924,55356,.ASGVPDRFSGSGSGTDFTLK.,sp|A0A075B6P5|KV228_HUMAN;sp|A0A087WW87|KV240_HUMAN;sp|P01614|KVD40_HUMAN;sp|P01615|KV202_HUMAN;tr|A0A087X0Q4|A0A087X0Q4_HUMAN,"G+72,12[G->E/1]",G+72[G->E/1],1000.0,2,A0A075B6P5,A0A075B6P5;A0A087WW87;P01614;P01615;A0A087X0Q4,5,False,54,0.16071428571428573,0.8392857142857143,11,0.1896551724137931,25.933436046461686,25.729057389175075,False
255,.LMIYEVSK+0.948RPSGVPDR.,0.3181818181818182,0.09906785172339042,0.21911396645842776,3.2117565148199723,3.7130207182706325,0.57595,0.4685783468077607,9.363295880149813e-05,9.363295880149813e-05,True,924,55356,.LMIYEVSKRPSGVPDR.,sp|P01709|LV208_HUMAN,"K+1,8[K->E/1]",K+1[K->E/1],8.692,3,P01709,P01709,1,True,108,0.32142857142857145,0.6785714285714286,18,0.3103448275862069,24.452110916740477,24.337261444733112,False
256,.FSGS+14.016GSGTDFTLK.,0.2196969696969697,0.07361442300744274,0.14608254668952697,2.9844283324037923,3.2003650331986306,1.0,0.4675174743857685,0.000530427235027,0.000530427235027,True,924,55356,.FSGSGSGTDFTLK.,sp|A0A075B6P5|KV228_HUMAN;sp|A0A075B6S2|KVD29_HUMAN;sp|A0A075B6S6|KVD30_HUMAN;sp|A0A087WW87|KV240_HUMAN;sp|A0A0A0MRZ7|KVD26_HUMAN;sp|A2NJV5|KV229_HUMAN;sp|P01614|KVD40_HUMAN;sp|P01615|KV202_HUMAN;sp|P06310|KV230_HUMAN;tr|A0A087X0Q4|A0A087X0Q4_HUMAN,"S+14,4[S->T/1]",S+14[S->T/1],1000.0,2,A0A075B6P5,A0A075B6P5;A0A075B6S2;A0A075B6S6;A0A087WW87;A0A0A0MRZ7;A2NJV5;P01614;P01615;P06310;A0A087X0Q4,10,False,93,0.2767857142857143,0.7232142857142857,26,0.4482758620689655,26.297191125437514,26.237476297378464,False
257,.TLIYSTNT-14.016R.,0.2846320346320346,0.07086855986704242,0.2137634747649922,4.0163372187333435,3.695319895056985,0.5915125,0.4672501691569641,0.000101688021151,0.000101688021151,True,924,55356,.TLIYSTNTR.,sp|A0A075B6I0|LV861_HUMAN,"T-14,8[T->S/1]",T-14[T->S/1],9.107,2,A0A075B6I0,A0A075B6I0,1,True,92,0.27380952380952384,0.7261904761904762,15,0.25862068965517243,24.773486529362522,24.644737331142437,False
258,.LVESGGGLV-28.031QPGR.,0.17965367965367965,0.028976082086855988,0.15067759756682367,6.2000680117887095,3.7130207182706325,0.83395,0.4665692071963367,9.363295880149813e-05,9.363295880149813e-05,True,924,55356,.LVESGGGLVQPGR.,sp|A0A0A0MS15|HV349_HUMAN;sp|P01782|HV309_HUMAN,"V-28,9[V->A/1]",V-28[V->A/1],15.572,2,A0A0A0MS15,A0A0A0MS15;P01782,2,False,60,0.17857142857142858,0.8214285714285714,10,0.1724137931034483,24.065307493585387,24.106330392678398,False
259,.SMGG+30.011KEDLIWELLNQAQEHFGK.,0.13636363636363635,0.013277693474962063,0.12308594288867429,10.27012987012987,3.766561243531246,1.0,0.463610742107981,7.11743772242e-05,7.11743772242e-05,True,924,55356,.SMGGKEDLIWELLNQAQEHFGK.,sp|P02787|TRFE_HUMAN,"G+30,4[G->S/1]",G+30[G->S/1],50.628,2,P02787,P02787,1,True,42,0.125,0.875,6,0.10344827586206896,31.65032990151609,31.27344298407075,False
260,.EPC+57.021V+31.972ESLVSQYFQTVTDYGK.,0.8820346320346321,0.7318628513620926,0.15017178067253945,1.2051911507641768,3.0788739872251973,1.0,0.46235998912796933,0.000733923116595,0.000733923116595,True,924,55356,.EPCVESLVSQYFQTVTDYGK.,sp|P02652|APOA2_HUMAN;tr|V9GYC1|V9GYC1_HUMAN;tr|V9GYG9|V9GYG9_HUMAN;tr|V9GYM3|V9GYM3_HUMAN;tr|V9GYS1|V9GYS1_HUMAN,"V+32,4[V->M/1]",V+32[V->M/1],1000.0,2,P02652,P02652;V9GYC1;V9GYG9;V9GYM3;V9GYS1,5,False,288,0.8571428571428571,0.14285714285714285,48,0.8275862068965517,26.62953811292847,26.537002457486338,False
261,.SSQSVLY-26.004SSNNK.,0.7554112554112554,0.6240877231013802,0.13132353230987526,1.210424796785407,3.5167270793315137,1.0,0.4618290222276053,0.000204279658853,0.000204279658853,True,924,55356,.SSQSVLYSSNNK.,sp|P06312|KV401_HUMAN,"Y-26,7[Y->H/1]",Y-26[Y->H/1],1000.0,2,P06312,P06312,1,True,266,0.7916666666666666,0.20833333333333334,49,0.8448275862068966,23.433662501806467,23.362711563059534,False
262,.EIVLTQSPGTL-14.016SLSPGER.,0.37987012987012986,0.25623238673314547,0.12363774313698439,1.4825219197046606,3.7285576469741373,1.0,0.4609904526280273,8.68281670574e-05,8.68281670574e-05,True,924,55356,.EIVLTQSPGTLSLSPGER.,sp|P01619|KV301_HUMAN,"L-14,11[L->V/1]",L-14[L->V/1],32.565,2,P01619,P01619,1,True,171,0.5089285714285714,0.49107142857142855,43,0.7413793103448276,26.23064834245239,26.159613474233893,False
263,.SVHWYQQ-14.975K.,0.17424242424242425,0.030150299877158754,0.1440921243652655,5.779127403453348,3.7130207182706325,0.8613625,0.46084361779399363,9.363295880149813e-05,9.363295880149813e-05,True,924,55356,.SVHWYQQK.,sp|P80748|LV302_HUMAN,"Q-15,7[Q->IL/1]",Q-15[Q->IL/1],16.303,2,P80748,P80748,1,True,61,0.18154761904761904,0.8184523809523809,11,0.1896551724137931,23.633594379819293,23.798238972963073,False
264,.DI-14.016VMTQSPDSLAVSLGER.,0.1590909090909091,0.021298504227184045,0.13779240486372504,7.4695813092759655,3.340501458239849,1.0,0.46029572938164914,0.000356560717196,0.000356560717196,True,924,55356,.DIVMTQSPDSLAVSLGER.,sp|P06312|KV401_HUMAN,"I-14,2[I->V/1]",I-14[I->V/1],33.226,2,P06312,P06312,1,True,52,0.15476190476190477,0.8452380952380952,8,0.13793103448275862,25.846117105749858,25.697275104134544,False
265,.LT+12.995VLSQPK.,0.13852813852813853,0.016384854396994,0.12214328413114453,8.454645685075675,3.7665612435312483,1.0,0.4600601601659943,7.117437722419929e-05,7.117437722419929e-05,True,924,55356,.LTVLSQPK.,sp|P15814|IGLL1_HUMAN;tr|C9JEE0|C9JEE0_HUMAN,"T+13,2[T->N/1]",T+13[T->N/1],1000.0,2,P15814,P15814;C9JEE0,2,False,46,0.13690476190476192,0.8630952380952381,8,0.13793103448275862,24.9606882626304,25.05224042876257,False
266,.FSGSG+72.021SGTDFTLK.,0.15043290043290045,0.023339836693402703,0.12709306373949775,6.44532789192232,3.6155592079930092,1.0,0.45951249687538354,0.000142348754448,0.000142348754448,True,924,55356,.FSGSGSGTDFTLK.,sp|A0A075B6P5|KV228_HUMAN;sp|A0A075B6S2|KVD29_HUMAN;sp|A0A075B6S6|KVD30_HUMAN;sp|A0A087WW87|KV240_HUMAN;sp|A0A0A0MRZ7|KVD26_HUMAN;sp|A2NJV5|KV229_HUMAN;sp|P01614|KVD40_HUMAN;sp|P01615|KV202_HUMAN;sp|P06310|KV230_HUMAN;tr|A0A087X0Q4|A0A087X0Q4_HUMAN,"G+72,5[G->E/1]",G+72[G->E/1],1000.0,2,A0A075B6P5,A0A075B6P5;A0A075B6S2;A0A075B6S6;A0A087WW87;A0A0A0MRZ7;A2NJV5;P01614;P01615;P06310;A0A087X0Q4,10,False,54,0.16071428571428573,0.8392857142857143,11,0.1896551724137931,25.681795351972774,25.532128366999043,False
267,.LLIYDN-27.011NK.,0.15151515151515152,0.027332177180432113,0.1241829743347194,5.543471729856396,3.695319895056985,1.0,0.45889581568643956,0.000101688021151,0.000101688021151,True,924,55356,.LLIYDNNK.,sp|P01701|LV103_HUMAN,"N-27,6[N->S/1]",N-27[N->S/1],1000.0,2,P01701,P01701,1,True,58,0.17261904761904762,0.8273809523809523,14,0.2413793103448276,24.660628078131733,24.689720940539544,False
268,.FSGSG+42.047SGTDFTLK.,0.20995670995670995,0.03887564130356239,0.17108106865314757,5.400726596823252,2.665829706988308,1.0,0.45607299511886695,0.00205859065717,0.00205859065717,True,924,55356,.FSGSGSGTDFTLK.,sp|A0A075B6P5|KV228_HUMAN;sp|A0A075B6S2|KVD29_HUMAN;sp|A0A075B6S6|KVD30_HUMAN;sp|A0A087WW87|KV240_HUMAN;sp|A0A0A0MRZ7|KVD26_HUMAN;sp|A2NJV5|KV229_HUMAN;sp|P01614|KVD40_HUMAN;sp|P01615|KV202_HUMAN;sp|P06310|KV230_HUMAN;tr|A0A087X0Q4|A0A087X0Q4_HUMAN,"G+42,5[G->V/1]",G+42[G->V/1],20.495,2,A0A075B6P5,A0A075B6P5;A0A075B6S2;A0A075B6S6;A0A087WW87;A0A0A0MRZ7;A2NJV5;P01614;P01615;P06310;A0A087X0Q4,10,False,69,0.20535714285714285,0.7946428571428571,11,0.1896551724137931,25.261266258357455,25.37454980611211,False
269,.SVHWYQQK+28.006.,0.3939393939393939,0.15440060698027314,0.2395387869591208,2.5514109150472786,3.498870089909049,0.5435875,0.4555888903254746,0.000217051571453,0.000217051571453,True,924,55356,.SVHWYQQK.,sp|P80748|LV302_HUMAN,"K+28,8[K->R/1]",K+28[K->R/1],7.829,2,P80748,P80748,1,True,134,0.39880952380952384,0.6011904761904762,24,0.41379310344827586,24.928851254332162,24.827106066911494,False
270,.L+33.984LIYGASSR.,0.1406926406926407,0.01634872461883084,0.12434391607380986,8.605725765946762,3.660544319050029,1.0,0.45516641559241827,0.000118502133038,0.000118502133038,True,924,55356,.LLIYGASSR.,sp|P01619|KV301_HUMAN,"L+34,1[L->F/1]",L+34[L->F/1],1000.0,2,P01619,P01619,1,True,46,0.13690476190476192,0.8630952380952381,7,0.1206896551724138,23.87875512044763,23.864099779806264,False
271,.DAHK+28.006SEVAHR.,0.1645021645021645,0.04088084399161789,0.12362132051054661,4.023942473787812,3.6751838407004596,1.0,0.4543310795064132,0.000111259457054,0.000111259457054,True,924,55356,.DAHKSEVAHR.,sp|P02768-2|ALBU_HUMAN;sp|P02768-3|ALBU_HUMAN;sp|P02768|ALBU_HUMAN;tr|A0A087WWT3|A0A087WWT3_HUMAN;tr|A0A0C4DGB6|A0A0C4DGB6_HUMAN;tr|B7WNR0|B7WNR0_HUMAN;tr|C9JKR2|C9JKR2_HUMAN;tr|H7C013|H7C013_HUMAN,"K+28,4[K->R/1]",K+28[K->R/1],1000.0,3,P02768,P02768;A0A087WWT3;A0A0C4DGB6;B7WNR0;C9JKR2;H7C013,6,False,70,0.20833333333333334,0.7916666666666666,22,0.3793103448275862,25.802007034846188,25.564913800550823,False
272,.NSLY-15.995LQMNSLR.,0.9491341991341992,0.8271551412674326,0.12197905786676655,1.1474681734793555,3.7130207182706325,1.0,0.45291076905443656,9.363295880149813e-05,9.363295880149813e-05,True,924,55356,.NSLYLQMNSLR.,sp|A0A0B4J1V1|HV321_HUMAN;sp|A0A0B4J1X8|HV343_HUMAN;sp|A0A0C4DH32|HV320_HUMAN;sp|P01762|HV301_HUMAN;sp|P01763|HV302_HUMAN;sp|P01766|HV313_HUMAN;sp|P01780|HV307_HUMAN;sp|P01782|HV309_HUMAN;sp|P0DP04|HV43D_HUMAN;tr|A0A075B7F0|A0A075B7F0_HUMAN [further mapped to 2 additional proteins],"Y-16,4[Y->F/1]",Y-16[Y->F/1],1000.0,2,A0A0B4J1V1,A0A0B4J1V1;A0A0B4J1X8;A0A0C4DH32;P01762;P01763;P01766;P01780;P01782;P0DP04;A0A075B7F0,10,False,306,0.9107142857142857,0.08928571428571429,49,0.8448275862068966,25.88677998070995,25.84125590957469,False
273,.Y-15.995VLTQPPSVSVAPGQTAR.,0.1406926406926407,0.018895873979333767,0.12179676671330694,7.445680514514167,3.7130207182706325,1.0,0.4522339182248836,9.363295880149813e-05,9.363295880149813e-05,True,924,55356,.YVLTQPPSVSVAPGQTAR.,sp|P80748|LV302_HUMAN,"Y-16,1[Y->F/1]",Y-16[Y->F/1],25.324,2,P80748,P80748,1,True,49,0.14583333333333334,0.8541666666666666,8,0.13793103448275862,24.63493692473156,24.57643308960351,False
274,.VT-14.016VLGQPK.,0.683982683982684,0.411951730616374,0.27203095336631,1.6603466696432843,1.6620112224046766,1.0,0.4521184973362505,0.0216765349988,0.0216765349988,True,924,55356,.VTVLGQPK.,sp|B9A064|IGLL5_HUMAN;tr|A0A0B4J231|A0A0B4J231_HUMAN,"T-14,2[T->S/1]",T-14[T->S/1],1000.0,2,B9A064,B9A064;A0A0B4J231,2,False,217,0.6458333333333334,0.3541666666666667,33,0.5689655172413793,27.38847736567711,27.36977476707264,False
275,.DI-14.016QMTQSPSSLSASVGDR.,0.9145021645021645,0.7841607052532698,0.13034145924889473,1.1662177897664443,3.4681774858243655,1.0,0.4520473144365107,0.000240269101394,0.000240269101394,True,924,55356,.DIQMTQSPSSLSASVGDR.,sp|A0A075B6S5|KV127_HUMAN;sp|P01593|KVD33_HUMAN;sp|P01594|KV102_HUMAN;sp|P01597|KV139_HUMAN;sp|P01599|KV117_HUMAN;sp|P01601|KVD16_HUMAN;sp|P04430|KV116_HUMAN;sp|P04432|KVD39_HUMAN;tr|A0A0G2JRQ6|A0A0G2JRQ6_HUMAN;tr|A0A2Q2TTZ9|A0A2Q2TTZ9_HUMAN,"I-14,2[I->V/1]",I-14[I->V/1],38.792,2,A0A075B6S5,A0A075B6S5;P01593;P01594;P01597;P01599;P01601;P04430;P04432;A0A0G2JRQ6;A0A2Q2TTZ9,10,False,298,0.8869047619047619,0.1130952380952381,49,0.8448275862068966,25.405303564214066,25.423289237026196,False
276,.YVLTQPPSVSV-28.031APGQTAR.,0.12987012987012986,0.012645422357106728,0.11722470751302314,10.27012987012987,3.843408198051277,1.0,0.4505424018697162,4.34140835287e-05,4.34140835287e-05,True,924,55356,.YVLTQPPSVSVAPGQTAR.,sp|P80748|LV302_HUMAN,"V-28,11[V->A/1]",V-28[V->A/1],1000.0,2,P80748,P80748,1,True,41,0.12202380952380952,0.8779761904761905,6,0.10344827586206896,23.791240009260044,23.68160667375652,False
277,.EVQLVQSGAEV-28.031K.,0.19264069264069264,0.035533636823469904,0.15710705581722273,5.421361556592873,3.7426252181886404,0.7636,0.448991324267855,8.087343307723413e-05,8.087343307723413e-05,True,924,55356,.EVQLVQSGAEVK.,sp|A0A0C4DH38|HV551_HUMAN;sp|A0A0G2JMI3|HV692_HUMAN;sp|A0A0J9YXX1|HV5X1_HUMAN,"V-28,11[V->A/1]",V-28[V->A/1],13.696,2,A0A0C4DH38,A0A0C4DH38;A0A0G2JMI3;A0A0J9YXX1,3,False,66,0.19642857142857142,0.8035714285714286,13,0.22413793103448276,25.204766210291957,25.207221406029817,False
278,.LLIYDAS+14.016NR.,0.17857142857142858,0.047149360502926514,0.13142206806850207,3.78735632183908,3.4154138319066063,1.0,0.4488607490989335,0.000284225485552,0.000284225485552,True,924,55356,.LLIYDASNR.,sp|A0A0A0MRZ8|KVD11_HUMAN;sp|P04433|KV311_HUMAN,"S+14,7[S->T/1]",S+14[S->T/1],1000.0,2,A0A0A0MRZ8,A0A0A0MRZ8;P04433,2,False,75,0.22321428571428573,0.7767857142857143,20,0.3448275862068966,25.150711256599553,25.13348764598486,False
279,.LL-14.016IYDASSR.,0.14177489177489178,0.021587542452489342,0.12018734932240244,6.5674400912894635,3.7130207182706325,1.0,0.4462581181081101,9.363295880149813e-05,9.363295880149813e-05,True,924,55356,.LLIYDASSR.,sp|A0A0C4DH25|KVD20_HUMAN,"L-14,2[L->V/1]",L-14[L->V/1],1000.0,2,A0A0C4DH25,A0A0C4DH25,1,True,52,0.15476190476190477,0.8452380952380952,12,0.20689655172413793,24.568489009740187,24.72138522336991,False
280,.EVQLVQSGAE-29.974VK.,0.1461038961038961,0.017089385071175665,0.12901451103272044,8.54939458004997,3.7130207182706325,0.9258249999999999,0.4435012386711408,9.363295880149813e-05,9.363295880149813e-05,True,924,55356,.EVQLVQSGAEVK.,sp|A0A0C4DH38|HV551_HUMAN;sp|A0A0G2JMI3|HV692_HUMAN;sp|A0A0J9YXX1|HV5X1_HUMAN,"E-30,10[E->V/1]",E-30[E->V/1],18.022,2,A0A0C4DH38,A0A0C4DH38;A0A0G2JMI3;A0A0J9YXX1,3,False,47,0.13988095238095238,0.8601190476190477,7,0.1206896551724138,25.221486009207624,25.31952406776142,False
281,.PGQAPVLVVY-76.031DDSDRPSGIPER.,0.13744588744588745,0.01479514415781487,0.12265074328807259,9.289932289932292,3.612815102051602,1.0,0.4431144576290028,0.000143884892086,0.000143884892086,True,924,55356,.PGQAPVLVVYDDSDRPSGIPER.,sp|P80748|LV302_HUMAN,"Y-76,10[Y->S/1]",Y-76[Y->S/1],1000.0,3,P80748,P80748,1,True,44,0.13095238095238096,0.8690476190476191,7,0.1206896551724138,24.754792615086195,24.75200920137464,False
282,.L-14.016LIYDNNK.,0.14935064935064934,0.030565792326035117,0.11878485702461422,4.886202450032237,3.72857517101579,1.0,0.44289826859463716,8.68206285814e-05,8.68206285814e-05,True,924,55356,.LLIYDNNK.,sp|P01701|LV103_HUMAN,"L-14,1[L->V/1]",L-14[L->V/1],1000.0,2,P01701,P01701,1,True,61,0.18154761904761904,0.8184523809523809,13,0.22413793103448276,24.609048622664798,24.66440223264385,False
283,.RHPYFYAPELLFFAK+28.006.,0.14177489177489178,0.021587542452489342,0.12018734932240244,6.5674400912894635,3.6751838407004596,1.0,0.44171060408631474,0.000111259457054,0.000111259457054,True,924,55356,.RHPYFYAPELLFFAK.,sp|P02768|ALBU_HUMAN;tr|A0A0C4DGB6|A0A0C4DGB6_HUMAN;tr|B7WNR0|B7WNR0_HUMAN;tr|D6RHD5|D6RHD5_HUMAN;tr|H0YA55|H0YA55_HUMAN;tr|H7C013|H7C013_HUMAN,"K+28,15[K->R/1]",K+28[K->R/1],26.739,3,P02768,P02768;A0A0C4DGB6;B7WNR0;D6RHD5;H0YA55;H7C013,6,False,52,0.15476190476190477,0.8452380952380952,9,0.15517241379310345,20.819036823221044,20.516598843688616,False
284,.AGVETTK+0.948PSK.,0.14177489177489178,0.022526916684731557,0.11924797509016022,6.293577312823503,3.675082018043495,1.0,0.43824608894194644,0.000111308993767,0.000111308993767,True,924,55356,.AGVETTKPSK.,sp|B9A064|IGLL5_HUMAN;sp|P0CG04|IGLC1_HUMAN;tr|A0A0B4J231|A0A0B4J231_HUMAN,"K+1,7[K->E/1]",K+1[K->E/1],1000.0,2,B9A064,B9A064;P0CG04;A0A0B4J231,3,False,53,0.15773809523809523,0.8422619047619048,10,0.1724137931034483,23.57523234845802,23.794309066178563,False
285,.EVQLVE-0.984SGGGLVQPGR.,0.12987012987012986,0.012645422357106728,0.11722470751302314,10.27012987012987,3.7130207182706325,1.0,0.43525776768907,9.363295880149813e-05,9.363295880149813e-05,True,924,55356,.EVQLVESGGGLVQPGR.,sp|A0A0A0MS15|HV349_HUMAN;sp|P01782|HV309_HUMAN,"E-1,6[E->Q/1]",E-1[E->Q/1],1000.0,2,A0A0A0MS15,A0A0A0MS15;P01782,2,False,41,0.12202380952380952,0.8779761904761905,6,0.10344827586206896,24.55444036812109,24.562768739044888,False
286,.SPPE-14.016ISHGVVAHM+15.995SDSYQYGEEVTYK.,0.13095238095238096,0.014126743261796373,0.11682563769058459,9.269820971867007,3.7130207182706285,1.0,0.4337760131703186,9.36329588015e-05,9.36329588015e-05,True,924,55356,.SPPEISHGVVAHMSDSYQYGEEVTYK.,sp|P08603|CFAH_HUMAN,"E-14,4[E->D/1] & M+16,13[Oxidation]",E-14[E->D/1],32.001,3,P08603,P08603,1,True,43,0.12797619047619047,0.8720238095238095,7,0.1206896551724138,25.78045436299415,25.73663167629897,False
287,.GPS+26.052VFPLAPSSK.,0.1331168831168831,0.018155213526988945,0.11496166958989416,7.332157394843961,3.7665612435312483,1.0,0.43301016916894025,7.117437722419929e-05,7.117437722419929e-05,True,924,55356,.GPSVFPLAPSSK.,sp|P01857|IGHG1_HUMAN;tr|A0A0A0MS07|A0A0A0MS07_HUMAN;tr|A0A0A0MS08|A0A0A0MS08_HUMAN,"S+26,3[S->IL/1]",S+26[S->IL/1],1000.0,2,P01857,P01857;A0A0A0MS07;A0A0A0MS08,3,False,48,0.14285714285714285,0.8571428571428571,9,0.15517241379310345,23.065823685846148,23.215908328523366,False
288,.VTISV-42.047DTSK.,0.9491341991341992,0.8326829973263964,0.11645120180780277,1.1398505820122518,3.7130207182706325,1.0,0.43238572497988625,9.363295880149813e-05,9.363295880149813e-05,True,924,55356,.VTISVDTSK.,sp|A0A0C4DH41|HV461_HUMAN;sp|P01824|HV206_HUMAN;sp|P01825|HV459_HUMAN;sp|P06331|HV209_HUMAN;sp|P0DP06|HVD34_HUMAN;sp|P0DP07|HV431_HUMAN;sp|P0DP08|HVD82_HUMAN;tr|A0A0J9YWU9|A0A0J9YWU9_HUMAN,"V-42,5[V->G/1]",V-42[V->G/1],1000.0,2,A0A0C4DH41,A0A0C4DH41;P01824;P01825;P06331;P0DP06;P0DP07;P0DP08;A0A0J9YWU9,8,False,307,0.9136904761904762,0.08630952380952381,50,0.8620689655172413,25.82784041813155,25.741593975818514,False
289,.NSLY-26.004LQMNSLR.,0.841991341991342,0.6865199797673243,0.1554713622240177,1.2264629825874989,3.5975234110949463,0.7684374999999999,0.4297962115342907,0.000152625152625,0.000152625152625,True,924,55356,.NSLYLQMNSLR.,sp|A0A0B4J1V1|HV321_HUMAN;sp|A0A0B4J1X8|HV343_HUMAN;sp|A0A0C4DH32|HV320_HUMAN;sp|P01762|HV301_HUMAN;sp|P01763|HV302_HUMAN;sp|P01766|HV313_HUMAN;sp|P01780|HV307_HUMAN;sp|P01782|HV309_HUMAN;sp|P0DP04|HV43D_HUMAN;tr|A0A075B7F0|A0A075B7F0_HUMAN [further mapped to 2 additional proteins],"Y-26,4[Y->H/1]",Y-26[Y->H/1],13.825,3,A0A0B4J1V1,A0A0B4J1V1;A0A0B4J1X8;A0A0C4DH32;P01762;P01763;P01766;P01780;P01782;P0DP04;A0A075B7F0,10,False,279,0.8303571428571429,0.16964285714285715,46,0.7931034482758621,24.874892164475057,24.85132409140605,False
290,.LLIYDASNLE-0.984TGVPSR.,0.935064935064935,0.8163884673748103,0.11867646769012474,1.1453676435089075,3.7665612435312483,0.9607000000000001,0.42943499790058437,7.117437722419929e-05,7.117437722419929e-05,True,924,55356,.LLIYDASNLETGVPSR.,sp|P01593|KVD33_HUMAN;sp|P01594|KV102_HUMAN;tr|A0A2Q2TTZ9|A0A2Q2TTZ9_HUMAN,"E-1,10[E->Q/1]",E-1[E->Q/1],18.952,2,P01593,P01593;P01594;A0A2Q2TTZ9,3,False,304,0.9047619047619048,0.09523809523809523,50,0.8620689655172413,25.43632673361623,25.415250461781948,False
291,.LRTEGDGVYTLNDK+0.948K.,0.5335497835497836,0.39513331888142206,0.1384164646683615,1.3503031965519965,3.6751329377188067,0.8425,0.42857883034830413,0.000111284219898,0.000111284219898,True,924,55356,.LRTEGDGVYTLNDKK.,sp|P00738|HPT_HUMAN;sp|P00739-2|HPTR_HUMAN;sp|P00739|HPTR_HUMAN;tr|A0A0C4DGL8|A0A0C4DGL8_HUMAN;tr|H0Y300|H0Y300_HUMAN;tr|J3KRH2|J3KRH2_HUMAN;tr|J3KTC3|J3KTC3_HUMAN;tr|J3QLC9|J3QLC9_HUMAN;tr|J3QR68|J3QR68_HUMAN,"K+1,14[K->E/1]",K+1[K->E/1],15.8,2,P00738,P00738;P00739;A0A0C4DGL8;H0Y300;J3KRH2;J3KTC3;J3QLC9;J3QR68,8,False,212,0.6309523809523809,0.36904761904761907,46,0.7931034482758621,26.496573854509027,26.563969880104732,False
292,.DIVMTQSPDSLAVS+10.021LGER.,0.13852813852813853,0.0198171833224944,0.11871095520564412,6.990304135244882,3.5968011968477724,1.0,0.4269797057626031,0.000153045607591,0.000153045607591,True,924,55356,.DIVMTQSPDSLAVSLGER.,sp|P06312|KV401_HUMAN,"S+10,14[S->P/1]",S+10[S->P/1],31.538,2,P06312,P06312,1,True,50,0.1488095238095238,0.8511904761904762,9,0.15517241379310345,24.631264142313025,24.539073533205247,False
293,.TFGQGTKVEI-14.016K.,0.15584415584415584,0.030457402991545632,0.1253867528526102,5.116790682626982,3.39335856309009,1.0,0.4254822114904656,0.000304242002782,0.000304242002782,True,924,55356,.TFGQGTKVEIK.,sp|A0A0A0MT89|KJ01_HUMAN,"I-14,10[I->V/1]",I-14[I->V/1],32.306,3,A0A0A0MT89,A0A0A0MT89,1,True,61,0.18154761904761904,0.8184523809523809,12,0.20689655172413793,23.461514419107427,23.40060065524583,False
294,.K+28.006AGTELVNFLSYFVELGTQPAT.,0.1590909090909091,0.04613772671435797,0.11295318237655111,3.4481739873282553,3.766561243531246,1.0,0.42544507907303397,7.11743772242e-05,7.11743772242e-05,True,924,55356,.KAGTELVNFLSYFVELGTQPAT.,sp|P02652|APOA2_HUMAN;tr|V9GYE3|V9GYE3_HUMAN;tr|V9GYM3|V9GYM3_HUMAN,"K+28,1[K->R/1]",K+28[K->R/1],1000.0,3,P02652,P02652;V9GYE3;V9GYM3,3,False,74,0.22023809523809523,0.7797619047619048,20,0.3448275862068966,22.70515355006689,22.608213890220803,False
295,.TQVN-27.011TQAEQLR.,0.18831168831168832,0.031017414553074645,0.15729427375861368,6.071160057182189,3.674408309663624,0.7357374999999999,0.4252293371200378,0.000111637045637,0.000111637045637,True,924,55356,.TQVNTQAEQLR.,sp|P06727|APOA4_HUMAN,"N-27,4[N->S/1]",N-27[N->S/1],12.953,2,P06727,P06727,1,True,62,0.18452380952380953,0.8154761904761905,10,0.1724137931034483,27.384404645667473,27.525105657133597,False
296,.M-29.993ADEAGSEADHEGTHSTK.,0.1634199134199134,0.05293012500903244,0.11048978841088097,3.08746509463233,3.843431025100614,1.0,0.4246598807351822,4.34065457071e-05,4.34065457071e-05,True,924,55356,.MADEAGSEADHEGTHSTK.,sp|P02671-2|FIBA_HUMAN;sp|P02671|FIBA_HUMAN,"M-30,1[M->T/1]",M-30[M->T/1],1000.0,4,P02671,P02671,1,True,79,0.23511904761904762,0.7648809523809523,21,0.3620689655172414,23.20512175676135,22.95562990442482,False
297,.LLIYD-0.984ASNR.,0.21536796536796537,0.04789002095527133,0.16747794441269404,4.497136586536813,3.6951639494615924,0.6835,0.42298975913496234,0.000101760455887,0.000101760455887,True,924,55356,.LLIYDASNR.,sp|A0A0A0MRZ8|KVD11_HUMAN;sp|P04433|KV311_HUMAN,"D-1,5[D->N/1]",D-1[D->N/1],11.56,2,A0A0A0MRZ8,A0A0A0MRZ8;P04433,2,False,76,0.2261904761904762,0.7738095238095238,14,0.2413793103448276,24.411516104631573,24.602158539501247,False
298,.ASSL-26.052ESGVPSR.,0.21428571428571427,0.06400390201604163,0.15028181226967263,3.348010160880609,3.7130207182706325,0.7571875,0.4225102331831456,9.363295880149813e-05,9.363295880149813e-05,True,924,55356,.ASSLESGVPSR.,sp|A0A0B4J2D9|KVD13_HUMAN;sp|P01602|KV105_HUMAN;sp|P0DP09|KV113_HUMAN,"L-26,4[L->S/1]",L-26[L->S/1],13.525,2,A0A0B4J2D9,A0A0B4J2D9;P01602;P0DP09,3,False,87,0.25892857142857145,0.7410714285714286,20,0.3448275862068966,22.604525630294045,22.580171924541375,False
299,.DAH-22.032KSEVAHR.,0.9242424242424242,0.8110954548739071,0.11314696936851709,1.1394989562432043,3.7130207182706325,1.0,0.4201170414748366,9.363295880149813e-05,9.363295880149813e-05,True,924,55356,.DAHKSEVAHR.,sp|P02768-2|ALBU_HUMAN;sp|P02768-3|ALBU_HUMAN;sp|P02768|ALBU_HUMAN;tr|A0A087WWT3|A0A087WWT3_HUMAN;tr|A0A0C4DGB6|A0A0C4DGB6_HUMAN;tr|B7WNR0|B7WNR0_HUMAN;tr|C9JKR2|C9JKR2_HUMAN;tr|H7C013|H7C013_HUMAN,"H-22,3[H->D/1]",H-22[H->D/1],21.369,3,P02768,P02768;A0A087WWT3;A0A0C4DGB6;B7WNR0;C9JKR2;H7C013,6,False,303,0.9017857142857143,0.09821428571428571,50,0.8620689655172413,24.74427214588446,24.768464234599662,False
300,.GLEWVAN-27.011IK+28.006.,0.31601731601731603,0.09717103836982441,0.21884627764749162,3.2521759705251063,3.7130207182706325,0.516925,0.4200433109249114,9.363295880149813e-05,9.363295880149813e-05,True,924,55356,.GLEWVANIK.,sp|P01780|HV307_HUMAN,"N-27,7[N->S/1] & K+28,9[K->R/1]",N-27[N->S/1],7.118,2,P01780,P01780,1,True,107,0.31845238095238093,0.6815476190476191,18,0.3103448275862069,24.890349406827713,24.930583725279593,False
301,.SSQSVL+33.984YSSNNK.,0.18073593073593072,0.03004191054266927,0.15069402019326145,6.016126387142622,3.534297076798731,0.7844875,0.41781603033670456,0.000192215281115,0.000192215281115,True,924,55356,.SSQSVLYSSNNK.,sp|P06312|KV401_HUMAN,"L+34,6[L->F/1]",L+34[L->F/1],14.253,2,P06312,P06312,1,True,61,0.18154761904761904,0.8184523809523809,10,0.1724137931034483,24.011326399348146,23.778263406007753,False
302,.EIVLTQSPGT-14.016LSLSPGER.,0.16558441558441558,0.05289399523086928,0.1126904203535463,3.1304955290611027,3.695230803625845,1.0,0.4164171125639692,0.000101729399797,0.000101729399797,True,924,55356,.EIVLTQSPGTLSLSPGER.,sp|P01619|KV301_HUMAN,"T-14,10[T->S/1]",T-14[T->S/1],1000.0,2,P01619,P01619,1,True,79,0.23511904761904762,0.7648809523809523,25,0.43103448275862066,25.577674560410244,25.60190462396855,False
303,.EVQLV+14.016QSGAEVK.,0.3170995670995671,0.1302478502781993,0.1868517168213678,2.4345858025469678,3.7130207182706325,0.5996874999999999,0.41605376988886733,9.363295880149813e-05,9.363295880149813e-05,True,924,55356,.EVQLVQSGAEVK.,sp|A0A0C4DH38|HV551_HUMAN;sp|A0A0G2JMI3|HV692_HUMAN;sp|A0A0J9YXX1|HV5X1_HUMAN,"V+14,5[V->IL/1]",V+14[V->IL/1],9.325,2,A0A0C4DH38,A0A0C4DH38;A0A0G2JMI3;A0A0J9YXX1,3,False,123,0.36607142857142855,0.6339285714285714,28,0.4827586206896552,26.300767480472842,26.359556234566934,False
304,.F-33.984SGSNSGNTATLTISR.,0.1277056277056277,0.019112652648312738,0.10859297505731497,6.681732256401444,3.8214421530780567,1.0,0.41498177241217743,5.08543531326e-05,5.08543531326e-05,True,924,55356,.FSGSNSGNTATLTISR.,sp|A0A075B6K5|LV39_HUMAN;sp|P80748|LV302_HUMAN,"F-34,1[F->IL/1]",F-34[F->IL/1],1000.0,2,A0A075B6K5,A0A075B6K5;P80748,2,False,49,0.14583333333333334,0.8541666666666666,9,0.15517241379310345,24.0596020836281,23.956194406224498,False
305,.EIV+31.972MTQSPATLSVSPGER.,0.12445887445887446,0.013476407254859456,0.110982467204015,9.235315622715087,3.7130207182706325,1.0,0.4120802000932987,9.363295880149813e-05,9.363295880149813e-05,True,924,55356,.EIVMTQSPATLSVSPGER.,sp|A0A087WSY6|KVD15_HUMAN;sp|P01624|KV315_HUMAN,"V+32,3[V->M/1]",V+32[V->M/1],1000.0,2,A0A087WSY6,A0A087WSY6;P01624,2,False,42,0.125,0.875,7,0.1206896551724138,24.46588785867624,24.43007753265799,False
306,.VFDEFK+28.006PLVEEPQNLIK.,0.1590909090909091,0.04747452850639497,0.11161638058451412,3.3510792860107927,3.6751838407004596,1.0,0.4102107182816788,0.000111259457054,0.000111259457054,True,924,55356,.VFDEFKPLVEEPQNLIK.,sp|P02768-2|ALBU_HUMAN;sp|P02768-3|ALBU_HUMAN;sp|P02768|ALBU_HUMAN;tr|A0A087WWT3|A0A087WWT3_HUMAN;tr|A0A0C4DGB6|A0A0C4DGB6_HUMAN;tr|B7WNR0|B7WNR0_HUMAN;tr|C9JKR2|C9JKR2_HUMAN;tr|D6RHD5|D6RHD5_HUMAN;tr|H0YA55|H0YA55_HUMAN,"K+28,6[K->R/1]",K+28[K->R/1],35.785,2,P02768,P02768;A0A087WWT3;A0A0C4DGB6;B7WNR0;C9JKR2;D6RHD5;H0YA55,7,False,75,0.22321428571428573,0.7767857142857143,18,0.3103448275862069,23.910313343860857,23.622688335660072,False
307,.DAHKSEVA+15.995HR.,0.23160173160173161,0.08199653154129634,0.14960520006043526,2.824530833783973,3.7665612435312483,0.7262500000000001,0.4092398040097944,7.117437722419929e-05,7.117437722419929e-05,True,924,55356,.DAHKSEVAHR.,sp|P02768-2|ALBU_HUMAN;sp|P02768-3|ALBU_HUMAN;sp|P02768|ALBU_HUMAN;tr|A0A087WWT3|A0A087WWT3_HUMAN;tr|A0A0C4DGB6|A0A0C4DGB6_HUMAN;tr|B7WNR0|B7WNR0_HUMAN;tr|C9JKR2|C9JKR2_HUMAN;tr|H7C013|H7C013_HUMAN,"A+16,8[A->S/1]",A+16[A->S/1],12.7,2,P02768,P02768;A0A087WWT3;A0A0C4DGB6;B7WNR0;C9JKR2;H7C013,6,False,98,0.2916666666666667,0.7083333333333334,23,0.39655172413793105,25.138922328446675,24.812592601766422,False
308,.EIVLTQSPGTLSLSP-26.016GER.,0.12121212121212122,0.015860972613628153,0.10535114859849307,7.642161938289501,3.8820813654143973,1.0,0.408981730799213,3.11954080359e-05,3.11954080359e-05,True,924,55356,.EIVLTQSPGTLSLSPGER.,sp|P01619|KV301_HUMAN,"P-26,15[P->A/1]",P-26[P->A/1],1000.0,2,P01619,P01619,1,True,45,0.13392857142857142,0.8660714285714286,8,0.13793103448275862,24.648024525149822,24.79594362273017,False
309,.LLIYDA+30.011SNLETGVPSR.,0.14826839826839827,0.018769419755762698,0.1294989785126356,7.899466270014876,3.7665612435312483,0.8377000000000001,0.4086014387586186,7.117437722419929e-05,7.117437722419929e-05,True,924,55356,.LLIYDASNLETGVPSR.,sp|P01593|KVD33_HUMAN;sp|P01594|KV102_HUMAN;tr|A0A2Q2TTZ9|A0A2Q2TTZ9_HUMAN,"A+30,6[A->T/1]",A+30[A->T/1],15.672,2,P01593,P01593;P01594;A0A2Q2TTZ9,3,False,49,0.14583333333333334,0.8541666666666666,8,0.13793103448275862,24.739593158632893,24.521310277378312,False
310,.NTLY-15.995LQMNSLK.,0.1341991341991342,0.018137148637907365,0.11606198556122685,7.399130749728359,3.4987409875182585,1.0,0.4060708259758167,0.000217145835143,0.000217145835143,True,924,55356,.NTLYLQMNSLK.,sp|A0A0B4J1V0|HV315_HUMAN,"Y-16,4[Y->F/1]",Y-16[Y->F/1],1000.0,2,A0A0B4J1V0,A0A0B4J1V0,1,True,48,0.14285714285714285,0.8571428571428571,9,0.15517241379310345,24.789989185696864,24.661428826651356,False
311,.VSFLSALEEYTKK+28.006.,0.5303030303030303,0.42633138232531254,0.10397164797771774,1.2438751926040061,3.8920176217262656,1.0,0.4046594860891975,2.82278552476e-05,2.82278552476e-05,True,924,55356,.VSFLSALEEYTKK.,sp|P02647|APOA1_HUMAN;tr|F8W696|F8W696_HUMAN,"K+28,13[K->R/1]",K+28[K->R/1],1000.0,3,P02647,P02647;F8W696,2,False,220,0.6547619047619048,0.34523809523809523,46,0.7931034482758621,24.176189439244148,24.067437674931053,False
312,.SELTQDPA+30.011VSVALGQTVR.,0.12012987012987013,0.014307392152612184,0.10582247797725794,8.396349862258953,3.8214421530780567,1.0,0.4043944780854678,5.08543531326e-05,5.08543531326e-05,True,924,55356,.SELTQDPAVSVALGQTVR.,sp|P01714|LV319_HUMAN,"A+30,8[A->T/1]",A+30[A->T/1],1000.0,2,P01714,P01714,1,True,43,0.12797619047619047,0.8720238095238095,8,0.13793103448275862,24.680204224778066,24.642386885272895,False
313,.A+30.011SSLESGVPSR.,0.8647186147186147,0.686140617096611,0.17857799762200366,1.2602644314771112,3.468324802752367,0.650125,0.4026656447581588,0.000240153698367,0.000240153698367,True,924,55356,.ASSLESGVPSR.,sp|A0A0B4J2D9|KVD13_HUMAN;sp|P01602|KV105_HUMAN;sp|P0DP09|KV113_HUMAN,"A+30,1[A->T/1]",A+30[A->T/1],10.67,2,A0A0B4J2D9,A0A0B4J2D9;P01602;P0DP09,3,False,279,0.8303571428571429,0.16964285714285715,45,0.7758620689655172,25.24705328709932,25.31534700458541,False
314,.ITINP-26.016DTSK.,0.11363636363636363,0.008851795649974709,0.10478456798638892,12.837662337662339,3.8384484846895437,1.0,0.40221016620620303,4.50612833453e-05,4.50612833453e-05,True,924,55356,.ITINPDTSK.,sp|A0A0B4J1U7|HV601_HUMAN,"P-26,5[P->A/1]",P-26[P->A/1],1000.0,2,A0A0B4J1U7,A0A0B4J1U7,1,True,35,0.10416666666666667,0.8958333333333334,5,0.08620689655172414,25.27032277659157,25.231545624693677,False
315,.DN-27.011QRPSGVPDR.,0.20454545454545456,0.03186646433990895,0.1726789902055456,6.418831168831169,3.6750565519434026,0.631825,0.40095933845701903,0.000111321384838,0.000111321384838,True,924,55356,.DNQRPSGVPDR.,sp|P01721|LV657_HUMAN,"N-27,2[N->S/1]",N-27[N->S/1],10.182,3,P01721,P01721,1,True,63,0.1875,0.8125,9,0.15517241379310345,24.075941303616155,24.044418563517226,False
316,.FTC+57.021TV+31.972THTDLPSPLK.,0.11471861471861472,0.01078473878170388,0.10393387593691084,10.637125019034567,3.8384606419812926,1.0,0.3989460921523988,4.50572226728e-05,4.50572226728e-05,True,924,55356,.FTCTVTHTDLPSPLK.,sp|P01871-2|IGHM_HUMAN;sp|P01871|IGHM_HUMAN;tr|A0A1B0GUU9|A0A1B0GUU9_HUMAN,"V+32,5[V->M/1]",V+32[V->M/1],21.275,3,P01871,P01871;A0A1B0GUU9,2,False,38,0.1130952380952381,0.8869047619047619,7,0.1206896551724138,24.455393326176722,24.405225541451436,False
317,.LLIYGA+30.011STR.,0.18506493506493507,0.07419249945805333,0.11087243560688174,2.494388737631981,3.597389876766437,1.0,0.39885137746463506,0.000152702840273,0.000152702840273,True,924,55356,.LLIYGASTR.,sp|A0A0C4DH55|KVD07_HUMAN;sp|P01624|KV315_HUMAN;tr|A0A075B6H7|A0A075B6H7_HUMAN;tr|A0A0C4DH90|A0A0C4DH90_HUMAN,"A+30,6[A->T/1]",A+30[A->T/1],1000.0,2,A0A0C4DH55,A0A0C4DH55;P01624;A0A075B6H7;A0A0C4DH90,4,False,93,0.2767857142857143,0.7232142857142857,30,0.5172413793103449,26.548580471457395,26.531431007778014,False
318,.INPNSGG+58.005TN+0.984YAQK.,0.13528138528138528,0.017270033961991473,0.1180113513193938,7.833301635602891,3.734468029730839,0.9000999999999999,0.3966827277447141,8.430281571404485e-05,8.430281571404485e-05,True,924,55356,.INPNSGGTNYAQK.,sp|P23083|HV103_HUMAN;tr|A0A075B7D0|A0A075B7D0_HUMAN,"G+58,7[G->D/1] & N+1,9[Deamidated]",G+58[G->D/1],17.336,2,P23083,P23083;A0A075B7D0,2,False,47,0.13988095238095238,0.8601190476190477,8,0.13793103448275862,23.234501713498293,23.412196776530624,False
319,.L-14.016LIYDASSLESGVPSR.,0.11363636363636363,0.010802803670785462,0.10283355996557816,10.519154758285193,3.84337394485921,1.0,0.3952278250288203,4.34253951711e-05,4.34253951711e-05,True,924,55356,.LLIYDASSLESGVPSR.,sp|A0A0B4J2D9|KVD13_HUMAN;sp|P0DP09|KV113_HUMAN,"L-14,1[L->V/1]",L-14[L->V/1],1000.0,2,A0A0B4J2D9,A0A0B4J2D9;P0DP09,2,False,38,0.1130952380952381,0.8869047619047619,6,0.10344827586206896,25.034883320805292,25.028781411677116,False
320,.LVESGGGV-28.031VQPGR.,0.11904761904761904,0.015897102391791314,0.10315051665582772,7.488636363636363,3.8285170196189076,1.0,0.39491350859932006,4.84167715697e-05,4.84167715697e-05,True,924,55356,.LVESGGGVVQPGR.,sp|P01768|HV330_HUMAN;sp|P01772|HV333_HUMAN;sp|P0DP02|HVC33_HUMAN;sp|P0DP03|HV335_HUMAN,"V-28,8[V->A/1]",V-28[V->A/1],1000.0,2,P01768,P01768;P01772;P0DP02;P0DP03,4,False,45,0.13392857142857142,0.8660714285714286,9,0.15517241379310345,23.613242711117007,23.706981993321627,False
321,.EIVMTQSPATLSVSPGE-72.021R.,0.11363636363636363,0.008851795649974709,0.10478456798638892,12.837662337662339,3.766561243531246,1.0,0.3946774926976975,7.11743772242e-05,7.11743772242e-05,True,924,55356,.EIVMTQSPATLSVSPGER.,sp|A0A087WSY6|KVD15_HUMAN;sp|P01624|KV315_HUMAN,"E-72,17[E->G/1]",E-72[E->G/1],1000.0,2,A0A087WSY6,A0A087WSY6;P01624,2,False,35,0.10416666666666667,0.8958333333333334,5,0.08620689655172414,25.333335544878206,25.29401129897854,False
322,.EIVLTQSPGTLSLSPGE-0.984R.,0.933982683982684,0.8274080497145747,0.10657463426810931,1.128805411434991,3.6952753561191845,1.0,0.39382261959835946,0.000101708706265,0.000101708706265,True,924,55356,.EIVLTQSPGTLSLSPGER.,sp|P01619|KV301_HUMAN,"E-1,17[E->Q/1]",E-1[E->Q/1],1000.0,2,P01619,P01619,1,True,306,0.9107142857142857,0.08928571428571429,50,0.8620689655172413,25.57041344047495,25.501719957124347,False
323,.ATG+58.005IPDRFSGSGSGTDFTLTISR.,0.5952380952380952,0.4575475106582846,0.13769058457981065,1.3009317751105496,2.8504540653860087,1.0,0.39248068658089735,0.00131106147422,0.00131106147422,True,924,55356,.ATGIPDRFSGSGSGTDFTLTISR.,sp|A0A0C4DH25|KVD20_HUMAN;sp|P01619|KV301_HUMAN,"G+58,3[G->D/1]",G+58[G->D/1],78.448,3,A0A0C4DH25,A0A0C4DH25;P01619,2,False,228,0.6785714285714286,0.32142857142857145,44,0.7586206896551724,25.883289997753295,25.744003138866436,False
324,.LLIY-76.031DASSLESGVPSR.,0.11363636363636363,0.008851795649974709,0.10478456798638892,12.837662337662339,3.7344680297309445,1.0,0.3913146191543381,8.4302815714e-05,8.4302815714e-05,True,924,55356,.LLIYDASSLESGVPSR.,sp|A0A0B4J2D9|KVD13_HUMAN;sp|P0DP09|KV113_HUMAN,"Y-76,4[Y->S/1]",Y-76[Y->S/1],1000.0,2,A0A0B4J2D9,A0A0B4J2D9;P0DP09,2,False,35,0.10416666666666667,0.8958333333333334,5,0.08620689655172414,24.743792964663296,24.598158161100518,False
325,.LLIYGA+30.011SIR.,0.11363636363636363,0.008851795649974709,0.10478456798638892,12.837662337662339,3.7344680297309445,1.0,0.3913146191543381,8.4302815714e-05,8.4302815714e-05,True,924,55356,.LLIYGASIR.,sp|A0A087WSY6|KVD15_HUMAN,"A+30,6[A->T/1]",A+30[A->T/1],1000.0,2,A0A087WSY6,A0A087WSY6,1,True,35,0.10416666666666667,0.8958333333333334,5,0.08620689655172414,23.800741648693087,23.605672028002697,False
326,.WQQGNVFSC+57.021SVMHEAL-14.016HNHYTQK.,0.1645021645021645,0.02922899053399812,0.1352731739681664,5.628048095291606,2.8799290768749306,1.0,0.38957714703208335,0.00121847203607,0.00121847203607,True,924,55356,.WQQGNVFSCSVMHEALHNHYTQK.,sp|P01857|IGHG1_HUMAN;sp|P01859|IGHG2_HUMAN;tr|A0A0A0MS07|A0A0A0MS07_HUMAN;tr|A0A0A0MS08|A0A0A0MS08_HUMAN;tr|A0A286YEY4|A0A286YEY4_HUMAN,"L-14,16[L->V/1]",L-14[L->V/1],77.487,3,P01857,P01857;P01859;A0A0A0MS07;A0A0A0MS08;A0A286YEY4,5,False,60,0.17857142857142858,0.8214285714285714,11,0.1896551724137931,25.422079170871022,25.434216725767246,False
327,.LL-14.016IYDNNK.,0.20346320346320346,0.03775561818050437,0.16570758528269908,5.388951718138321,3.72857517101579,0.629425,0.3888922429412765,8.68206285814e-05,8.68206285814e-05,True,924,55356,.LLIYDNNK.,sp|P01701|LV103_HUMAN,"L-14,2[L->V/1]",L-14[L->V/1],10.118,2,P01701,P01701,1,True,68,0.20238095238095238,0.7976190476190477,11,0.1896551724137931,24.067206497305563,24.132622392863954,False
328,.L+33.984VSWYQQHPGK.,0.16017316017316016,0.02221981357034468,0.1379533466028155,7.208573540280857,3.766561243531246,0.7466875,0.3879860893207815,7.11743772242e-05,7.11743772242e-05,True,924,55356,.LVSWYQQHPGK.,sp|P01705|LV223_HUMAN,"L+34,1[L->F/1]",L+34[L->F/1],13.245,3,P01705,P01705,1,True,53,0.15773809523809523,0.8422619047619048,10,0.1724137931034483,25.54277046410393,25.59232484274408,False
329,.F-48.000SGSGSGTDFTLK.,0.11580086580086581,0.01145313967772238,0.10434772612314343,10.11084026383711,3.7130207182706325,1.0,0.38744526899966125,9.363295880149813e-05,9.363295880149813e-05,True,924,55356,.FSGSGSGTDFTLK.,sp|A0A075B6P5|KV228_HUMAN;sp|A0A075B6S2|KVD29_HUMAN;sp|A0A075B6S6|KVD30_HUMAN;sp|A0A087WW87|KV240_HUMAN;sp|A0A0A0MRZ7|KVD26_HUMAN;sp|A2NJV5|KV229_HUMAN;sp|P01614|KVD40_HUMAN;sp|P01615|KV202_HUMAN;sp|P06310|KV230_HUMAN;tr|A0A087X0Q4|A0A087X0Q4_HUMAN,"F-48,1[F->V/1]",F-48[F->V/1],1000.0,2,A0A075B6P5,A0A075B6P5;A0A075B6S2;A0A075B6S6;A0A087WW87;A0A0A0MRZ7;A2NJV5;P01614;P01615;P06310;A0A087X0Q4,10,False,39,0.11607142857142858,0.8839285714285714,7,0.1206896551724138,25.026732421096526,25.1845060094294,False
330,.EV+29.974QLVESGGGLVKPGGSLR.,0.12121212121212122,0.017504877520052028,0.10370724369206918,6.924476967820621,3.7130207182706325,1.0,0.38506714446339424,9.363295880149813e-05,9.363295880149813e-05,True,924,55356,.EVQLVESGGGLVKPGGSLR.,sp|A0A0B4J1V0|HV315_HUMAN;sp|A0A0B4J1V1|HV321_HUMAN,"V+30,2[V->E/1]",V+30[V->E/1],1000.0,2,A0A0B4J1V0,A0A0B4J1V0;A0A0B4J1V1,2,False,47,0.13988095238095238,0.8601190476190477,11,0.1896551724137931,25.334256642725833,25.18467508737293,False
331,.VVAGVANA+15.995LAHK.,0.11580086580086581,0.013620926367512104,0.1021799394333537,8.501687967205209,3.7665612435312483,1.0,0.3848669997360403,7.117437722419929e-05,7.117437722419929e-05,True,924,55356,.VVAGVANALAHK.,sp|P02042|HBD_HUMAN;sp|P68871|HBB_HUMAN,"A+16,8[A->S/1]",A+16[A->S/1],1000.0,2,P02042,P02042;P68871,2,False,42,0.125,0.875,8,0.13793103448275862,24.161781398128653,24.27589496998259,False
332,.L-14.016VESGGGVVQPGR.,0.12012987012987013,0.011380880121396054,0.10874899000847407,10.555411255411256,3.53236648168361,1.0,0.3841412872228796,0.000193517174649,0.000193517174649,True,924,55356,.LVESGGGVVQPGR.,sp|P01768|HV330_HUMAN;sp|P01772|HV333_HUMAN;sp|P0DP02|HVC33_HUMAN;sp|P0DP03|HV335_HUMAN,"L-14,1[L->V/1]",L-14[L->V/1],1000.0,2,P01768,P01768;P01772;P0DP02;P0DP03,4,False,39,0.11607142857142858,0.8839285714285714,6,0.10344827586206896,24.279340510637354,24.372419979460876,False
333,.FSGSGSGTDFTLK+28.006.,0.9577922077922078,0.8548305513404147,0.102961656451793,1.1204468608314762,3.7130207182706325,1.0,0.38229876359297055,9.363295880149813e-05,9.363295880149813e-05,True,924,55356,.FSGSGSGTDFTLK.,sp|A0A075B6P5|KV228_HUMAN;sp|A0A075B6S2|KVD29_HUMAN;sp|A0A075B6S6|KVD30_HUMAN;sp|A0A087WW87|KV240_HUMAN;sp|A0A0A0MRZ7|KVD26_HUMAN;sp|A2NJV5|KV229_HUMAN;sp|P01614|KVD40_HUMAN;sp|P01615|KV202_HUMAN;sp|P06310|KV230_HUMAN;tr|A0A087X0Q4|A0A087X0Q4_HUMAN,"K+28,13[K->R/1]",K+28[K->R/1],1000.0,2,A0A075B6P5,A0A075B6P5;A0A075B6S2;A0A075B6S6;A0A087WW87;A0A0A0MRZ7;A2NJV5;P01614;P01615;P06310;A0A087X0Q4,10,False,311,0.9255952380952381,0.0744047619047619,51,0.8793103448275862,27.47597281095567,27.480474003020603,False
334,.LLIYD-58.005NNK.,0.11147186147186147,0.011525399234048703,0.09994646223781277,9.67184383015104,3.8214421530780567,1.0,0.3819396238466019,5.08543531326e-05,5.08543531326e-05,True,924,55356,.LLIYDNNK.,sp|P01701|LV103_HUMAN,"D-58,5[D->G/1]",D-58[D->G/1],1000.0,2,P01701,P01701,1,True,39,0.11607142857142858,0.8839285714285714,7,0.1206896551724138,24.691789515790685,24.93935103116952,False
335,.EVQL-14.016VQSGAEVK.,0.8647186147186147,0.7115217862562324,0.15319682846238225,1.2153086966858007,3.695319895056985,0.6739,0.3815023970348702,0.000101688021151,0.000101688021151,True,924,55356,.EVQLVQSGAEVK.,sp|A0A0C4DH38|HV551_HUMAN;sp|A0A0G2JMI3|HV692_HUMAN;sp|A0A0J9YXX1|HV5X1_HUMAN,"L-14,4[L->V/1]",L-14[L->V/1],11.304,2,A0A0C4DH38,A0A0C4DH38;A0A0G2JMI3;A0A0J9YXX1,3,False,284,0.8452380952380952,0.15476190476190477,47,0.8103448275862069,25.237035190934378,25.273513269250152,False
336,.EV+29.974QLV+14.016ESGGGLVQPGGSLR.,0.1471861471861472,0.01707132018209408,0.1301148270040531,8.621837421837423,2.908716766956355,1.0,0.37846717893631476,0.00113390928726,0.00113390928726,True,924,55356,.EVQLVESGGGLVQPGGSLR.,sp|A0A0B4J1X5|HV374_HUMAN;sp|A0A0B4J1Y9|HV372_HUMAN;sp|A0A0J9YX35|HV64D_HUMAN;sp|P01763|HV302_HUMAN;sp|P01764|HV323_HUMAN;sp|P01766|HV313_HUMAN;sp|P01780|HV307_HUMAN;tr|A0A075B7D8|A0A075B7D8_HUMAN;tr|A0A075B7E8|A0A075B7E8_HUMAN;tr|A0A075B7F1|A0A075B7F1_HUMAN [further mapped to 5 additional proteins],"V+30,2[V->E/1] & V+14,5[V->IL/1]",V+30[V->E/1],30.053,2,A0A0B4J1X5,A0A0B4J1X5;A0A0B4J1Y9;A0A0J9YX35;P01763;P01764;P01766;P01780;A0A075B7D8;A0A075B7E8;A0A075B7F1,10,False,47,0.13988095238095238,0.8601190476190477,7,0.1206896551724138,25.745208690129214,25.61516451333919,False
337,.TVNWYQQ+9.000LPGTAPK.,0.12554112554112554,0.013458342365777875,0.11208278317534766,9.328126906650395,3.6952976272822786,0.9095125,0.37670119850079176,0.000101698362656,0.000101698362656,True,924,55356,.TVNWYQQLPGTAPK.,sp|P01699|LV144_HUMAN,"Q+9,7[Q->H/1]",Q+9[Q->H/1],17.587,2,P01699,P01699,1,True,42,0.125,0.875,7,0.1206896551724138,24.82827574352189,24.804937677123874,False
338,.ASGVPDRFSGSG+42.047SGTDFTLK.,0.1634199134199134,0.022165618903099937,0.14125429451681348,7.372675409350225,2.665829706988308,1.0,0.37655989456259703,0.00205859065717,0.00205859065717,True,924,55356,.ASGVPDRFSGSGSGTDFTLK.,sp|A0A075B6P5|KV228_HUMAN;sp|A0A087WW87|KV240_HUMAN;sp|P01614|KVD40_HUMAN;sp|P01615|KV202_HUMAN;tr|A0A087X0Q4|A0A087X0Q4_HUMAN,"G+42,12[G->V/1]",G+42[G->V/1],1000.0,2,A0A075B6P5,A0A075B6P5;A0A087WW87;P01614;P01615;A0A087X0Q4,5,False,53,0.15773809523809523,0.8422619047619048,8,0.13793103448275862,24.96515309961147,25.114844566106676,False
339,.EIVLTQSPAT+12.036LSLSPGER.,0.11363636363636363,0.012916395693330442,0.10071996794303319,8.797838525111253,3.7130207182706325,1.0,0.37397532771603614,9.363295880149813e-05,9.363295880149813e-05,True,924,55356,.EIVLTQSPATLSLSPGER.,sp|A0A0A0MRZ8|KVD11_HUMAN;sp|A0A0C4DH25|KVD20_HUMAN;sp|P04433|KV311_HUMAN,"T+12,10[T->IL/1]",T+12[T->IL/1],1000.0,2,A0A0A0MRZ8,A0A0A0MRZ8;A0A0C4DH25;P04433,3,False,41,0.12202380952380952,0.8779761904761905,7,0.1206896551724138,25.063459804462557,25.159743074049434,False
340,.Y-26.004VFGTGTK.,0.11038961038961038,0.010188597442011706,0.10020101294759867,10.834622823984526,3.7130207182706325,1.0,0.37204843706613777,9.363295880149813e-05,9.363295880149813e-05,True,924,55356,.YVFGTGTK.,sp|A0A0A0MT76|LJ01_HUMAN;sp|B9A064|IGLL5_HUMAN;tr|A0A0B4J231|A0A0B4J231_HUMAN,"Y-26,1[Y->H/1]",Y-26[Y->H/1],1000.0,2,A0A0A0MT76,A0A0A0MT76;B9A064;A0A0B4J231,3,False,37,0.11011904761904762,0.8898809523809523,6,0.10344827586206896,24.06146975168925,24.247427740875253,False
341,.LVESGGG+14.016LVQPGGSLR.,0.11147186147186147,0.011525399234048703,0.09994646223781277,9.67184383015104,3.7130207182706325,1.0,0.3711032850068522,9.363295880149813e-05,9.363295880149813e-05,True,924,55356,.LVESGGGLVQPGGSLR.,sp|A0A0B4J1X5|HV374_HUMAN;sp|A0A0B4J1Y9|HV372_HUMAN;sp|A0A0J9YX35|HV64D_HUMAN;sp|P01763|HV302_HUMAN;sp|P01764|HV323_HUMAN;sp|P01766|HV313_HUMAN;sp|P01780|HV307_HUMAN;tr|A0A075B7D8|A0A075B7D8_HUMAN;tr|A0A075B7E8|A0A075B7E8_HUMAN;tr|A0A075B7F1|A0A075B7F1_HUMAN [further mapped to 5 additional proteins],"G+14,7[G->A/1]",G+14[G->A/1],1000.0,2,A0A0B4J1X5,A0A0B4J1X5;A0A0B4J1Y9;A0A0J9YX35;P01763;P01764;P01766;P01780;A0A075B7D8;A0A075B7E8;A0A075B7F1,10,False,39,0.11607142857142858,0.8839285714285714,7,0.1206896551724138,24.55024772007573,24.550192476897312,False
342,.VQPYLDDFQKK+28.006.,0.10822510822510822,0.013006720138738348,0.09521838808636987,8.320707070707071,3.8920176217262656,1.0,0.37059164434452185,2.82278552476e-05,2.82278552476e-05,True,924,55356,.VQPYLDDFQKK.,sp|P02647|APOA1_HUMAN;tr|F8W696|F8W696_HUMAN,"K+28,11[K->R/1]",K+28[K->R/1],1000.0,3,P02647,P02647;F8W696,2,False,41,0.12202380952380952,0.8779761904761905,11,0.1896551724137931,24.47875616740495,24.469877444650372,False
343,.SKTDGG+72.021TTDYAAPVK.,0.11904761904761904,0.019257171760965388,0.09979044728665365,6.181988742964352,3.6951416579566714,1.0,0.3687398388350432,0.000101770812131,0.000101770812131,True,924,55356,.SKTDGGTTDYAAPVK.,sp|A0A0B4J1V0|HV315_HUMAN,"G+72,6[G->E/1]",G+72[G->E/1],1000.0,2,A0A0B4J1V0,A0A0B4J1V0,1,True,49,0.14583333333333334,0.8541666666666666,11,0.1896551724137931,24.438221284713418,24.397225037817503,False
344,.SYELTQP+3.995PSVSVSPGQTAR.,0.12987012987012986,0.028741238528795433,0.10112889134133443,4.5185989372035875,3.6378149782185205,1.0,0.36788819565213965,0.000130242250586,0.000130242250586,True,924,55356,.SYELTQPPSVSVSPGQTAR.,sp|A0A075B6K4|LV310_HUMAN;sp|P01717|LV325_HUMAN,"P+4,7[P->T/1]",P+4[P->T/1],1000.0,2,A0A075B6K4,A0A075B6K4;P01717,2,False,59,0.17559523809523808,0.8244047619047619,15,0.25862068965517243,24.157614622757396,24.11231717230652,False
345,.EIVLTQS+60.036PATLSLSPGER.,0.10714285714285714,0.00834597875569044,0.09879687838716669,12.837662337662337,3.7130207182706325,1.0,0.366834856352014,9.363295880149813e-05,9.363295880149813e-05,True,924,55356,.EIVLTQSPATLSLSPGER.,sp|A0A0A0MRZ8|KVD11_HUMAN;sp|A0A0C4DH25|KVD20_HUMAN;sp|P04433|KV311_HUMAN,"S+60,7[S->F/1]",S+60[S->F/1],30.122,2,A0A0A0MRZ8,A0A0A0MRZ8;A0A0C4DH25;P04433,3,False,34,0.10119047619047619,0.8988095238095238,5,0.08620689655172414,24.870136810542412,24.918767425682802,False
346,.LYGSEAFATDFQDSAAAKK+28.006.,0.9577922077922078,0.8548305513404147,0.102961656451793,1.1204468608314762,3.551851258243802,1.0,0.3657044890191671,0.000180639463702,0.000180639463702,True,924,55356,.LYGSEAFATDFQDSAAAKK.,sp|P01011-2|AACT_HUMAN;sp|P01011|AACT_HUMAN;tr|G3V595|G3V595_HUMAN,"K+28,19[K->R/1]",K+28[K->R/1],1000.0,3,P01011,P01011;G3V595,2,False,311,0.9255952380952381,0.0744047619047619,51,0.8793103448275862,28.99820472281451,28.96520360078849,False
347,.SYELTQPPSVS+14.016VSPGQTAR.,0.12987012987012986,0.023683069585952742,0.10618706028417711,5.483669648429373,3.4431406496301453,1.0,0.365616983729177,0.000260461885744,0.000260461885744,True,924,55356,.SYELTQPPSVSVSPGQTAR.,sp|A0A075B6K4|LV310_HUMAN;sp|P01717|LV325_HUMAN,"S+14,11[S->T/1]",S+14[S->T/1],35.669,2,A0A075B6K4,A0A075B6K4;P01717,2,False,54,0.16071428571428573,0.8392857142857143,15,0.25862068965517243,24.228221385994615,24.1909913420129,False
348,.IT-30.011INPDTSK.,0.10714285714285714,0.011597658790375028,0.09554519835248211,9.238317757009344,3.8212334373174386,1.0,0.3651005067196317,5.09268690161e-05,5.09268690161e-05,True,924,55356,.ITINPDTSK.,sp|A0A0B4J1U7|HV601_HUMAN,"T-30,2[T->A/1]",T-30[T->A/1],1000.0,2,A0A0B4J1U7,A0A0B4J1U7,1,True,39,0.11607142857142858,0.8839285714285714,7,0.1206896551724138,25.5588251962515,25.359031956687318,False
349,.L+33.984DELRDEGK.,0.12229437229437229,0.024785027819929185,0.09750934447444311,4.934203551550491,3.7426252181886404,1.0,0.3649409316390939,8.087343307723413e-05,8.087343307723413e-05,True,924,55356,.LDELRDEGK.,sp|P02768|ALBU_HUMAN;tr|A0A0C4DGB6|A0A0C4DGB6_HUMAN;tr|B7WNR0|B7WNR0_HUMAN;tr|D6RHD5|D6RHD5_HUMAN;tr|H0YA55|H0YA55_HUMAN,"L+34,1[L->F/1]",L+34[L->F/1],1000.0,2,P02768,P02768;A0A0C4DGB6;B7WNR0;D6RHD5;H0YA55,5,False,55,0.1636904761904762,0.8363095238095238,13,0.22413793103448276,22.713117132384305,22.554590968953583,False
350,.FM-17.956LTQPHSVSESPGK.,0.10714285714285714,0.008960184984464195,0.09818267215839294,11.95766129032258,3.7130207182706325,1.0,0.3645542958992862,9.363295880149813e-05,9.363295880149813e-05,True,924,55356,.FMLTQPHSVSESPGK.,sp|P01721|LV657_HUMAN,"M-18,2[M->IL/1]",M-18[M->IL/1],23.062,3,P01721,P01721,1,True,35,0.10416666666666667,0.8958333333333334,6,0.10344827586206896,24.74738645919032,24.79333196328448,False
351,.GLEWVANIK+28.006.,0.9577922077922078,0.8548305513404147,0.102961656451793,1.1204468608314762,3.5178706409340057,1.0,0.36220578837369594,0.00020347949944,0.00020347949944,True,924,55356,.GLEWVANIK.,sp|P01780|HV307_HUMAN,"K+28,9[K->R/1]",K+28[K->R/1],1000.0,2,P01780,P01780,1,True,311,0.9255952380952381,0.0744047619047619,51,0.8793103448275862,25.548117413103164,25.53056443180228,False
352,.LDELR-28.043DEGK.,0.920995670995671,0.7948370547004842,0.12615861629518688,1.1587226155966355,3.9050993088728867,0.7339,0.3615645869796471,2.44230064721e-05,2.44230064721e-05,True,924,55356,.LDELRDEGK.,sp|P02768|ALBU_HUMAN;tr|A0A0C4DGB6|A0A0C4DGB6_HUMAN;tr|B7WNR0|B7WNR0_HUMAN;tr|D6RHD5|D6RHD5_HUMAN;tr|H0YA55|H0YA55_HUMAN,"R-28,5[R->Q/1]",R-28[R->Q/1],12.904,2,P02768,P02768;A0A0C4DGB6;B7WNR0;D6RHD5;H0YA55,5,False,300,0.8928571428571429,0.10714285714285714,49,0.8448275862068966,24.686871543285605,24.666415669263202,False
353,.EVQ+9.000LV+14.016ESGGGLVQPGGSLR.,0.12012987012987013,0.011380880121396054,0.10874899000847407,10.555411255411256,3.3089800614205167,1.0,0.3598482396376597,0.000390930414386,0.000390930414386,True,924,55356,.EVQLVESGGGLVQPGGSLR.,sp|A0A0B4J1X5|HV374_HUMAN;sp|A0A0B4J1Y9|HV372_HUMAN;sp|A0A0J9YX35|HV64D_HUMAN;sp|P01763|HV302_HUMAN;sp|P01764|HV323_HUMAN;sp|P01766|HV313_HUMAN;sp|P01780|HV307_HUMAN;tr|A0A075B7D8|A0A075B7D8_HUMAN;tr|A0A075B7E8|A0A075B7E8_HUMAN;tr|A0A075B7F1|A0A075B7F1_HUMAN [further mapped to 5 additional proteins],"Q+9,3[Q->H/1] & V+14,5[V->IL/1]",Q+9[Q->H/1],27.191,2,A0A0B4J1X5,A0A0B4J1X5;A0A0B4J1Y9;A0A0J9YX35;P01763;P01764;P01766;P01780;A0A075B7D8;A0A075B7E8;A0A075B7F1,10,False,39,0.11607142857142858,0.8839285714285714,6,0.10344827586206896,26.116845431261826,26.158106279053857,False
354,.LLIY-76.031GASTR.,0.5281385281385281,0.4343341281884529,0.09380439995007522,1.2159728970443109,3.8297427917565177,1.0,0.35924672454384604,4.79984640492e-05,4.79984640492e-05,True,924,55356,.LLIYGASTR.,sp|A0A0C4DH55|KVD07_HUMAN;sp|P01624|KV315_HUMAN;tr|A0A075B6H7|A0A075B6H7_HUMAN;tr|A0A0C4DH90|A0A0C4DH90_HUMAN,"Y-76,4[Y->S/1]",Y-76[Y->S/1],1000.0,2,A0A0C4DH55,A0A0C4DH55;P01624;A0A075B6H7;A0A0C4DH90,4,False,222,0.6607142857142857,0.3392857142857143,51,0.8793103448275862,27.51322105064095,27.344428975181955,False
355,.VGT-14.016GGIVGSK.,0.1471861471861472,0.01707132018209408,0.1301148270040531,8.621837421837423,3.7130207182706325,0.737875,0.35648146785309076,9.363295880149813e-05,9.363295880149813e-05,True,924,55356,.VGTGGIVGSK.,sp|A0A0B4J1Y8|LV949_HUMAN,"T-14,3[T->S/1]",T-14[T->S/1],13.01,2,A0A0B4J1Y8,A0A0B4J1Y8,1,True,47,0.13988095238095238,0.8601190476190477,7,0.1206896551724138,24.071923923395897,23.966777862896997,False
356,.LLIYW-99.047ASTR.,0.46320346320346323,0.27684442517522945,0.18635903802823378,1.6731543823224084,3.5173664269762277,0.542725,0.3557524513006598,0.000203832042397,0.000203832042397,True,924,55356,.LLIYWASTR.,sp|P06312|KV401_HUMAN,"W-99,5[W->S/1]",W-99[W->S/1],7.806,2,P06312,P06312,1,True,178,0.5297619047619048,0.47023809523809523,40,0.6896551724137931,26.829383246874507,26.761461267384,False
357,.VFDEFKPLVEEPQNLIKQ+28.043.,0.9783549783549783,0.877068429799841,0.1012865485551373,1.1154830627961974,3.766561243531246,0.9247749999999999,0.35280350121055115,7.11743772242e-05,7.11743772242e-05,True,924,55356,.VFDEFKPLVEEPQNLIKQ.,sp|P02768-2|ALBU_HUMAN;sp|P02768-3|ALBU_HUMAN;sp|P02768|ALBU_HUMAN;tr|A0A087WWT3|A0A087WWT3_HUMAN;tr|A0A0C4DGB6|A0A0C4DGB6_HUMAN;tr|B7WNR0|B7WNR0_HUMAN;tr|C9JKR2|C9JKR2_HUMAN;tr|D6RHD5|D6RHD5_HUMAN;tr|H0YA55|H0YA55_HUMAN,"Q+28,18[Q->R/1]",Q+28[Q->R/1],17.994,3,P02768,P02768;A0A087WWT3;A0A0C4DGB6;B7WNR0;C9JKR2;D6RHD5;H0YA55,7,False,315,0.9375,0.0625,51,0.8793103448275862,29.120738949924277,29.072810765600966,False
358,.TLIYDTS+14.016NK.,0.2813852813852814,0.135306019221042,0.14607926216423942,2.079621313266173,3.7665612435312483,0.6403,0.352303616851143,7.117437722419929e-05,7.117437722419929e-05,True,924,55356,.TLIYDTSNK.,sp|A0A075B6I9|LV746_HUMAN,"S+14,7[S->T/1]",S+14[S->T/1],10.408,2,A0A075B6I9,A0A075B6I9,1,True,125,0.37202380952380953,0.6279761904761905,34,0.5862068965517241,24.34597813420443,24.4033221636641,False
359,.LM-17.956IYDVSK.,0.6352813852813853,0.4651347640725486,0.17014662120883672,1.3658006976711343,3.7665612435312483,0.5495125,0.352164795050931,7.117437722419929e-05,7.117437722419929e-05,True,924,55356,.LMIYDVSK.,sp|P01706|LV211_HUMAN,"M-18,2[M->IL/1]",M-18[M->IL/1],7.987,2,P01706,P01706,1,True,230,0.6845238095238095,0.31547619047619047,48,0.8275862068965517,25.496385686506898,25.40440495847581,False
360,.FSGSNSGN-27.011TATLTISR.,0.10173160173160173,0.008436303201098345,0.09329529853050339,12.058789176562195,3.7665612435312483,1.0,0.3514024556486719,7.117437722419929e-05,7.117437722419929e-05,True,924,55356,.FSGSNSGNTATLTISR.,sp|A0A075B6K5|LV39_HUMAN;sp|P80748|LV302_HUMAN,"N-27,8[N->S/1]",N-27[N->S/1],1000.0,2,A0A075B6K5,A0A075B6K5;P80748,2,False,34,0.10119047619047619,0.8988095238095238,6,0.10344827586206896,24.351745991074786,24.308608193281316,False
361,.EIVLTQSPGTLSLSP-10.021GER.,0.12445887445887446,0.019166847315557484,0.10529202714331698,6.493445291748779,3.3240214675693682,1.0,0.3499929585882823,0.000374218543629,0.000374218543629,True,924,55356,.EIVLTQSPGTLSLSPGER.,sp|P01619|KV301_HUMAN,"P-10,15[P->S/1]",P-10[P->S/1],1000.0,2,P01619,P01619,1,True,49,0.14583333333333334,0.8541666666666666,10,0.1724137931034483,24.526152946948873,24.67284591880837,False
362,.EIVLTQSPGTLSL-14.016SPGER.,0.9047619047619048,0.8114206228773755,0.09334128188452928,1.1150343967762764,3.7285576469741373,1.0,0.34802835034893015,8.68281670574e-05,8.68281670574e-05,True,924,55356,.EIVLTQSPGTLSLSPGER.,sp|P01619|KV301_HUMAN,"L-14,13[L->V/1]",L-14[L->V/1],1000.0,2,P01619,P01619,1,True,303,0.9017857142857143,0.09821428571428571,52,0.896551724137931,25.940310908437592,25.939752841710167,False
363,.EVQLVQSGAEV+14.016K.,0.8755411255411255,0.7216200592528362,0.15392106628828928,1.213299317715279,3.7130207182706325,0.60835,0.3476793909667264,9.363295880149813e-05,9.363295880149813e-05,True,924,55356,.EVQLVQSGAEVK.,sp|A0A0C4DH38|HV551_HUMAN;sp|A0A0G2JMI3|HV692_HUMAN;sp|A0A0J9YXX1|HV5X1_HUMAN,"V+14,11[V->IL/1]",V+14[V->IL/1],9.556,2,A0A0C4DH38,A0A0C4DH38;A0A0G2JMI3;A0A0J9YXX1,3,False,286,0.8511904761904762,0.1488095238095238,47,0.8103448275862069,26.73487242529596,26.753668611004368,False
364,.SSQSVLY-26.004SSN+0.984NK.,0.170995670995671,0.028054772743695354,0.14294089825197565,6.095065269566236,3.5167270793315137,0.6883375,0.34601633570023904,0.000204279658853,0.000204279658853,True,924,55356,.SSQSVLYSSNNK.,sp|P06312|KV401_HUMAN,"Y-26,7[Y->H/1] & N+1,10[Deamidated]",Y-26[Y->H/1],11.689,2,P06312,P06312,1,True,59,0.17559523809523808,0.8244047619047619,10,0.1724137931034483,22.906130002523273,23.050634695041996,False
365,.QAPGK+0.948GLEWVGR.,0.12987012987012986,0.012645422357106728,0.11722470751302314,10.27012987012987,3.829796858731764,0.7690750000000001,0.3452737729759727,4.79800403032e-05,4.79800403032e-05,True,924,55356,.QAPGKGLEWVGR.,sp|A0A0B4J1V0|HV315_HUMAN;sp|A0A0B4J1Y9|HV372_HUMAN,"K+1,5[K->E/1]",K+1[K->E/1],13.842,2,A0A0B4J1V0,A0A0B4J1V0;A0A0B4J1Y9,2,False,41,0.12202380952380952,0.8779761904761905,6,0.10344827586206896,25.383219281671526,25.34600775378047,False
366,.SY-26.004ELTQPPSVSVSPGQTAR.,0.12337662337662338,0.03210130789796951,0.09127531547865386,3.8433519210108966,3.7665612435312483,1.0,0.3437940657729855,7.117437722419929e-05,7.117437722419929e-05,True,924,55356,.SYELTQPPSVSVSPGQTAR.,sp|A0A075B6K4|LV310_HUMAN;sp|P01717|LV325_HUMAN,"Y-26,2[Y->H/1]",Y-26[Y->H/1],50.74,3,A0A075B6K4,A0A075B6K4;P01717,2,False,62,0.18452380952380953,0.8154761904761905,16,0.27586206896551724,24.337972427806566,24.370606759155,False
367,.TFGQGTK-14.052VEIK.,0.1461038961038961,0.020593973553002385,0.12550992255089372,7.0944976076555015,3.728030837236877,0.7328125000000001,0.3428865314271167,8.70549316619e-05,8.70549316619e-05,True,924,55356,.TFGQGTKVEIK.,sp|A0A0A0MT89|KJ01_HUMAN,"K-14,7[K->N/1]",K-14[K->N/1],12.875,2,A0A0A0MT89,A0A0A0MT89,1,True,51,0.15178571428571427,0.8482142857142857,9,0.15517241379310345,24.084319866773047,24.015333190432962,False
368,.GLEWVAN-12.995IK.,0.9729437229437229,0.8771587542452489,0.09578496869847397,1.1091991252836462,3.56274663083853,1.0,0.3412575745154622,0.000173686495875,0.000173686495875,True,924,55356,.GLEWVANIK.,sp|P01780|HV307_HUMAN,"N-13,7[N->T/1]",N-13[N->T/1],1000.0,2,P01780,P01780,1,True,315,0.9375,0.0625,51,0.8793103448275862,24.23602667727313,24.255982786625935,False
369,.TTPPVLDSDGSFFLYS+14.016R.,0.21536796536796537,0.03755690440060698,0.17781106096735838,5.73444400717128,3.7668180071596233,0.5081125,0.34032455887705504,7.10732054016e-05,7.10732054016e-05,True,924,55356,.TTPPVLDSDGSFFLYSR.,sp|P01861|IGHG4_HUMAN;tr|A0A286YFJ8|A0A286YFJ8_HUMAN,"S+14,16[S->T/1]",S+14[S->T/1],6.883,2,P01861,P01861;A0A286YFJ8,2,False,68,0.20238095238095238,0.7976190476190477,10,0.1724137931034483,27.06130315060234,26.727626534489023,False
370,.A+15.995SSLESGVPSR.,0.12987012987012986,0.012645422357106728,0.11722470751302314,10.27012987012987,3.7130207182706285,0.7690750000000001,0.33474586768547115,9.36329588015e-05,9.36329588015e-05,True,924,55356,.ASSLESGVPSR.,sp|A0A0B4J2D9|KVD13_HUMAN;sp|P01602|KV105_HUMAN;sp|P0DP09|KV113_HUMAN,"A+16,1[A->S/1]",A+16[A->S/1],13.842,2,A0A0B4J2D9,A0A0B4J2D9;P01602;P0DP09,3,False,41,0.12202380952380952,0.8779761904761905,6,0.10344827586206896,24.90536349897678,24.98831470749258,False
371,.NTLY-76.031LQMNSLR.,0.9664502164502164,0.871594768408122,0.09485544804209445,1.1088297583696356,3.5153678701924393,1.0,0.33345179435988714,0.000205233453053,0.000205233453053,True,924,55356,.NTLYLQMNSLR.,sp|A0A0B4J1X5|HV374_HUMAN;sp|A0A0C4DH42|HV366_HUMAN;sp|P01764|HV323_HUMAN;sp|P01767|HV353_HUMAN;sp|P01768|HV330_HUMAN;sp|P01772|HV333_HUMAN;sp|P0DP02|HVC33_HUMAN;sp|P0DP03|HV335_HUMAN;tr|A0A075B7B8|A0A075B7B8_HUMAN;tr|A0A075B7E8|A0A075B7E8_HUMAN [further mapped to 1 additional proteins],"Y-76,4[Y->S/1]",Y-76[Y->S/1],1000.0,2,A0A0B4J1X5,A0A0B4J1X5;A0A0C4DH42;P01764;P01767;P01768;P01772;P0DP02;P0DP03;A0A075B7B8;A0A075B7E8,10,False,314,0.9345238095238095,0.06547619047619048,51,0.8793103448275862,26.02353247237904,25.990063510331353,False
372,.SGNTFRPEVHLLPPPSEELALNELV+31.972TLTC+57.021LAR.,0.11147186147186147,0.01683647662403353,0.09463538484782794,6.62085446742099,3.519036095512952,1.0,0.333025335192266,0.000202666186273,0.000202666186273,True,924,55356,.SGNTFRPEVHLLPPPSEELALNELVTLTCLAR.,sp|P01876|IGHA1_HUMAN;sp|P01877|IGHA2_HUMAN;tr|A0A0G2JMB2|A0A0G2JMB2_HUMAN;tr|A0A286YEY1|A0A286YEY1_HUMAN;tr|A0A286YEY5|A0A286YEY5_HUMAN,"V+32,25[V->M/1]",V+32[V->M/1],1000.0,4,P01876,P01876;P01877;A0A0G2JMB2;A0A286YEY1;A0A286YEY5,5,False,46,0.13690476190476192,0.8630952380952381,11,0.1896551724137931,25.546125811568295,25.178539403964024,False
373,.LD-0.984ELRDEGK.,0.974025974025974,0.888539634366645,0.08548633965932906,1.096209934090632,3.8920122240166988,1.0,0.3327138789405522,2.82294489612e-05,2.82294489612e-05,True,924,55356,.LDELRDEGK.,sp|P02768|ALBU_HUMAN;tr|A0A0C4DGB6|A0A0C4DGB6_HUMAN;tr|B7WNR0|B7WNR0_HUMAN;tr|D6RHD5|D6RHD5_HUMAN;tr|H0YA55|H0YA55_HUMAN,"D-1,2[D->N/1]",D-1[D->N/1],1000.0,2,P02768,P02768;A0A0C4DGB6;B7WNR0;D6RHD5;H0YA55,5,False,317,0.9434523809523809,0.05654761904761905,52,0.896551724137931,23.339890904450332,23.352625419332,False
374,.TDGGTT-30.011DYAAPVK.,0.10606060606060606,0.016926801069441434,0.08913380499116463,6.26583875036383,3.7130207182706285,1.0,0.33095566463048826,9.36329588015e-05,9.36329588015e-05,True,924,55356,.TDGGTTDYAAPVK.,sp|A0A0B4J1V0|HV315_HUMAN,"T-30,6[T->A/1]",T-30[T->A/1],1000.0,2,A0A0B4J1V0,A0A0B4J1V0,1,True,46,0.13690476190476192,0.8630952380952381,13,0.22413793103448276,23.548389445914182,23.41151954939902,False
375,.VVSVLTVLHQD-0.984.,0.15367965367965367,0.02328564202615796,0.1303940116534957,6.599760208759432,2.530158753153343,1.0,0.3299175499438712,0.00285013063099,0.00285013063099,True,924,55356,.VVSVLTVLHQD.,sp|P01857|IGHG1_HUMAN;sp|P01860|IGHG3_HUMAN;sp|P01861|IGHG4_HUMAN;tr|A0A0A0MS08|A0A0A0MS08_HUMAN;tr|A0A286YES1|A0A286YES1_HUMAN;tr|A0A286YFJ8|A0A286YFJ8_HUMAN,"D-1,11[D->N/1]",D-1[D->N/1],1000.0,2,P01857,P01857;P01860;P01861;A0A0A0MS08;A0A286YES1;A0A286YFJ8,6,False,54,0.16071428571428573,0.8392857142857143,9,0.15517241379310345,24.474486339737634,24.41453928784859,False
376,.EIVMTQSPATLSVSPGE-58.005R.,0.09632034632034632,0.00852662764650625,0.08779371867384007,11.296417565485363,3.734468029730839,1.0,0.3278628355986391,8.430281571404485e-05,8.430281571404485e-05,True,924,55356,.EIVMTQSPATLSVSPGER.,sp|A0A087WSY6|KVD15_HUMAN;sp|P01624|KV315_HUMAN,"E-58,17[E->A/1]",E-58[E->A/1],1000.0,2,A0A087WSY6,A0A087WSY6;P01624,2,False,34,0.10119047619047619,0.8988095238095238,6,0.10344827586206896,25.05345785213224,25.08470884381299,False
377,.SKTDGGT-30.011TDYAAPVK.,0.10281385281385282,0.014596430377917479,0.08821742243593533,7.043766876687669,3.7130207182706285,1.0,0.3275531172170601,9.36329588015e-05,9.36329588015e-05,True,924,55356,.SKTDGGTTDYAAPVK.,sp|A0A0B4J1V0|HV315_HUMAN,"T-30,7[T->A/1]",T-30[T->A/1],1000.0,2,A0A0B4J1V0,A0A0B4J1V0,1,True,43,0.12797619047619047,0.8720238095238095,11,0.1896551724137931,23.918980396764184,24.042788016058097,False
378,.EVQLVESGGGLVKPGG+72.021SLR.,0.1893939393939394,0.10121757352409856,0.08817636586984083,1.8711566855418365,3.6951416579566714,1.0,0.3258241627728777,0.000101770812131,0.000101770812131,True,924,55356,.EVQLVESGGGLVKPGGSLR.,sp|A0A0B4J1V0|HV315_HUMAN;sp|A0A0B4J1V1|HV321_HUMAN,"G+72,16[G->E/1]",G+72[G->E/1],1000.0,2,A0A0B4J1V0,A0A0B4J1V0;A0A0B4J1V1,2,False,108,0.32142857142857145,0.6785714285714286,34,0.5862068965517241,25.092954891789127,25.16796548097457,False
379,.IT-14.016INPDTSK.,0.1764069264069264,0.03233615145603006,0.14407077495089635,5.455408836973082,3.8212185101135083,0.591475,0.32562231380538287,5.09320566364e-05,5.09320566364e-05,True,924,55356,.ITINPDTSK.,sp|A0A0B4J1U7|HV601_HUMAN,"T-14,2[T->S/1]",T-14[T->S/1],9.106,2,A0A0B4J1U7,A0A0B4J1U7,1,True,63,0.1875,0.8125,12,0.20689655172413793,25.570163768327426,25.476411640893467,False
380,.NTLY-26.004LQMNSLR.,0.6287878787878788,0.36355589276681843,0.26523198602106035,1.7295494071146245,1.962667377569812,0.6244,0.3250390167323713,0.0107976441504,0.0107976441504,True,924,55356,.NTLYLQMNSLR.,sp|A0A0B4J1X5|HV374_HUMAN;sp|A0A0C4DH42|HV366_HUMAN;sp|P01764|HV323_HUMAN;sp|P01767|HV353_HUMAN;sp|P01768|HV330_HUMAN;sp|P01772|HV333_HUMAN;sp|P0DP02|HVC33_HUMAN;sp|P0DP03|HV335_HUMAN;tr|A0A075B7B8|A0A075B7B8_HUMAN;tr|A0A075B7E8|A0A075B7E8_HUMAN [further mapped to 1 additional proteins],"Y-26,4[Y->H/1]",Y-26[Y->H/1],9.984,2,A0A0B4J1X5,A0A0B4J1X5;A0A0C4DH42;P01764;P01767;P01768;P01772;P0DP02;P0DP03;A0A075B7B8;A0A075B7E8,10,False,204,0.6071428571428571,0.39285714285714285,33,0.5689655172413793,25.789525298440513,25.77375593602231,False
381,.TTPPVL-16.031DSDGSFFLYSK.,0.11363636363636363,0.02395404292217646,0.08968232071418718,4.743932538050185,3.7564957199410967,0.9550375,0.3217437809129755,7.51879699248e-05,7.51879699248e-05,True,924,55356,.TTPPVLDSDGSFFLYSK.,sp|P01857|IGHG1_HUMAN;tr|A0A0A0MS07|A0A0A0MS07_HUMAN;tr|A0A0A0MS08|A0A0A0MS08_HUMAN,"L-16,6[L->P/1]",L-16[L->P/1],18.801,3,P01857,P01857;A0A0A0MS07;A0A0A0MS08,3,False,54,0.16071428571428573,0.8392857142857143,13,0.22413793103448276,24.6833947417462,24.544205616299905,False
382,.LLIYA-14.016ASSLQSGVPSR.,0.9805194805194806,0.8941578148710166,0.08636166564846393,1.0965843659946335,3.7241745421899966,1.0,0.3216259166291337,8.872327211427557e-05,8.872327211427557e-05,True,924,55356,.LLIYAASSLQSGVPSR.,sp|A0A0C4DH72|KV106_HUMAN;sp|A0A0C4DH73|KV112_HUMAN;sp|P01597|KV139_HUMAN;sp|P01611|KV119_HUMAN;sp|P04432|KVD39_HUMAN;tr|A0A075B7D4|A0A075B7D4_HUMAN,"A-14,5[A->G/1]",A-14[A->G/1],1000.0,2,A0A0C4DH72,A0A0C4DH72;A0A0C4DH73;P01597;P01611;P04432;A0A075B7D4,6,False,318,0.9464285714285714,0.05357142857142857,52,0.896551724137931,25.544506321513623,25.579448134506194,False
383,.ASNLE-0.984TGVPSR.,0.09848484848484848,0.013169304140472578,0.08531554434437591,7.478363885771293,3.7665612435312483,1.0,0.3213462227982979,7.117437722419929e-05,7.117437722419929e-05,True,924,55356,.ASNLETGVPSR.,sp|P01593|KVD33_HUMAN;sp|P01594|KV102_HUMAN;tr|A0A2Q2TTZ9|A0A2Q2TTZ9_HUMAN,"E-1,5[E->Q/1]",E-1[E->Q/1],1000.0,2,P01593,P01593;P01594;A0A2Q2TTZ9,3,False,41,0.12202380952380952,0.8779761904761905,8,0.13793103448275862,23.384691015919987,23.73893117365071,False
384,.DS+27.011ERPSGIPER.,0.9805194805194806,0.8941578148710166,0.08636166564846393,1.0965843659946335,3.7130207182706325,1.0,0.32066265381710773,9.363295880149813e-05,9.363295880149813e-05,True,924,55356,.DSERPSGIPER.,sp|A0A075B6K0|LV316_HUMAN;sp|P01717|LV325_HUMAN;sp|P01718|LV327_HUMAN,"S+27,2[S->N/1]",S+27[S->N/1],21.029,2,A0A075B6K0,A0A075B6K0;P01717;P01718,3,False,318,0.9464285714285714,0.05357142857142857,52,0.896551724137931,28.19876938570627,28.17150853278961,False
385,.VTISV+29.974DTSK.,0.9805194805194806,0.8941578148710166,0.08636166564846393,1.0965843659946335,3.7130207182706325,1.0,0.32066265381710773,9.363295880149813e-05,9.363295880149813e-05,True,924,55356,.VTISVDTSK.,sp|A0A0C4DH41|HV461_HUMAN;sp|P01824|HV206_HUMAN;sp|P01825|HV459_HUMAN;sp|P06331|HV209_HUMAN;sp|P0DP06|HVD34_HUMAN;sp|P0DP07|HV431_HUMAN;sp|P0DP08|HVD82_HUMAN;tr|A0A0J9YWU9|A0A0J9YWU9_HUMAN,"V+30,5[V->E/1]",V+30[V->E/1],1000.0,2,A0A0C4DH41,A0A0C4DH41;P01824;P01825;P06331;P0DP06;P0DP07;P0DP08;A0A0J9YWU9,8,False,318,0.9464285714285714,0.05357142857142857,52,0.896551724137931,25.26343929434104,25.391037080267232,False
386,.NT+12.036LYLQMNSLR.,0.13528138528138528,0.017270033961991473,0.1180113513193938,7.833301635602891,3.7130207182706325,0.7293625,0.3195910336285367,9.363295880149813e-05,9.363295880149813e-05,True,924,55356,.NTLYLQMNSLR.,sp|A0A0B4J1X5|HV374_HUMAN;sp|A0A0C4DH42|HV366_HUMAN;sp|P01764|HV323_HUMAN;sp|P01767|HV353_HUMAN;sp|P01768|HV330_HUMAN;sp|P01772|HV333_HUMAN;sp|P0DP02|HVC33_HUMAN;sp|P0DP03|HV335_HUMAN;tr|A0A075B7B8|A0A075B7B8_HUMAN;tr|A0A075B7E8|A0A075B7E8_HUMAN [further mapped to 1 additional proteins],"T+12,2[T->IL/1]",T+12[T->IL/1],12.783,2,A0A0B4J1X5,A0A0B4J1X5;A0A0C4DH42;P01764;P01767;P01768;P01772;P0DP02;P0DP03;A0A075B7B8;A0A075B7E8,10,False,47,0.13988095238095238,0.8601190476190477,8,0.13793103448275862,24.433007714483047,24.35504248517338,False
387,.AVM-29.993DDFAAFVEK.,0.9805194805194806,0.8941578148710166,0.08636166564846393,1.0965843659946335,3.6952392908617657,1.0,0.3191270201284708,0.000101725457522,0.000101725457522,True,924,55356,.AVMDDFAAFVEK.,sp|P02768-2|ALBU_HUMAN;sp|P02768-3|ALBU_HUMAN;sp|P02768|ALBU_HUMAN;tr|A0A087WWT3|A0A087WWT3_HUMAN;tr|A0A0C4DGB6|A0A0C4DGB6_HUMAN;tr|B7WNR0|B7WNR0_HUMAN;tr|C9JKR2|C9JKR2_HUMAN;tr|D6RHD5|D6RHD5_HUMAN;tr|H0YA55|H0YA55_HUMAN,"M-30,3[M->T/1]",M-30[M->T/1],1000.0,2,P02768,P02768;A0A087WWT3;A0A0C4DGB6;B7WNR0;C9JKR2;D6RHD5;H0YA55,7,False,318,0.9464285714285714,0.05357142857142857,52,0.896551724137931,25.21147536702692,25.203580354881627,False
388,.EIVLTQSPGTLSLSPGE-14.016R.,0.9805194805194806,0.8941578148710166,0.08636166564846393,1.0965843659946335,3.69520852229676,1.0,0.31912436290394725,0.00010173974972,0.00010173974972,True,924,55356,.EIVLTQSPGTLSLSPGER.,sp|P01619|KV301_HUMAN,"E-14,17[E->D/1]",E-14[E->D/1],1000.0,2,P01619,P01619,1,True,318,0.9464285714285714,0.05357142857142857,52,0.896551724137931,27.318803586822025,27.33328599371374,False
389,.TDTSHHDQDH-23.016PTFNK.,0.10822510822510822,0.024044367367584363,0.08418074085752386,4.501058670855816,3.7870480343206743,1.0,0.3187965091921438,6.328713372571356e-05,6.328713372571356e-05,True,924,55356,.TDTSHHDQDHPTFNK.,sp|P01009-2|A1AT_HUMAN;sp|P01009-3|A1AT_HUMAN;sp|P01009|A1AT_HUMAN;tr|A0A024R6I7|A0A024R6I7_HUMAN;tr|A0A0B4J278|A0A0B4J278_HUMAN;tr|A0A0G2JRN3|A0A0G2JRN3_HUMAN;tr|G3V387|G3V387_HUMAN;tr|G3V544|G3V544_HUMAN;tr|G3V5R8|G3V5R8_HUMAN,"H-23,10[H->N/1]",H-23[H->N/1],35.542,3,P01009,P01009;A0A024R6I7;A0A0B4J278;A0A0G2JRN3;G3V387;G3V544;G3V5R8,7,False,54,0.16071428571428573,0.8392857142857143,13,0.22413793103448276,22.16980226963146,22.207266107070694,False
390,.TYYA-14.016DSVK.,0.09523809523809523,0.009791169882216923,0.0854469253558783,9.726937269372693,3.7130207182706325,1.0,0.3172662041589004,9.363295880149813e-05,9.363295880149813e-05,True,924,55356,.TYYADSVK.,sp|A0A075B6Q5|HV364_HUMAN;sp|A0A0B4J1X8|HV343_HUMAN;sp|A0A0C4DH42|HV366_HUMAN;sp|A0A0J9YX35|HV64D_HUMAN;sp|P01764|HV323_HUMAN;sp|P01767|HV353_HUMAN;sp|P0DP04|HV43D_HUMAN;tr|A0A075B7F0|A0A075B7F0_HUMAN,"A-14,4[A->G/1]",A-14[A->G/1],1000.0,2,A0A075B6Q5,A0A075B6Q5;A0A0B4J1X8;A0A0C4DH42;A0A0J9YX35;P01764;P01767;P0DP04;A0A075B7F0,8,False,36,0.10714285714285714,0.8928571428571429,8,0.13793103448275862,24.032852119441195,24.029376352769965,False
391,.SYELTQPPSVSV+14.016SPGQTAR.,0.09632034632034632,0.011091841896090759,0.08522850442425556,8.683891027539236,3.7130207182706325,1.0,0.31645520271448113,9.363295880149813e-05,9.363295880149813e-05,True,924,55356,.SYELTQPPSVSVSPGQTAR.,sp|A0A075B6K4|LV310_HUMAN;sp|P01717|LV325_HUMAN,"V+14,12[V->IL/1]",V+14[V->IL/1],1000.0,2,A0A075B6K4,A0A075B6K4;P01717,2,False,38,0.1130952380952381,0.8869047619047619,10,0.1724137931034483,25.142820915668175,25.533394225143496,False
392,.IPIEDGSGEVVLSRK+28.006.,0.9577922077922078,0.8548305513404147,0.102961656451793,1.1204468608314762,3.0667728503411564,1.0,0.31576001263251213,0.000757486220197,0.000757486220197,True,924,55356,.IPIEDGSGEVVLSRK.,sp|P01024|CO3_HUMAN,"K+28,15[K->R/1]",K+28[K->R/1],21.521,3,P01024,P01024,1,True,311,0.9255952380952381,0.0744047619047619,51,0.8793103448275862,27.630283652627607,27.605159485093687,False
393,.D-0.984IVMTQSPDSLAVSLGER.,0.09307359307359307,0.010477635667317003,0.08259595740627607,8.883072100313479,3.8206944605428004,1.0,0.31557391692538805,5.11142915559e-05,5.11142915559e-05,True,924,55356,.DIVMTQSPDSLAVSLGER.,sp|P06312|KV401_HUMAN,"D-1,1[D->N/1]",D-1[D->N/1],26.715,2,P06312,P06312,1,True,37,0.11011904761904762,0.8898809523809523,7,0.1206896551724138,25.120760575287825,25.34502999527864,False
394,.EI-14.016VM+15.995TQSPATLSVSPGER.,0.12987012987012986,0.019961702435147048,0.1099084274349828,6.505964623611682,3.6951639494615924,0.77155,0.3133493382469578,0.000101760455887,0.000101760455887,True,924,55356,.EIVMTQSPATLSVSPGER.,sp|A0A087WSY6|KVD15_HUMAN;sp|P01624|KV315_HUMAN,"I-14,2[I->V/1] & M+16,4[Oxidation]",I-14[I->V/1],13.908,2,A0A087WSY6,A0A087WSY6;P01624,2,False,50,0.1488095238095238,0.8511904761904762,9,0.15517241379310345,24.786054155291925,24.694141654422264,False
395,.E-14.016I-12.036VLTQSPGTLSLSPGER.,0.09307359307359307,0.008580822313750994,0.08449277075984207,10.8466985645933,3.69520852229676,1.0,0.31221840658423494,0.00010173974972,0.00010173974972,True,924,55356,.EIVLTQSPGTLSLSPGER.,sp|P01619|KV301_HUMAN,"E-14,1[E->D/1] & I-12,2[I->T/1]",E-14[E->D/1],31.34,2,P01619,P01619,1,True,34,0.10119047619047619,0.8988095238095238,8,0.13793103448275862,25.11209054264744,25.31652213262152,False
396,.FSGSGS+14.016GTDFTLK.,0.10822510822510822,0.012284124575475107,0.09594098364963312,8.810160427807485,3.2003650331986306,1.0,0.30704616932296735,0.000530427235027,0.000530427235027,True,924,55356,.FSGSGSGTDFTLK.,sp|A0A075B6P5|KV228_HUMAN;sp|A0A075B6S2|KVD29_HUMAN;sp|A0A075B6S6|KVD30_HUMAN;sp|A0A087WW87|KV240_HUMAN;sp|A0A0A0MRZ7|KVD26_HUMAN;sp|A2NJV5|KV229_HUMAN;sp|P01614|KVD40_HUMAN;sp|P01615|KV202_HUMAN;sp|P06310|KV230_HUMAN;tr|A0A087X0Q4|A0A087X0Q4_HUMAN,"S+14,6[S->T/1]",S+14[S->T/1],22.118,2,A0A075B6P5,A0A075B6P5;A0A075B6S2;A0A075B6S6;A0A087WW87;A0A0A0MRZ7;A2NJV5;P01614;P01615;P06310;A0A087X0Q4,10,False,40,0.11904761904761904,0.8809523809523809,10,0.1724137931034483,26.460031879698175,26.433270555246345,False
397,.ASS-30.011LESGVPSR.,0.9166666666666666,0.8003287809812848,0.11633788568538184,1.1453626165270974,3.5757557127826676,0.737875,0.3069529447197709,0.000165609917668,0.000165609917668,True,924,55356,.ASSLESGVPSR.,sp|A0A0B4J2D9|KVD13_HUMAN;sp|P01602|KV105_HUMAN;sp|P0DP09|KV113_HUMAN,"S-30,3[S->G/1]",S-30[S->G/1],13.01,2,A0A0B4J2D9,A0A0B4J2D9;P01602;P0DP09,3,False,301,0.8958333333333334,0.10416666666666667,50,0.8620689655172413,24.631911179723275,24.763182075509786,False
398,.LVRPEVDV+31.972MC+57.021TAFHDNEETFLK.,0.09415584415584416,0.015517739721078113,0.07863810443476604,6.067626203831093,3.892033811601206,1.0,0.30606216134033615,2.82230751863e-05,2.82230751863e-05,True,924,55356,.LVRPEVDVMCTAFHDNEETFLK.,sp|P02768-3|ALBU_HUMAN;sp|P02768|ALBU_HUMAN;tr|A0A087WWT3|A0A087WWT3_HUMAN;tr|A0A0C4DGB6|A0A0C4DGB6_HUMAN;tr|H7C013|H7C013_HUMAN,"V+32,8[V->M/1]",V+32[V->M/1],1000.0,3,P02768,P02768;A0A087WWT3;A0A0C4DGB6;H7C013,4,False,44,0.13095238095238096,0.8690476190476191,15,0.25862068965517243,27.97808656045899,27.76224652715681,False
399,.EIVMTQSPATL-14.016SVSPGER.,0.13095238095238096,0.014126743261796373,0.11682563769058459,9.269820971867007,2.594349474540679,1.0,0.30308653175544786,0.00244478165571,0.00244478165571,True,924,55356,.EIVMTQSPATLSVSPGER.,sp|A0A087WSY6|KVD15_HUMAN;sp|P01624|KV315_HUMAN,"L-14,11[L->V/1]",L-14[L->V/1],27.618,2,A0A087WSY6,A0A087WSY6;P01624,2,False,43,0.12797619047619047,0.8720238095238095,7,0.1206896551724138,24.975263030550153,24.86067943711077,False
400,.ASSLQS+14.016GVPSR.,0.13203463203463203,0.01568032372281234,0.1163543083118197,8.420402178466695,2.5860692762449458,1.0,0.30090030188392886,0.00249376558603,0.00249376558603,True,924,55356,.ASSLQSGVPSR.,sp|A0A075B6S4|KVD17_HUMAN;sp|A0A0B4J1Z2|KVD43_HUMAN;sp|A0A0C4DH72|KV106_HUMAN;sp|A0A0C4DH73|KV112_HUMAN;sp|P01597|KV139_HUMAN;sp|P01599|KV117_HUMAN;sp|P01601|KVD16_HUMAN;sp|P01611|KV119_HUMAN;sp|P04432|KVD39_HUMAN;tr|A0A075B7D4|A0A075B7D4_HUMAN,"S+14,6[S->T/1]",S+14[S->T/1],1000.0,2,A0A075B6S4,A0A075B6S4;A0A0B4J1Z2;A0A0C4DH72;A0A0C4DH73;P01597;P01599;P01601;P01611;P04432;A0A075B7D4,10,False,45,0.13392857142857142,0.8660714285714286,8,0.13793103448275862,24.512417557906588,24.540341386591958,False
401,.NSL-14.016YLQMNSLR.,0.9523809523809523,0.8605390562901943,0.09184189609075799,1.106726005542027,3.2740996526165285,1.0,0.30069952008639406,0.000431986176442,0.000431986176442,True,924,55356,.NSLYLQMNSLR.,sp|A0A0B4J1V1|HV321_HUMAN;sp|A0A0B4J1X8|HV343_HUMAN;sp|A0A0C4DH32|HV320_HUMAN;sp|P01762|HV301_HUMAN;sp|P01763|HV302_HUMAN;sp|P01766|HV313_HUMAN;sp|P01780|HV307_HUMAN;sp|P01782|HV309_HUMAN;sp|P0DP04|HV43D_HUMAN;tr|A0A075B7F0|A0A075B7F0_HUMAN [further mapped to 2 additional proteins],"L-14,3[L->V/1]",L-14[L->V/1],1000.0,2,A0A0B4J1V1,A0A0B4J1V1;A0A0B4J1X8;A0A0C4DH32;P01762;P01763;P01766;P01780;P01782;P0DP04;A0A075B7F0,10,False,312,0.9285714285714286,0.07142857142857142,52,0.896551724137931,25.76759513399587,25.72471292603935,False
402,.DIVMTQSPDSLAVS+14.016LGER.,0.10714285714285714,0.008960184984464195,0.09818267215839294,11.95766129032258,3.0618096591796884,1.0,0.3006166539786402,0.000767341927563,0.000767341927563,True,924,55356,.DIVMTQSPDSLAVSLGER.,sp|P06312|KV401_HUMAN,"S+14,14[S->T/1]",S+14[S->T/1],1000.0,2,P06312,P06312,1,True,35,0.10416666666666667,0.8958333333333334,6,0.10344827586206896,25.0889720996696,24.830564857438546,False
403,.LLIY-76.031GASSR.,0.9805194805194806,0.8941578148710166,0.08636166564846393,1.0965843659946335,3.4740859297856423,1.0,0.3000278475021806,0.000235671191554,0.000235671191554,True,924,55356,.LLIYGASSR.,sp|P01619|KV301_HUMAN,"Y-76,4[Y->S/1]",Y-76[Y->S/1],1000.0,2,P01619,P01619,1,True,318,0.9464285714285714,0.05357142857142857,52,0.896551724137931,26.810049726492217,26.785957013585907,False
404,.DVFLGMFLYEYARR-28.006.,0.09415584415584416,0.013982224149143725,0.08017362000670043,6.733967582804792,3.7285926927219393,1.0,0.2989347737060487,8.68130914142e-05,8.68130914142e-05,True,924,55356,.DVFLGMFLYEYARR.,sp|P02768-2|ALBU_HUMAN;sp|P02768|ALBU_HUMAN;tr|A0A0C4DGB6|A0A0C4DGB6_HUMAN;tr|B7WNR0|B7WNR0_HUMAN;tr|C9JKR2|C9JKR2_HUMAN;tr|D6RHD5|D6RHD5_HUMAN;tr|H0YA55|H0YA55_HUMAN,"R-28,14[R->K/1]",R-28[R->K/1],24.281,3,P02768,P02768;A0A0C4DGB6;B7WNR0;C9JKR2;D6RHD5;H0YA55,6,False,42,0.125,0.875,9,0.15517241379310345,22.343295557558463,21.912528023625182,False
405,.PGQAPVLVI+17.956YK.,0.10822510822510822,0.010224727220174867,0.09800038100493336,10.584645036941858,3.597656850627967,0.8432875,0.297319342954811,0.000152547543985,0.000152547543985,True,924,55356,.PGQAPVLVIYK.,sp|P01717|LV325_HUMAN;sp|P01718|LV327_HUMAN,"I+18,9[I->M/1]",I+18[I->M/1],15.821,2,P01717,P01717;P01718,2,False,37,0.11011904761904762,0.8898809523809523,6,0.10344827586206896,23.686897682307034,23.69098771030559,False
406,.NYLAWYQQ+9.000K.,0.3906926406926407,0.13573957655899993,0.25495306413364077,2.878251506279188,1.1655858984879297,1.0,0.2971696963304604,0.0681989617074,0.0681989617074,True,924,55356,.NYLAWYQQK.,sp|A0A075B6S5|KV127_HUMAN;sp|P06312|KV401_HUMAN,"Q+9,8[Q->H/1]",Q+9[Q->H/1],1000.0,2,A0A075B6S5,A0A075B6S5;P06312,2,False,126,0.375,0.625,20,0.3448275862068966,24.616888239032985,24.58844855743674,False
407,.KGDTFSC+57.021MV+31.972GHEALPLAFTQK.,0.10064935064935066,0.017017125514849338,0.08363222513450132,5.914591777649103,3.519036095512952,1.0,0.29430481899637567,0.000202666186273,0.000202666186273,True,924,55356,.KGDTFSCMVGHEALPLAFTQK.,sp|P01876|IGHA1_HUMAN;tr|A0A0G2JMB2|A0A0G2JMB2_HUMAN;tr|A0A286YEY1|A0A286YEY1_HUMAN,"V+32,9[V->M/1]",V+32[V->M/1],62.451,3,P01876,P01876;A0A0G2JMB2;A0A286YEY1,3,False,46,0.13690476190476192,0.8630952380952381,14,0.2413793103448276,25.23287889167621,24.973753646605434,False
408,.NY-26.004LAWYQQK.,0.1038961038961039,0.009646650769564275,0.09424945312653962,10.770173646578142,3.5167270793315137,0.8842375,0.293080169236658,0.000204279658853,0.000204279658853,True,924,55356,.NYLAWYQQK.,sp|A0A075B6S5|KV127_HUMAN;sp|P06312|KV401_HUMAN,"Y-26,2[Y->H/1]",Y-26[Y->H/1],16.913,2,A0A075B6S5,A0A075B6S5;P06312,2,False,36,0.10714285714285714,0.8928571428571429,6,0.10344827586206896,24.39135184832155,24.256066185193223,False
409,.LLIY-76.031DASNR.,0.9805194805194806,0.8941578148710166,0.08636166564846393,1.0965843659946335,3.3923432114224044,1.0,0.29296841018969805,0.00030518819939,0.00030518819939,True,924,55356,.LLIYDASNR.,sp|A0A0A0MRZ8|KVD11_HUMAN;sp|P04433|KV311_HUMAN,"Y-76,4[Y->S/1]",Y-76[Y->S/1],1000.0,2,A0A0A0MRZ8,A0A0A0MRZ8;P04433,2,False,318,0.9464285714285714,0.05357142857142857,52,0.896551724137931,27.005311777021774,26.948066325311313,False
410,.LLIYG+58.005ASTR.,0.15476190476190477,0.07139244165040827,0.0833694631114965,2.1677631578947367,3.4685308927002536,1.0,0.2891695583100598,0.000239992320246,0.000239992320246,True,924,55356,.LLIYGASTR.,sp|A0A0C4DH55|KVD07_HUMAN;sp|P01624|KV315_HUMAN;tr|A0A075B6H7|A0A075B6H7_HUMAN;tr|A0A0C4DH90|A0A0C4DH90_HUMAN,"G+58,5[G->D/1]",G+58[G->D/1],1000.0,2,A0A0C4DH55,A0A0C4DH55;P01624;A0A075B6H7;A0A0C4DH90,4,False,91,0.2708333333333333,0.7291666666666666,37,0.6379310344827587,27.69809328399749,26.821229743598842,False
411,.QK+28.006LHELQEK.,0.23160173160173161,0.1294710600476913,0.10213067155404032,1.7888301178380712,3.8920176217262656,0.72055,0.28641457075845883,2.82278552476e-05,2.82278552476e-05,True,924,55356,.QKLHELQEK.,sp|P02647|APOA1_HUMAN;tr|F8W696|F8W696_HUMAN,"K+28,2[K->R/1]",K+28[K->R/1],12.548,2,P02647,P02647;F8W696,2,False,122,0.3630952380952381,0.6369047619047619,32,0.5517241379310345,27.850657811037788,27.40869717010588,False
412,.LLIYDNN-12.995K.,0.15367965367965367,0.02138882867259195,0.1322908250070617,7.185042997542997,3.72857517101579,0.5806375,0.28640309645721457,8.68206285814e-05,8.68206285814e-05,True,924,55356,.LLIYDNNK.,sp|P01701|LV103_HUMAN,"N-13,7[N->T/1]",N-13[N->T/1],8.817,2,P01701,P01701,1,True,52,0.15476190476190477,0.8452380952380952,10,0.1724137931034483,25.40434436580778,25.64684892400746,False
413,.LMIYEVS+14.016K.,0.9805194805194806,0.8941578148710166,0.08636166564846393,1.0965843659946335,3.309190289105405,1.0,0.2857871853148647,0.000390692828616,0.000390692828616,True,924,55356,.LMIYEVSK.,sp|P01709|LV208_HUMAN,"S+14,7[S->T/1]",S+14[S->T/1],1000.0,2,P01709,P01709,1,True,318,0.9464285714285714,0.05357142857142857,52,0.896551724137931,26.971317529409774,27.03269638001582,False
414,.EVQ+9.000LVESGGGLVQPGGSLR.,0.9805194805194806,0.8941578148710166,0.08636166564846393,1.0965843659946335,3.3089800614205167,1.0,0.28576902970183227,0.000390930414386,0.000390930414386,True,924,55356,.EVQLVESGGGLVQPGGSLR.,sp|A0A0B4J1X5|HV374_HUMAN;sp|A0A0B4J1Y9|HV372_HUMAN;sp|A0A0J9YX35|HV64D_HUMAN;sp|P01763|HV302_HUMAN;sp|P01764|HV323_HUMAN;sp|P01766|HV313_HUMAN;sp|P01780|HV307_HUMAN;tr|A0A075B7D8|A0A075B7D8_HUMAN;tr|A0A075B7E8|A0A075B7E8_HUMAN;tr|A0A075B7F1|A0A075B7F1_HUMAN [further mapped to 5 additional proteins],"Q+9,3[Q->H/1]",Q+9[Q->H/1],28.625,2,A0A0B4J1X5,A0A0B4J1X5;A0A0B4J1Y9;A0A0J9YX35;P01763;P01764;P01766;P01780;A0A075B7D8;A0A075B7E8;A0A075B7F1,10,False,318,0.9464285714285714,0.05357142857142857,52,0.896551724137931,27.69681129192427,27.67899196663608,False
415,.L-14.016NSDGSHSKGDGIPDR.,0.09848484848484848,0.010387311221909097,0.08809753726293938,9.481264822134388,3.597683527169159,0.8998375000000001,0.2852008488385217,0.000152532031727,0.000152532031727,True,924,55356,.LNSDGSHSKGDGIPDR.,sp|A0A075B6H9|LV469_HUMAN,"L-14,1[L->V/1]",L-14[L->V/1],17.329,3,A0A075B6H9,A0A075B6H9,1,True,37,0.11011904761904762,0.8898809523809523,7,0.1206896551724138,22.58212635796564,22.56894230797455,False
416,.INPNSGG+42.047TNYAQK.,0.10173160173160173,0.009682780547727437,0.0920488211838743,10.506445047489823,3.0875136362874738,1.0,0.28420199060939916,0.000717497369176,0.000717497369176,True,924,55356,.INPNSGGTNYAQK.,sp|P23083|HV103_HUMAN;tr|A0A075B7D0|A0A075B7D0_HUMAN,"G+42,7[G->V/1]",G+42[G->V/1],26.736,2,P23083,P23083;A0A075B7D0,2,False,36,0.10714285714285714,0.8928571428571429,7,0.1206896551724138,24.476084244986648,24.297650136196708,False
417,.TLIYDTSNK+28.006.,0.13744588744588745,0.01479514415781487,0.12265074328807259,9.289932289932292,3.8214570424370207,0.6041124999999999,0.283150275467301,5.08491813282e-05,5.08491813282e-05,True,924,55356,.TLIYDTSNK.,sp|A0A075B6I9|LV746_HUMAN,"K+28,9[K->R/1]",K+28[K->R/1],9.443,2,A0A075B6I9,A0A075B6I9,1,True,44,0.13095238095238096,0.8690476190476191,7,0.1206896551724138,24.319599210545206,24.41017319042948,False
418,.VTVL-14.016GQPK.,0.9805194805194806,0.8941578148710166,0.08636166564846393,1.0965843659946335,3.2723748664361216,1.0,0.2826077440915931,0.000434103142907,0.000434103142907,True,924,55356,.VTVLGQPK.,sp|B9A064|IGLL5_HUMAN;tr|A0A0B4J231|A0A0B4J231_HUMAN,"L-14,4[L->V/1]",L-14[L->V/1],1000.0,2,B9A064,B9A064;A0A0B4J231,2,False,318,0.9464285714285714,0.05357142857142857,52,0.896551724137931,27.12410431344346,27.039945587564524,False
419,.EVQLV-28.031ESGGGLVQPGGSLR.,0.09199134199134198,0.013277693474962063,0.07871364851637992,6.9282622139765,3.570884886408674,1.0,0.2810773778412256,0.000168605631428,0.000168605631428,True,924,55356,.EVQLVESGGGLVQPGGSLR.,sp|A0A0B4J1X5|HV374_HUMAN;sp|A0A0B4J1Y9|HV372_HUMAN;sp|A0A0J9YX35|HV64D_HUMAN;sp|P01763|HV302_HUMAN;sp|P01764|HV323_HUMAN;sp|P01766|HV313_HUMAN;sp|P01780|HV307_HUMAN;tr|A0A075B7D8|A0A075B7D8_HUMAN;tr|A0A075B7E8|A0A075B7E8_HUMAN;tr|A0A075B7F1|A0A075B7F1_HUMAN [further mapped to 5 additional proteins],"V-28,5[V->A/1]",V-28[V->A/1],30.851,2,A0A0B4J1X5,A0A0B4J1X5;A0A0B4J1Y9;A0A0J9YX35;P01763;P01764;P01766;P01780;A0A075B7D8;A0A075B7E8;A0A075B7F1,10,False,41,0.12202380952380952,0.8779761904761905,16,0.27586206896551724,25.036460098685918,25.21670873132613,False
420,.DIQMTQSPSSLSA+30.011SVGDR.,0.10281385281385282,0.010315051665582773,0.09249880114827004,9.96736188505015,3.0365535544210682,1.0,0.28087756340646697,0.000819277108434,0.000819277108434,True,924,55356,.DIQMTQSPSSLSASVGDR.,sp|A0A075B6S5|KV127_HUMAN;sp|P01593|KVD33_HUMAN;sp|P01594|KV102_HUMAN;sp|P01597|KV139_HUMAN;sp|P01599|KV117_HUMAN;sp|P01601|KVD16_HUMAN;sp|P04430|KV116_HUMAN;sp|P04432|KVD39_HUMAN;tr|A0A0G2JRQ6|A0A0G2JRQ6_HUMAN;tr|A0A2Q2TTZ9|A0A2Q2TTZ9_HUMAN,"A+30,13[A->T/1]",A+30[A->T/1],1000.0,2,A0A075B6S5,A0A075B6S5;P01593;P01594;P01597;P01599;P01601;P04430;P04432;A0A0G2JRQ6;A0A2Q2TTZ9,10,False,37,0.11011904761904762,0.8898809523809523,7,0.1206896551724138,24.225069057980175,24.189296903318887,False
421,.K+28.006VPQVSTPTLVEVSR.,0.13528138528138528,0.05921670640942265,0.07606467887196264,2.284513838815242,3.6751838407004596,1.0,0.27955167863830677,0.000111259457054,0.000111259457054,True,924,55356,.KVPQVSTPTLVEVSR.,sp|P02768-2|ALBU_HUMAN;sp|P02768-3|ALBU_HUMAN;sp|P02768|ALBU_HUMAN;tr|A0A087WWT3|A0A087WWT3_HUMAN;tr|A0A0C4DGB6|A0A0C4DGB6_HUMAN;tr|B7WNR0|B7WNR0_HUMAN;tr|C9JKR2|C9JKR2_HUMAN;tr|D6RHD5|D6RHD5_HUMAN;tr|H0YA55|H0YA55_HUMAN,"K+28,1[K->R/1]",K+28[K->R/1],1000.0,2,P02768,P02768;A0A087WWT3;A0A0C4DGB6;B7WNR0;C9JKR2;D6RHD5;H0YA55,7,False,83,0.24702380952380953,0.7529761904761905,28,0.4827586206896552,26.585345168691962,26.307935096630413,False
422,.VVSV+14.016LTVLHQDWLNGK.,0.21753246753246752,0.05061781920659007,0.16691464832587743,4.2975472065407825,1.665054195152755,1.0,0.27792193542744903,0.0215244865719,0.0215244865719,True,924,55356,.VVSVLTVLHQDWLNGK.,sp|P01857|IGHG1_HUMAN;sp|P01860|IGHG3_HUMAN;sp|P01861|IGHG4_HUMAN;tr|A0A0A0MS08|A0A0A0MS08_HUMAN;tr|A0A286YES1|A0A286YES1_HUMAN;tr|A0A286YFJ8|A0A286YFJ8_HUMAN,"V+14,4[V->IL/1]",V+14[V->IL/1],1000.0,3,P01857,P01857;P01860;P01861;A0A0A0MS08;A0A286YES1;A0A286YFJ8,6,False,78,0.23214285714285715,0.7678571428571429,15,0.25862068965517243,23.423770427127817,23.206522589004628,False
423,.LLIY-76.031WASTR.,0.9805194805194806,0.8941578148710166,0.08636166564846393,1.0965843659946335,3.169674150260779,1.0,0.2737383391794004,0.000576590428599,0.000576590428599,True,924,55356,.LLIYWASTR.,sp|P06312|KV401_HUMAN,"Y-76,4[Y->S/1]",Y-76[Y->S/1],1000.0,2,P06312,P06312,1,True,318,0.9464285714285714,0.05357142857142857,52,0.896551724137931,25.876315652257468,25.883466568639147,False
424,.LLIYD+22.032ASNR.,0.14177489177489178,0.018010694414336295,0.12376419736055548,7.871706027172427,3.843293961807426,0.57445,0.2732441464263431,4.34518119406e-05,4.34518119406e-05,True,924,55356,.LLIYDASNR.,sp|A0A0A0MRZ8|KVD11_HUMAN;sp|P04433|KV311_HUMAN,"D+22,5[D->H/1]",D+22[D->H/1],8.652,3,A0A0A0MRZ8,A0A0A0MRZ8;P04433,2,False,48,0.14285714285714285,0.8571428571428571,8,0.13793103448275862,23.931623465726418,23.718378914764955,False
425,.YLYEIARR-28.006.,0.8268398268398268,0.7275995375388395,0.09924028930098727,1.1363941071714738,3.7285926927219393,0.727,0.26900935093069506,8.68130914142e-05,8.68130914142e-05,True,924,55356,.YLYEIARR.,sp|P02768|ALBU_HUMAN;tr|A0A0C4DGB6|A0A0C4DGB6_HUMAN;tr|B7WNR0|B7WNR0_HUMAN;tr|D6RHD5|D6RHD5_HUMAN;tr|H0YA55|H0YA55_HUMAN;tr|H7C013|H7C013_HUMAN,"R-28,8[R->K/1]",R-28[R->K/1],12.72,3,P02768,P02768;A0A0C4DGB6;B7WNR0;D6RHD5;H0YA55;H7C013,6,False,287,0.8541666666666666,0.14583333333333334,51,0.8793103448275862,27.61480884656749,27.62577429078725,False
426,.EV+29.974QLVESGGGLVQPGGSLR.,0.9415584415584416,0.8495014090613484,0.09205703249709318,1.108365956212846,2.908716766956355,1.0,0.267767833940541,0.00113390928726,0.00113390928726,True,924,55356,.EVQLVESGGGLVQPGGSLR.,sp|A0A0B4J1X5|HV374_HUMAN;sp|A0A0B4J1Y9|HV372_HUMAN;sp|A0A0J9YX35|HV64D_HUMAN;sp|P01763|HV302_HUMAN;sp|P01764|HV323_HUMAN;sp|P01766|HV313_HUMAN;sp|P01780|HV307_HUMAN;tr|A0A075B7D8|A0A075B7D8_HUMAN;tr|A0A075B7E8|A0A075B7E8_HUMAN;tr|A0A075B7F1|A0A075B7F1_HUMAN [further mapped to 5 additional proteins],"V+30,2[V->E/1]",V+30[V->E/1],59.228,3,A0A0B4J1X5,A0A0B4J1X5;A0A0B4J1Y9;A0A0J9YX35;P01763;P01764;P01766;P01780;A0A075B7D8;A0A075B7E8;A0A075B7F1,10,False,310,0.9226190476190477,0.07738095238095238,52,0.896551724137931,25.938262762134734,25.951520874730747,False
427,.AEFA+15.995EVSK.,0.13636363636363635,0.02969867765011923,0.10666495871351712,4.591572660915726,3.7665612435312483,0.6635125,0.26657284804151854,7.117437722419929e-05,7.117437722419929e-05,True,924,55356,.AEFAEVSK.,sp|P02768-2|ALBU_HUMAN;sp|P02768|ALBU_HUMAN;tr|A0A0C4DGB6|A0A0C4DGB6_HUMAN;tr|B7WNR0|B7WNR0_HUMAN;tr|C9JKR2|C9JKR2_HUMAN;tr|D6RHD5|D6RHD5_HUMAN;tr|H0YA55|H0YA55_HUMAN,"A+16,4[A->S/1]",A+16[A->S/1],11.027,2,P02768,P02768;A0A0C4DGB6;B7WNR0;C9JKR2;D6RHD5;H0YA55,6,False,60,0.17857142857142858,0.8214285714285714,17,0.29310344827586204,24.53511249712131,24.451174553103897,False
428,.VTISV-28.031DTSK.,0.9805194805194806,0.8941578148710166,0.08636166564846393,1.0965843659946335,3.6723902511236783,0.83545,0.26496609124606424,0.000112622758807,0.000112622758807,True,924,55356,.VTISVDTSK.,sp|A0A0C4DH41|HV461_HUMAN;sp|P01824|HV206_HUMAN;sp|P01825|HV459_HUMAN;sp|P06331|HV209_HUMAN;sp|P0DP06|HVD34_HUMAN;sp|P0DP07|HV431_HUMAN;sp|P0DP08|HVD82_HUMAN;tr|A0A0J9YWU9|A0A0J9YWU9_HUMAN,"V-28,5[V->A/1]",V-28[V->A/1],15.612,2,A0A0C4DH41,A0A0C4DH41;P01824;P01825;P06331;P0DP06;P0DP07;P0DP08;A0A0J9YWU9,8,False,318,0.9464285714285714,0.05357142857142857,52,0.896551724137931,26.296980888414822,26.260408051578196,False
429,.FS+14.016GSGSGTDFTLK.,0.09199134199134198,0.009213093431606329,0.08277824855973566,9.984848484848484,3.2003650331986306,1.0,0.2649206122000029,0.000530427235027,0.000530427235027,True,924,55356,.FSGSGSGTDFTLK.,sp|A0A075B6P5|KV228_HUMAN;sp|A0A075B6S2|KVD29_HUMAN;sp|A0A075B6S6|KVD30_HUMAN;sp|A0A087WW87|KV240_HUMAN;sp|A0A0A0MRZ7|KVD26_HUMAN;sp|A2NJV5|KV229_HUMAN;sp|P01614|KVD40_HUMAN;sp|P01615|KV202_HUMAN;sp|P06310|KV230_HUMAN;tr|A0A087X0Q4|A0A087X0Q4_HUMAN,"S+14,2[S->T/1]",S+14[S->T/1],1000.0,2,A0A075B6P5,A0A075B6P5;A0A075B6S2;A0A075B6S6;A0A087WW87;A0A0A0MRZ7;A2NJV5;P01614;P01615;P06310;A0A087X0Q4,10,False,35,0.10416666666666667,0.8958333333333334,10,0.1724137931034483,25.89835662046449,25.957953297506656,False
430,.SSQSV+14.016LYSSNNK.,0.9805194805194806,0.8941578148710166,0.08636166564846393,1.0965843659946335,3.0610865671861194,1.0,0.26436053463633186,0.000768787238132,0.000768787238132,True,924,55356,.SSQSVLYSSNNK.,sp|P06312|KV401_HUMAN,"V+14,5[V->IL/1]",V+14[V->IL/1],1000.0,2,P06312,P06312,1,True,318,0.9464285714285714,0.05357142857142857,52,0.896551724137931,24.675525745567676,24.72205568168962,False
431,.STSGGTAALGC+57.021LV+31.972K.,0.8268398268398268,0.6373654165763423,0.18947441026348455,1.2972775198272617,1.3907435270473072,1.0,0.263510309615047,0.0405683425485,0.0405683425485,True,924,55356,.STSGGTAALGCLVK.,sp|P01857|IGHG1_HUMAN;sp|P01860|IGHG3_HUMAN;tr|A0A0A0MS07|A0A0A0MS07_HUMAN;tr|A0A0A0MS08|A0A0A0MS08_HUMAN;tr|A0A286YES1|A0A286YES1_HUMAN,"V+32,13[V->M/1]",V+32[V->M/1],1000.0,2,P01857,P01857;P01860;A0A0A0MS07;A0A0A0MS08;A0A286YES1,5,False,269,0.8005952380952381,0.19940476190476192,45,0.7758620689655172,27.803935641818725,27.786994614263254,False
432,.VTI-12.036SVDTSK.,0.8376623376623377,0.711973408483272,0.1256889291790657,1.1765359881162174,3.7130207182706325,0.5628625,0.26267982246006666,9.363295880149813e-05,9.363295880149813e-05,True,924,55356,.VTISVDTSK.,sp|A0A0C4DH41|HV461_HUMAN;sp|P01824|HV206_HUMAN;sp|P01825|HV459_HUMAN;sp|P06331|HV209_HUMAN;sp|P0DP06|HVD34_HUMAN;sp|P0DP07|HV431_HUMAN;sp|P0DP08|HVD82_HUMAN;tr|A0A0J9YWU9|A0A0J9YWU9_HUMAN,"I-12,3[I->T/1]",I-12[I->T/1],8.343,2,A0A0C4DH41,A0A0C4DH41;P01824;P01825;P06331;P0DP06;P0DP07;P0DP08;A0A0J9YWU9,8,False,284,0.8452380952380952,0.15476190476190477,50,0.8620689655172413,24.850078010954356,24.85442501686605,False
433,.SYELTQPPS+14.016VSVSPGQTAR.,0.08658008658008658,0.01058602500180649,0.07599406157828009,8.178715482469748,3.4431406496301453,1.0,0.2616582425506726,0.000260461885744,0.000260461885744,True,924,55356,.SYELTQPPSVSVSPGQTAR.,sp|A0A075B6K4|LV310_HUMAN;sp|P01717|LV325_HUMAN,"S+14,9[S->T/1]",S+14[S->T/1],1000.0,2,A0A075B6K4,A0A075B6K4;P01717,2,False,37,0.11011904761904762,0.8898809523809523,10,0.1724137931034483,24.311425156023812,24.269887353422174,False
434,.LLD-0.984NWDSVTSTFSK.,0.07792207792207792,0.008833730760893128,0.0690883471611848,8.820970440602343,3.7241745421899966,1.0,0.2572970636596689,8.872327211427557e-05,8.872327211427557e-05,True,924,55356,.LLDNWDSVTSTFSK.,sp|P02647|APOA1_HUMAN;tr|F8W696|F8W696_HUMAN,"D-1,3[D->N/1]",D-1[D->N/1],1000.0,2,P02647,P02647;F8W696,2,False,34,0.10119047619047619,0.8988095238095238,8,0.13793103448275862,22.197963391860828,22.336651183880743,False
435,.KL-14.016DELRDEGK.,0.10064935064935066,0.03248067056868271,0.06816868008066795,3.0987460815047023,3.7665612435312483,0.999925,0.25674225130139344,7.117437722419929e-05,7.117437722419929e-05,True,924,55356,.KLDELRDEGK.,sp|P02768|ALBU_HUMAN;tr|A0A0C4DGB6|A0A0C4DGB6_HUMAN;tr|B7WNR0|B7WNR0_HUMAN;tr|D6RHD5|D6RHD5_HUMAN;tr|H0YA55|H0YA55_HUMAN,"L-14,2[L->V/1]",L-14[L->V/1],19.998,3,P02768,P02768;A0A0C4DGB6;B7WNR0;D6RHD5;H0YA55,5,False,62,0.18452380952380953,0.8154761904761905,18,0.3103448275862069,24.79748341363829,24.462285396588765,False
436,.LLI-14.016YGASSR.,0.1829004329004329,0.039327263530601925,0.14357316936983097,4.650728692529335,3.695253081568282,0.48306249999999995,0.2562835906307257,0.000101719051978,0.000101719051978,True,924,55356,.LLIYGASSR.,sp|P01619|KV301_HUMAN,"I-14,3[I->V/1]",I-14[I->V/1],6.215,2,P01619,P01619,1,True,69,0.20535714285714285,0.7946428571428571,16,0.27586206896551724,25.289894495369698,25.441893066058398,False
437,.L-14.016EGSGSYNK.,0.0854978354978355,0.011272490786906569,0.07422534471092894,7.584644522144522,3.4507268564498768,1.0,0.2561313904232523,0.000254220052878,0.000254220052878,True,924,55356,.LEGSGSYNK.,sp|A0A075B6I1|LV460_HUMAN,"L-14,1[L->V/1]",L-14[L->V/1],1000.0,2,A0A075B6I1,A0A075B6I1,1,True,38,0.1130952380952381,0.8869047619047619,8,0.13793103448275862,22.25663804016179,21.971622999670544,False
438,.EVQLVESGGG+58.005LVQPGGSLR.,0.9805194805194806,0.8941578148710166,0.08636166564846393,1.0965843659946335,2.9605224649339457,1.0,0.2556756512613917,0.000995159904103,0.000995159904103,True,924,55356,.EVQLVESGGGLVQPGGSLR.,sp|A0A0B4J1X5|HV374_HUMAN;sp|A0A0B4J1Y9|HV372_HUMAN;sp|A0A0J9YX35|HV64D_HUMAN;sp|P01763|HV302_HUMAN;sp|P01764|HV323_HUMAN;sp|P01766|HV313_HUMAN;sp|P01780|HV307_HUMAN;tr|A0A075B7D8|A0A075B7D8_HUMAN;tr|A0A075B7E8|A0A075B7E8_HUMAN;tr|A0A075B7F1|A0A075B7F1_HUMAN [further mapped to 5 additional proteins],"G+58,10[G->D/1]",G+58[G->D/1],1000.0,2,A0A0B4J1X5,A0A0B4J1X5;A0A0B4J1Y9;A0A0J9YX35;P01763;P01764;P01766;P01780;A0A075B7D8;A0A075B7E8;A0A075B7F1,10,False,318,0.9464285714285714,0.05357142857142857,52,0.896551724137931,26.97104143121419,26.943352005402097,False
439,.EVQLVESGGGLVQPGG+72.021SLR.,0.5313852813852814,0.3258364043644772,0.2055488770208042,1.6308345975696423,1.222845183141805,1.0,0.25135445416509766,0.0597624954248,0.0597624954248,True,924,55356,.EVQLVESGGGLVQPGGSLR.,sp|A0A0B4J1X5|HV374_HUMAN;sp|A0A0B4J1Y9|HV372_HUMAN;sp|A0A0J9YX35|HV64D_HUMAN;sp|P01763|HV302_HUMAN;sp|P01764|HV323_HUMAN;sp|P01766|HV313_HUMAN;sp|P01780|HV307_HUMAN;tr|A0A075B7D8|A0A075B7D8_HUMAN;tr|A0A075B7E8|A0A075B7E8_HUMAN;tr|A0A075B7F1|A0A075B7F1_HUMAN [further mapped to 5 additional proteins],"G+72,16[G->E/1]",G+72[G->E/1],1000.0,2,A0A0B4J1X5,A0A0B4J1X5;A0A0B4J1Y9;A0A0J9YX35;P01763;P01764;P01766;P01780;A0A075B7D8;A0A075B7E8;A0A075B7F1,10,False,193,0.5744047619047619,0.4255952380952381,39,0.6724137931034483,24.99263188218158,25.010363798312646,False
440,.TYY-26.004ADSVK.,0.2922077922077922,0.13066334272707567,0.16154444948071653,2.236341012782323,1.962667377569812,0.7866625,0.2494176554632236,0.0107976441504,0.0107976441504,True,924,55356,.TYYADSVK.,sp|A0A075B6Q5|HV364_HUMAN;sp|A0A0B4J1X8|HV343_HUMAN;sp|A0A0C4DH42|HV366_HUMAN;sp|A0A0J9YX35|HV64D_HUMAN;sp|P01764|HV323_HUMAN;sp|P01767|HV353_HUMAN;sp|P0DP04|HV43D_HUMAN;tr|A0A075B7F0|A0A075B7F0_HUMAN,"Y-26,3[Y->H/1]",Y-26[Y->H/1],14.311,2,A0A075B6Q5,A0A075B6Q5;A0A0B4J1X8;A0A0C4DH42;A0A0J9YX35;P01764;P01767;P0DP04;A0A075B7F0,8,False,123,0.36607142857142855,0.6339285714285714,30,0.5172413793103449,23.48628019833399,23.447034648217052,False
441,.E-14.016VQLVESGGGLVQPGGSLR.,0.5075757575757576,0.29236216489630756,0.21521359267945,1.736119849009122,1.155916783927959,1.0,0.24876900390761159,0.0697366206664,0.0697366206664,True,924,55356,.EVQLVESGGGLVQPGGSLR.,sp|A0A0B4J1X5|HV374_HUMAN;sp|A0A0B4J1Y9|HV372_HUMAN;sp|A0A0J9YX35|HV64D_HUMAN;sp|P01763|HV302_HUMAN;sp|P01764|HV323_HUMAN;sp|P01766|HV313_HUMAN;sp|P01780|HV307_HUMAN;tr|A0A075B7D8|A0A075B7D8_HUMAN;tr|A0A075B7E8|A0A075B7E8_HUMAN;tr|A0A075B7F1|A0A075B7F1_HUMAN [further mapped to 5 additional proteins],"E-14,1[E->D/1]",E-14[E->D/1],1000.0,2,A0A0B4J1X5,A0A0B4J1X5;A0A0B4J1Y9;A0A0J9YX35;P01763;P01764;P01766;P01780;A0A075B7D8;A0A075B7E8;A0A075B7F1,10,False,183,0.5446428571428571,0.45535714285714285,39,0.6724137931034483,25.085054734610278,25.10562263812529,False
442,.FSG+14.016SSSGAER.,0.12987012987012986,0.012645422357106728,0.11722470751302314,10.27012987012987,3.4148806259515405,0.6147625,0.24609458203911094,0.000284697508897,0.000284697508897,True,924,55356,.FSGSSSGAER.,sp|A0A075B6H9|LV469_HUMAN,"G+14,3[G->A/1]",G+14[G->A/1],9.727,2,A0A075B6H9,A0A075B6H9,1,True,41,0.12202380952380952,0.8779761904761905,6,0.10344827586206896,24.229227721905172,24.40377113211058,False
443,.EIV+14.016MTQSPATLSVSPGER.,0.0854978354978355,0.009953753883951153,0.07554408161388435,8.589506682065666,3.2527728561699187,1.0,0.24572773811792803,0.000458762361097,0.000458762361097,True,924,55356,.EIVMTQSPATLSVSPGER.,sp|A0A087WSY6|KVD15_HUMAN;sp|P01624|KV315_HUMAN,"V+14,3[V->IL/1]",V+14[V->IL/1],1000.0,2,A0A087WSY6,A0A087WSY6;P01624,2,False,36,0.10714285714285714,0.8928571428571429,9,0.15517241379310345,25.31122330386347,25.65973231343084,False
444,.LVQSGPEVK+28.006.,0.11471861471861472,0.010116337885685382,0.10460227683292933,11.339935064935064,3.7665098213083588,0.622975,0.2454431187454071,7.119464616260858e-05,7.119464616260858e-05,True,924,55356,.LVQSGPEVK.,sp|A0A0C4DH39|HV158_HUMAN,"K+28,9[K->R/1]",K+28[K->R/1],9.946,2,A0A0C4DH39,A0A0C4DH39,1,True,37,0.11011904761904762,0.8898809523809523,6,0.10344827586206896,24.842418733185607,25.020728252799845,False
445,.LLIY-15.995GASSR.,0.26082251082251084,0.14712045668039597,0.11370205414211487,1.772850062511163,3.821367668492709,0.5633125,0.24475779046593663,5.08802279434e-05,5.08802279434e-05,True,924,55356,.LLIYGASSR.,sp|P01619|KV301_HUMAN,"Y-16,4[Y->F/1]",Y-16[Y->F/1],8.355,2,P01619,P01619,1,True,130,0.3869047619047619,0.6130952380952381,41,0.7068965517241379,25.270280388625242,25.347162147224292,False
446,.SPELQAEAK+28.006SYFEK.,0.11580086580086581,0.05092492232097695,0.06487594347988886,2.273952723402883,3.766561243531246,1.0,0.244359214348873,7.11743772242e-05,7.11743772242e-05,True,924,55356,.SPELQAEAKSYFEK.,sp|P02652|APOA2_HUMAN;tr|V9GYE3|V9GYE3_HUMAN;tr|V9GYG9|V9GYG9_HUMAN;tr|V9GYM3|V9GYM3_HUMAN,"K+28,9[K->R/1]",K+28[K->R/1],1000.0,2,P02652,P02652;V9GYE3;V9GYG9;V9GYM3,4,False,77,0.22916666666666666,0.7708333333333334,24,0.41379310344827586,25.151369529347747,25.012168388717342,False
447,.AS+10.021GVPDRFSGSGSGTDFTLK.,0.18614718614718614,0.029951586097261364,0.15619560004992478,6.214935848228972,1.549752265502563,1.0,0.24206448503890318,0.0280999107939,0.0280999107939,True,924,55356,.ASGVPDRFSGSGSGTDFTLK.,sp|A0A075B6P5|KV228_HUMAN;sp|A0A087WW87|KV240_HUMAN;sp|P01614|KVD40_HUMAN;sp|P01615|KV202_HUMAN;tr|A0A087X0Q4|A0A087X0Q4_HUMAN,"S+10,2[S->P/1]",S+10[S->P/1],30.087,3,A0A075B6P5,A0A075B6P5;A0A087WW87;P01614;P01615;A0A087X0Q4,5,False,61,0.18154761904761904,0.8184523809523809,10,0.1724137931034483,25.658181840130574,25.58161167607297,False
448,.FSGSGSGTDFTLK+0.948ISR.,0.1406926406926407,0.019781053544331236,0.12091158714830946,7.112494811124949,3.7130207182706325,0.537925,0.24149993770832204,9.363295880149813e-05,9.363295880149813e-05,True,924,55356,.FSGSGSGTDFTLKISR.,sp|A0A075B6P5|KV228_HUMAN;sp|A0A075B6S2|KVD29_HUMAN;sp|A0A075B6S6|KVD30_HUMAN;sp|A0A087WW87|KV240_HUMAN;sp|A0A0A0MRZ7|KVD26_HUMAN;sp|A2NJV5|KV229_HUMAN;sp|P01614|KVD40_HUMAN;sp|P01615|KV202_HUMAN;sp|P06310|KV230_HUMAN;tr|A0A087X0Q4|A0A087X0Q4_HUMAN,"K+1,13[K->E/1]",K+1[K->E/1],7.678,2,A0A075B6P5,A0A075B6P5;A0A075B6S2;A0A075B6S6;A0A087WW87;A0A0A0MRZ7;A2NJV5;P01614;P01615;P06310;A0A087X0Q4,10,False,50,0.1488095238095238,0.8511904761904762,9,0.15517241379310345,25.627203272175777,25.45332207099186,False
449,.EV+29.974QLVE+14.016SGGGLVQPGGSLR.,0.09090909090909091,0.008616952091914156,0.08229213881717676,10.550028587764437,2.908716766956355,1.0,0.23936452396622193,0.00113390928726,0.00113390928726,True,924,55356,.EVQLVESGGGLVQPGGSLR.,sp|A0A0B4J1X5|HV374_HUMAN;sp|A0A0B4J1Y9|HV372_HUMAN;sp|A0A0J9YX35|HV64D_HUMAN;sp|P01763|HV302_HUMAN;sp|P01764|HV323_HUMAN;sp|P01766|HV313_HUMAN;sp|P01780|HV307_HUMAN;tr|A0A075B7D8|A0A075B7D8_HUMAN;tr|A0A075B7E8|A0A075B7E8_HUMAN;tr|A0A075B7F1|A0A075B7F1_HUMAN [further mapped to 5 additional proteins],"V+30,2[V->E/1] & E+14,6[Methyl]",V+30[V->E/1],32.089,2,A0A0B4J1X5,A0A0B4J1X5;A0A0B4J1Y9;A0A0J9YX35;P01763;P01764;P01766;P01780;A0A075B7D8;A0A075B7E8;A0A075B7F1,10,False,34,0.10119047619047619,0.8988095238095238,7,0.1206896551724138,25.587104017365196,25.388239065503388,False
450,.EVQLVESGE-14.016GLVQPGGSLR.,0.11255411255411256,0.04174795866753378,0.07080615388657878,2.6960387081546755,3.7665612435312483,0.89665,0.23913271288406787,7.117437722419929e-05,7.117437722419929e-05,True,924,55356,.EVQLVESGEGLVQPGGSLR.,sp|A0A075B6Q5|HV364_HUMAN,"E-14,9[E->D/1]",E-14[E->D/1],17.244,2,A0A075B6Q5,A0A075B6Q5,1,True,70,0.20833333333333334,0.7916666666666666,30,0.5172413793103449,26.288072208684024,26.348754536873695,False
451,.KK-14.052QTALVELVK.,0.07467532467532467,0.01145313967772238,0.0632221849976023,6.520074562661313,3.7665612435312483,1.0,0.23813023174333153,7.117437722419929e-05,7.117437722419929e-05,True,924,55356,.KKQTALVELVK.,sp|P02768-2|ALBU_HUMAN;sp|P02768-3|ALBU_HUMAN;sp|P02768|ALBU_HUMAN;tr|A0A087WWT3|A0A087WWT3_HUMAN;tr|A0A0C4DGB6|A0A0C4DGB6_HUMAN;tr|B7WNR0|B7WNR0_HUMAN;tr|C9JKR2|C9JKR2_HUMAN;tr|D6RHD5|D6RHD5_HUMAN;tr|H0YA55|H0YA55_HUMAN,"K-14,2[K->N/1]",K-14[K->N/1],23.393,3,P02768,P02768;A0A087WWT3;A0A0C4DGB6;B7WNR0;C9JKR2;D6RHD5;H0YA55,7,False,38,0.1130952380952381,0.8869047619047619,10,0.1724137931034483,24.363882628059102,24.41170413032354,False
452,.SG+72.021NTATLTISR.,0.09956709956709957,0.010369246332827516,0.08919785323427205,9.602153943617358,3.8214421530780567,0.697225,0.23765920660869194,5.08543531326e-05,5.08543531326e-05,True,924,55356,.SGNTATLTISR.,sp|A0A075B6K5|LV39_HUMAN;sp|P80748|LV302_HUMAN,"G+72,2[G->E/1]",G+72[G->E/1],11.926,2,A0A075B6K5,A0A075B6K5;P80748,2,False,37,0.11011904761904762,0.8898809523809523,7,0.1206896551724138,24.531602354854847,24.39198641265142,False
453,.ASSLES-30.011GVPSR.,0.9729437229437229,0.8771587542452489,0.09578496869847397,1.1091991252836462,3.5757557127826676,0.6869125,0.23527003780901506,0.000165609917668,0.000165609917668,True,924,55356,.ASSLESGVPSR.,sp|A0A0B4J2D9|KVD13_HUMAN;sp|P01602|KV105_HUMAN;sp|P0DP09|KV113_HUMAN,"S-30,6[S->G/1]",S-30[S->G/1],11.651,2,A0A0B4J2D9,A0A0B4J2D9;P01602;P0DP09,3,False,315,0.9375,0.0625,51,0.8793103448275862,25.278188672396286,25.240430157119572,False
454,.MSLSSFSVNRPFLFFIFEDTTGLPLFVGSVR-28.006.,0.07900432900432901,0.010062143218440638,0.06894218578588837,7.851640280724662,3.3892173968737915,1.0,0.2336600554440379,0.000308115043086,0.000308115043086,True,924,55356,.MSLSSFSVNRPFLFFIFEDTTGLPLFVGSVR.,sp|P08697-2|A2AP_HUMAN;sp|P08697|A2AP_HUMAN;tr|A0A0G2JPA8|A0A0G2JPA8_HUMAN,"R-28,31[R->K/1]",R-28[R->K/1],1000.0,3,P08697,P08697;A0A0G2JPA8,2,False,36,0.10714285714285714,0.8928571428571429,8,0.13793103448275862,22.33159103816549,22.459502063467685,False
455,.LEALK+28.006ENGGAR.,0.10281385281385282,0.03703302261724113,0.06578083019661168,2.7762749445676276,3.8920176217262656,0.9110875,0.2332567586837143,2.82278552476e-05,2.82278552476e-05,True,924,55356,.LEALKENGGAR.,sp|P02647|APOA1_HUMAN;tr|F8W696|F8W696_HUMAN,"K+28,5[K->R/1]",K+28[K->R/1],17.629,2,P02647,P02647;F8W696,2,False,66,0.19642857142857142,0.8035714285714286,22,0.3793103448275862,27.82101031091858,27.605205588639397,False
456,.NTLY-15.995LQMNSLR.,0.9805194805194806,0.8941578148710166,0.08636166564846393,1.0965843659946335,3.7077915688944736,0.727,0.2327934375426512,9.59785008158e-05,9.59785008158e-05,True,924,55356,.NTLYLQMNSLR.,sp|A0A0B4J1X5|HV374_HUMAN;sp|A0A0C4DH42|HV366_HUMAN;sp|P01764|HV323_HUMAN;sp|P01767|HV353_HUMAN;sp|P01768|HV330_HUMAN;sp|P01772|HV333_HUMAN;sp|P0DP02|HVC33_HUMAN;sp|P0DP03|HV335_HUMAN;tr|A0A075B7B8|A0A075B7B8_HUMAN;tr|A0A075B7E8|A0A075B7E8_HUMAN [further mapped to 1 additional proteins],"Y-16,4[Y->F/1]",Y-16[Y->F/1],12.72,2,A0A0B4J1X5,A0A0B4J1X5;A0A0C4DH42;P01764;P01767;P01768;P01772;P0DP02;P0DP03;A0A075B7B8;A0A075B7E8,10,False,318,0.9464285714285714,0.05357142857142857,52,0.896551724137931,26.897094952597122,26.905036367992558,False
457,.GL-16.031EWVANIK.,0.15367965367965367,0.019564274875352266,0.1341153788043014,7.855116259548391,3.7130207182706325,0.4612375,0.22968390467440133,9.363295880149813e-05,9.363295880149813e-05,True,924,55356,.GLEWVANIK.,sp|P01780|HV307_HUMAN,"L-16,2[L->P/1]",L-16[L->P/1],5.633,2,P01780,P01780,1,True,50,0.1488095238095238,0.8511904761904762,8,0.13793103448275862,23.59643944483516,23.5026583097282,False
458,.LLIYDASN+14.052R.,0.933982683982684,0.8054772743695354,0.1285054096131486,1.1595394602705986,3.608663735816699,0.4939375,0.22905502559373608,0.000146227334763,0.000146227334763,True,924,55356,.LLIYDASNR.,sp|A0A0A0MRZ8|KVD11_HUMAN;sp|P04433|KV311_HUMAN,"N+14,8[N->K/1]",N+14[N->K/1],6.505,3,A0A0A0MRZ8,A0A0A0MRZ8;P04433,2,False,302,0.8988095238095238,0.10119047619047619,49,0.8448275862068966,26.67761068757642,26.712894453462457,False
459,.LM-17.956IYEGSK.,0.16125541125541126,0.04743839872823181,0.11381701252717946,3.3992591566848995,3.6952976272822786,0.542725,0.2282634792029793,0.000101698362656,0.000101698362656,True,924,55356,.LMIYEGSK.,sp|P01705|LV223_HUMAN,"M-18,2[M->IL/1]",M-18[M->IL/1],7.806,2,P01705,P01705,1,True,75,0.22321428571428573,0.7767857142857143,21,0.3620689655172414,25.502092218560737,25.394510521208975,False
460,.LLIYDASN-12.995R.,0.9621212121212122,0.8773394031360647,0.08478180898514742,1.0966351319479022,2.689435236781499,1.0,0.22801518452273375,0.00194439477919,0.00194439477919,True,924,55356,.LLIYDASNR.,sp|A0A0A0MRZ8|KVD11_HUMAN;sp|P04433|KV311_HUMAN,"N-13,8[N->T/1]",N-13[N->T/1],1000.0,2,A0A0A0MRZ8,A0A0A0MRZ8;P04433,2,False,315,0.9375,0.0625,52,0.896551724137931,29.032537460279684,29.04462456371005,False
461,.RH-22.032PYFYAPELLFFAK.,0.13744588744588745,0.07666738926222993,0.06077849818365752,1.792755547939337,3.7130207182706325,1.0,0.22567182298129437,9.363295880149813e-05,9.363295880149813e-05,True,924,55356,.RHPYFYAPELLFFAK.,sp|P02768|ALBU_HUMAN;tr|A0A0C4DGB6|A0A0C4DGB6_HUMAN;tr|B7WNR0|B7WNR0_HUMAN;tr|D6RHD5|D6RHD5_HUMAN;tr|H0YA55|H0YA55_HUMAN;tr|H7C013|H7C013_HUMAN,"H-22,2[H->D/1]",H-22[H->D/1],1000.0,3,P02768,P02768;A0A0C4DGB6;B7WNR0;D6RHD5;H0YA55;H7C013,6,False,94,0.27976190476190477,0.7202380952380952,30,0.5172413793103449,23.973729843792004,23.58713113907375,False
462,.LLI+17.956YGASTR.,0.920995670995671,0.7948370547004842,0.12615861629518688,1.1587226155966355,3.695097064764298,0.48193749999999996,0.22466400087292995,0.000101791530945,0.000101791530945,True,924,55356,.LLIYGASTR.,sp|A0A0C4DH55|KVD07_HUMAN;sp|P01624|KV315_HUMAN;tr|A0A075B6H7|A0A075B6H7_HUMAN;tr|A0A0C4DH90|A0A0C4DH90_HUMAN,"I+18,3[I->M/1]",I+18[I->M/1],6.185,2,A0A0C4DH55,A0A0C4DH55;P01624;A0A075B6H7;A0A0C4DH90,4,False,300,0.8928571428571429,0.10714285714285714,49,0.8448275862068966,25.670258384403304,25.702013144838066,False
463,.VGLFNAELLEALLNYYILNTF-33.984YPK.,0.27380952380952384,0.061456752655538696,0.21235277115398515,4.455320399764845,1.0364666952268584,1.0,0.22009657494023635,0.0918460982873,0.0918460982873,True,924,55356,.VGLFNAELLEALLNYYILNTFYPK.,sp|P18428|LBP_HUMAN,"F-34,21[F->IL/1]",F-34[F->IL/1],37.369,2,P18428,P18428,1,True,86,0.25595238095238093,0.7440476190476191,13,0.22413793103448276,24.185456853320012,24.00053495331398,False
464,.DLATVYVDVLK+28.006DSGR.,0.10064935064935066,0.0444938218079341,0.05615552884141656,2.2620972206843097,3.8920176217262656,1.0,0.21855830780815078,2.82278552476e-05,2.82278552476e-05,True,924,55356,.DLATVYVDVLKDSGR.,sp|P02647|APOA1_HUMAN,"K+28,11[K->R/1]",K+28[K->R/1],31.766,2,P02647,P02647,1,True,72,0.21428571428571427,0.7857142857142857,27,0.46551724137931033,24.80877945423513,24.38522873297141,False
465,.EVQLVESGGGLV+29.974QPGGSLR.,0.08441558441558442,0.009339547655177397,0.07507603676040701,9.03850887990153,2.908716766956355,1.0,0.21837492692162755,0.00113390928726,0.00113390928726,True,924,55356,.EVQLVESGGGLVQPGGSLR.,sp|A0A0B4J1X5|HV374_HUMAN;sp|A0A0B4J1Y9|HV372_HUMAN;sp|A0A0J9YX35|HV64D_HUMAN;sp|P01763|HV302_HUMAN;sp|P01764|HV323_HUMAN;sp|P01766|HV313_HUMAN;sp|P01780|HV307_HUMAN;tr|A0A075B7D8|A0A075B7D8_HUMAN;tr|A0A075B7E8|A0A075B7E8_HUMAN;tr|A0A075B7F1|A0A075B7F1_HUMAN [further mapped to 5 additional proteins],"V+30,12[V->E/1]",V+30[V->E/1],27.875,2,A0A0B4J1X5,A0A0B4J1X5;A0A0B4J1Y9;A0A0J9YX35;P01763;P01764;P01766;P01780;A0A075B7D8;A0A075B7E8;A0A075B7F1,10,False,35,0.10416666666666667,0.8958333333333334,10,0.1724137931034483,26.103265794464757,25.722814170054498,False
466,.ATEHLSTLSEK+28.006AKPALEDLR.,0.17965367965367965,0.12383481465423803,0.05581886499944162,1.4507526026125588,3.8920176217262656,1.0,0.21724800620258627,2.82278552476e-05,2.82278552476e-05,True,924,55356,.ATEHLSTLSEKAKPALEDLR.,sp|P02647|APOA1_HUMAN;tr|F8W696|F8W696_HUMAN,"K+28,11[K->R/1]",K+28[K->R/1],39.624,3,P02647,P02647;F8W696,2,False,119,0.3541666666666667,0.6458333333333334,38,0.6551724137931034,25.784478793866036,25.728763681958434,False
467,.LLIYDNNK-14.052RPSGIPDR.,0.1764069264069264,0.031216128332972035,0.14519079807395435,5.651146885521886,3.7130207182706325,0.40063750000000004,0.2159822505216973,9.363295880149813e-05,9.363295880149813e-05,True,924,55356,.LLIYDNNKRPSGIPDR.,sp|P01701|LV103_HUMAN,"K-14,8[K->N/1]",K-14[K->N/1],4.017,3,P01701,P01701,1,True,62,0.18452380952380953,0.8154761904761905,14,0.2413793103448276,25.127945584114332,25.060926892897164,False
468,.DA+15.995HKSEVAHR.,0.09848484848484848,0.019600404653515428,0.07888444383133306,5.024633431085044,3.7665612435312483,0.7258749999999999,0.21567422212089316,7.117437722419929e-05,7.117437722419929e-05,True,924,55356,.DAHKSEVAHR.,sp|P02768-2|ALBU_HUMAN;sp|P02768-3|ALBU_HUMAN;sp|P02768|ALBU_HUMAN;tr|A0A087WWT3|A0A087WWT3_HUMAN;tr|A0A0C4DGB6|A0A0C4DGB6_HUMAN;tr|B7WNR0|B7WNR0_HUMAN;tr|C9JKR2|C9JKR2_HUMAN;tr|H7C013|H7C013_HUMAN,"A+16,2[A->S/1]",A+16[A->S/1],12.69,2,P02768,P02768;A0A087WWT3;A0A0C4DGB6;B7WNR0;C9JKR2;H7C013,6,False,49,0.14583333333333334,0.8541666666666666,15,0.25862068965517243,24.161694710702253,23.947493623661863,False
469,.E-14.016IVM+15.995TQSPATLSVSPGER.,0.09199134199134198,0.008598887202832575,0.08339245478850942,10.698051948051948,3.282733963051957,0.7766500000000001,0.21261200993923313,0.00042151407857,0.00042151407857,True,924,55356,.EIVMTQSPATLSVSPGER.,sp|A0A087WSY6|KVD15_HUMAN;sp|P01624|KV315_HUMAN,"E-14,1[E->D/1] & M+16,4[Oxidation]",E-14[E->D/1],14.044,2,A0A087WSY6,A0A087WSY6;P01624,2,False,34,0.10119047619047619,0.8988095238095238,6,0.10344827586206896,24.852299210797803,24.834244392201093,False
470,.AGVETT-14.016KPSK.,0.15476190476190477,0.02727798251318737,0.1274839222487174,5.6735099337748345,1.6620112224046766,1.0,0.21187970945353357,0.0216765349988,0.0216765349988,True,924,55356,.AGVETTKPSK.,sp|B9A064|IGLL5_HUMAN;sp|P0CG04|IGLC1_HUMAN;tr|A0A0B4J231|A0A0B4J231_HUMAN,"T-14,6[T->S/1]",T-14[T->S/1],1000.0,2,B9A064,B9A064;P0CG04;A0A0B4J231,3,False,58,0.17261904761904762,0.8273809523809523,11,0.1896551724137931,23.357663895372525,23.330113274818576,False
471,.LLIYDNNK+0.948RPSGIPDR.,0.15043290043290045,0.025308909603295036,0.1251239908296054,5.943871260787749,3.7665612435312483,0.448525,0.2113840799402582,7.117437722419929e-05,7.117437722419929e-05,True,924,55356,.LLIYDNNKRPSGIPDR.,sp|P01701|LV103_HUMAN,"K+1,8[K->E/1]",K+1[K->E/1],5.294,3,P01701,P01701,1,True,56,0.16666666666666666,0.8333333333333334,11,0.1896551724137931,26.140912490492184,25.964315424830012,False
472,.DIVMTQSPDSLAV+14.016SLGER.,0.08008658008658008,0.011362815232314473,0.06872376485426561,7.048128342245989,3.0610865671861194,1.0,0.21036939344185,0.000768787238132,0.000768787238132,True,924,55356,.DIVMTQSPDSLAVSLGER.,sp|P06312|KV401_HUMAN,"V+14,13[V->IL/1]",V+14[V->IL/1],1000.0,2,P06312,P06312,1,True,38,0.1130952380952381,0.8869047619047619,11,0.1896551724137931,23.517113953784577,23.889653909534324,False
473,.PFVFLMI-14.016EQNTK.,0.07575757575757576,0.01826360286147843,0.057493972896097326,4.148008272637353,3.6155592079930092,1.0,0.2078728631085852,0.000142348754448,0.000142348754448,True,924,55356,.PFVFLMIEQNTK.,sp|P01009|A1AT_HUMAN;tr|A0A024R6I7|A0A024R6I7_HUMAN,"I-14,7[I->V/1]",I-14[I->V/1],1000.0,2,P01009,P01009;A0A024R6I7,2,False,47,0.13988095238095238,0.8601190476190477,15,0.25862068965517243,23.17488729117751,23.0415173343475,False
474,.LLIYWAST+12.036R.,0.15800865800865802,0.03042127321338247,0.12758738479527554,5.194018570503132,3.25096809439573,0.4997125,0.207272008634716,0.000461089195143,0.000461089195143,True,924,55356,.LLIYWASTR.,sp|P06312|KV401_HUMAN,"T+12,8[T->IL/1]",T+12[T->IL/1],6.659,2,P06312,P06312,1,True,61,0.18154761904761904,0.8184523809523809,13,0.22413793103448276,23.820597455736785,23.653166197843493,False
475,.DIQ+9.000MTQSPSSLSASVGDR.,0.1590909090909091,0.02417082159115543,0.13492008749975365,6.58194048104362,1.5348481680687944,1.0,0.20708184913467834,0.0290844714213,0.0290844714213,True,924,55356,.DIQMTQSPSSLSASVGDR.,sp|A0A075B6S5|KV127_HUMAN;sp|P01593|KVD33_HUMAN;sp|P01594|KV102_HUMAN;sp|P01597|KV139_HUMAN;sp|P01599|KV117_HUMAN;sp|P01601|KVD16_HUMAN;sp|P04430|KV116_HUMAN;sp|P04432|KVD39_HUMAN;tr|A0A0G2JRQ6|A0A0G2JRQ6_HUMAN;tr|A0A2Q2TTZ9|A0A2Q2TTZ9_HUMAN,"Q+9,3[Q->H/1]",Q+9[Q->H/1],25.151,3,A0A075B6S5,A0A075B6S5;P01593;P01594;P01597;P01599;P01601;P04430;P04432;A0A0G2JRQ6;A0A2Q2TTZ9,10,False,55,0.1636904761904762,0.8363095238095238,10,0.1724137931034483,25.518453382176357,25.39275843439418,False
476,.EIVLTQSPA+28.031TLSLSPGER.,0.9686147186147186,0.8829214538622733,0.08569326475244532,1.0970564984887234,2.4002476016792027,1.0,0.20568505320211783,0.00387880264815,0.00387880264815,True,924,55356,.EIVLTQSPATLSLSPGER.,sp|A0A0A0MRZ8|KVD11_HUMAN;sp|A0A0C4DH25|KVD20_HUMAN;sp|P04433|KV311_HUMAN,"A+28,9[A->V/1]",A+28[A->V/1],1000.0,2,A0A0A0MRZ8,A0A0A0MRZ8;A0A0C4DH25;P04433,3,False,316,0.9404761904761905,0.05952380952380952,52,0.896551724137931,26.113428501719305,26.09456119567458,False
477,.R-28.006LYGSEAFATDFQDSAAAK.,0.9567099567099567,0.8492485006142062,0.10746145609575053,1.1265371160714803,1.8992215694805736,1.0,0.2040931153048391,0.0125118393635,0.0125118393635,True,924,55356,.RLYGSEAFATDFQDSAAAK.,sp|P01011-2|AACT_HUMAN;sp|P01011|AACT_HUMAN;tr|G3V595|G3V595_HUMAN,"R-28,1[R->K/1]",R-28[R->K/1],1000.0,2,P01011,P01011;G3V595,2,False,310,0.9226190476190477,0.07738095238095238,51,0.8793103448275862,25.754973795592434,25.781767820109785,False
478,.VT-30.011ISVDTSK.,0.5357142857142857,0.3651094732278344,0.17060481248645132,1.4672702983523824,1.1685925086798252,1.0,0.19936750581639331,0.0677277625798,0.0677277625798,True,924,55356,.VTISVDTSK.,sp|A0A0C4DH41|HV461_HUMAN;sp|P01824|HV206_HUMAN;sp|P01825|HV459_HUMAN;sp|P06331|HV209_HUMAN;sp|P0DP06|HVD34_HUMAN;sp|P0DP07|HV431_HUMAN;sp|P0DP08|HVD82_HUMAN;tr|A0A0J9YWU9|A0A0J9YWU9_HUMAN,"T-30,2[T->A/1]",T-30[T->A/1],1000.0,2,A0A0C4DH41,A0A0C4DH41;P01824;P01825;P06331;P0DP06;P0DP07;P0DP08;A0A0J9YWU9,8,False,204,0.6071428571428571,0.39285714285714285,44,0.7586206896551724,24.243831751795895,24.230879051413446,False
479,.LVRPEVDVM-17.956C-15.977TAFHDNEETFLKK.,0.06277056277056277,0.010983452561601272,0.0517871102089615,5.715011961722488,3.7665612435312483,1.0,0.19505932222755581,7.117437722419929e-05,7.117437722419929e-05,True,924,55356,.LVRPEVDVMCTAFHDNEETFLKK.,sp|P02768-3|ALBU_HUMAN;sp|P02768|ALBU_HUMAN;tr|A0A087WWT3|A0A087WWT3_HUMAN;tr|A0A0C4DGB6|A0A0C4DGB6_HUMAN;tr|H7C013|H7C013_HUMAN,"M-18,9[M->IL/1] & C-16,10[C->S/1]",M-18[M->IL/1],32.828,4,P02768,P02768;A0A087WWT3;A0A0C4DGB6;H7C013,4,False,37,0.11011904761904762,0.8898809523809523,13,0.22413793103448276,25.496510656789205,25.555211910940535,False
480,.TPEVTC+57.021V+31.972VVDVSHEDPEVK.,0.8809523809523809,0.7423043572512464,0.1386480237011345,1.1867805602199994,1.3907435270473072,1.0,0.19282384150025442,0.0405683425485,0.0405683425485,True,924,55356,.TPEVTCVVVDVSHEDPEVK.,sp|P01857|IGHG1_HUMAN;tr|A0A0A0MS07|A0A0A0MS07_HUMAN;tr|A0A0A0MS08|A0A0A0MS08_HUMAN,"V+32,7[V->M/1]",V+32[V->M/1],46.485,2,P01857,P01857;A0A0A0MS07;A0A0A0MS08,3,False,290,0.8630952380952381,0.13690476190476192,48,0.8275862068965517,27.25171819271708,27.161393970575244,False
481,.N-12.995SLYLQMNSLR.,0.38311688311688313,0.15458125587108895,0.22853562724579418,2.4784174572651843,0.8400774786497915,1.0,0.19198763351829537,0.144418192558,0.144418192558,True,924,55356,.NSLYLQMNSLR.,sp|A0A0B4J1V1|HV321_HUMAN;sp|A0A0B4J1X8|HV343_HUMAN;sp|A0A0C4DH32|HV320_HUMAN;sp|P01762|HV301_HUMAN;sp|P01763|HV302_HUMAN;sp|P01766|HV313_HUMAN;sp|P01780|HV307_HUMAN;sp|P01782|HV309_HUMAN;sp|P0DP04|HV43D_HUMAN;tr|A0A075B7F0|A0A075B7F0_HUMAN [further mapped to 2 additional proteins],"N-13,1[N->T/1]",N-13[N->T/1],1000.0,2,A0A0B4J1V1,A0A0B4J1V1;A0A0B4J1X8;A0A0C4DH32;P01762;P01763;P01766;P01780;P01782;P0DP04;A0A075B7F0,10,False,134,0.39880952380952384,0.6011904761904762,27,0.46551724137931033,25.40015431740748,25.32869304199641,False
482,.GLEWVANIK-14.052QDGSEK.,0.07792207792207792,0.011398945010477635,0.06652313291160028,6.835902607693416,3.2732928300952087,0.8813124999999999,0.19190552718897883,0.000432975406997,0.000432975406997,True,924,55356,.GLEWVANIKQDGSEK.,sp|P01780|HV307_HUMAN,"K-14,9[K->N/1]",K-14[K->N/1],16.835,2,P01780,P01780,1,True,38,0.1130952380952381,0.8869047619047619,14,0.2413793103448276,25.915563631385076,25.956669519350797,False
483,.DLATVYVDVLK+28.006DSGRDYVSQFEGSALGK.,0.2987012987012987,0.25146325601560804,0.04723804268569065,1.1878526645768026,3.8920176217262656,1.0,0.18385129454856555,2.82278552476e-05,2.82278552476e-05,True,924,55356,.DLATVYVDVLKDSGRDYVSQFEGSALGK.,sp|P02647|APOA1_HUMAN,"K+28,11[K->R/1]",K+28[K->R/1],54.151,3,P02647,P02647,1,True,169,0.5029761904761905,0.49702380952380953,44,0.7586206896551724,27.504612296316488,27.171418841747915,False
484,.LMIYEVSK+28.006.,0.10173160173160173,0.009050509429872101,0.09268109230172963,11.240428234440209,3.6952976272822786,0.5348124999999999,0.18316484216359422,0.000101698362656,0.000101698362656,True,924,55356,.LMIYEVSK.,sp|P01709|LV208_HUMAN,"K+28,8[K->R/1]",K+28[K->R/1],7.595,2,P01709,P01709,1,True,35,0.10416666666666667,0.8958333333333334,6,0.10344827586206896,23.13606928877456,23.31736670831297,False
485,.LLIY-26.004GASSR.,0.12012987012987013,0.011380880121396054,0.10874899000847407,10.555411255411256,3.6952753561191845,0.444925,0.17879643162791015,0.000101708706265,0.000101708706265,True,924,55356,.LLIYGASSR.,sp|P01619|KV301_HUMAN,"Y-26,4[Y->H/1]",Y-26[Y->H/1],5.198,2,P01619,P01619,1,True,39,0.11607142857142858,0.8839285714285714,6,0.10344827586206896,24.723317535450185,24.84904989633893,False
486,.LEGSGS+14.016YNK.,0.11471861471861472,0.01078473878170388,0.10393387593691084,10.637125019034567,2.7422491424339923,0.626575,0.17858175866554526,0.00171030127615,0.00171030127615,True,924,55356,.LEGSGSYNK.,sp|A0A075B6I1|LV460_HUMAN,"S+14,6[S->T/1]",S+14[S->T/1],10.042,2,A0A075B6I1,A0A075B6I1,1,True,38,0.1130952380952381,0.8869047619047619,7,0.1206896551724138,23.19765753021568,23.051663219127562,False
487,.GLE-14.016WVGFIR.,0.08333333333333333,0.008743406315485223,0.07458992701784811,9.530991735537189,3.7426252181886404,0.6290500000000001,0.17560694534951876,8.087343307723413e-05,8.087343307723413e-05,True,924,55356,.GLEWVGFIR.,sp|A0A0A0MS15|HV349_HUMAN,"E-14,3[E->D/1]",E-14[E->D/1],10.108,2,A0A0A0MS15,A0A0A0MS15,1,True,34,0.10119047619047619,0.8988095238095238,7,0.1206896551724138,22.8727355366892,22.712901163401888,False
488,.Q+9.000VQLVQSGAEVK.,0.2694805194805195,0.15647806922465496,0.11300245025586453,1.722161583510002,2.7019182356815263,0.555325,0.16955370656660576,0.00188646887326,0.00188646887326,True,924,55356,.QVQLVQSGAEVK.,sp|A0A0B4J2H0|HV69D_HUMAN;sp|A0A0C4DH29|HV103_HUMAN;sp|A0A0C4DH31|HV118_HUMAN;sp|A0A0C4DH33|HV124_HUMAN;sp|P01742|HV169_HUMAN;sp|P01743|HV146_HUMAN;sp|P0DP01|HV108_HUMAN;sp|P23083|HV103_HUMAN;tr|A0A075B7D0|A0A075B7D0_HUMAN;tr|A0A087WYE8|A0A087WYE8_HUMAN,"Q+9,1[Q->H/1]",Q+9[Q->H/1],8.142,2,A0A0B4J2H0,A0A0B4J2H0;A0A0C4DH29;A0A0C4DH31;A0A0C4DH33;P01742;P01743;P0DP01;P23083;A0A075B7D0;A0A087WYE8,10,False,134,0.39880952380952384,0.6011904761904762,38,0.6551724137931034,24.361577701543133,24.37660824305923,False
489,.AGVETTK-14.052PSK.,0.06818181818181818,0.009610520991401113,0.058571297190417065,7.0944976076555015,3.671827044616391,0.7866625,0.169182526710165,0.000112898673441,0.000112898673441,True,924,55356,.AGVETTKPSK.,sp|B9A064|IGLL5_HUMAN;sp|P0CG04|IGLC1_HUMAN;tr|A0A0B4J231|A0A0B4J231_HUMAN,"K-14,7[K->N/1]",K-14[K->N/1],14.311,2,B9A064,B9A064;P0CG04;A0A0B4J231,3,False,35,0.10416666666666667,0.8958333333333334,11,0.1896551724137931,23.293056221467243,23.239387675044487,False
490,.FS+14.016GSGSGTDFTLTISR.,0.08441558441558442,0.03387166702796445,0.050543917387619965,2.4922181818181817,3.3415055175256425,1.0,0.16889277882809237,0.000355506399115,0.000355506399115,True,924,55356,.FSGSGSGTDFTLTISR.,sp|A0A0C4DH25|KVD20_HUMAN;sp|P01619|KV301_HUMAN,"S+14,2[S->T/1]",S+14[S->T/1],32.041,2,A0A0C4DH25,A0A0C4DH25;P01619,2,False,63,0.1875,0.8125,29,0.5,25.83949272606348,25.7986422162916,False
491,.DS+14.016ERPSGIPER.,0.10497835497835498,0.0567779463834092,0.04820040859494577,1.8489283544962833,3.4431406496301453,1.0,0.16596078616204002,0.000260461885744,0.000260461885744,True,924,55356,.DSERPSGIPER.,sp|A0A075B6K0|LV316_HUMAN;sp|P01717|LV325_HUMAN;sp|P01718|LV327_HUMAN,"S+14,2[S->T/1]",S+14[S->T/1],1000.0,3,A0A075B6K0,A0A075B6K0;P01717;P01718,3,False,81,0.24107142857142858,0.7589285714285714,38,0.6551724137931034,28.95043637918902,28.927327032174837,False
492,.VTVLG+30.011QPK.,0.05411255411255411,0.009845364549461666,0.044267189563092446,5.4962468723936615,3.563677942008758,1.0,0.15775400700071285,0.00017310022503,0.00017310022503,True,924,55356,.VTVLGQPK.,sp|B9A064|IGLL5_HUMAN;tr|A0A0B4J231|A0A0B4J231_HUMAN,"G+30,5[G->S/1]",G+30[G->S/1],1000.0,2,B9A064,B9A064;A0A0B4J231,2,False,35,0.10416666666666667,0.8958333333333334,16,0.27586206896551724,29.708840325391545,28.871891240900464,False
493,.NDLGWY-15.995QQK.,0.11255411255411256,0.010820868559867042,0.10173324399424552,10.401578388222797,2.0099423574760817,0.727,0.14865547420646033,0.00967366935149,0.00967366935149,True,924,55356,.NDLGWYQQK.,sp|A0A0C4DH72|KV106_HUMAN;sp|P01599|KV117_HUMAN,"Y-16,6[Y->F/1]",Y-16[Y->F/1],12.72,2,A0A0C4DH72,A0A0C4DH72;P01599,2,False,38,0.1130952380952381,0.8869047619047619,6,0.10344827586206896,24.351338310326025,24.304355503587647,False
494,.VT-14.016ISVDTSK.,0.8571428571428571,0.6963653443167859,0.16077751282607122,1.2308809795579536,1.4499850948751427,0.629425,0.1467347013556236,0.0353825566751,0.0353825566751,True,924,55356,.VTISVDTSK.,sp|A0A0C4DH41|HV461_HUMAN;sp|P01824|HV206_HUMAN;sp|P01825|HV459_HUMAN;sp|P06331|HV209_HUMAN;sp|P0DP06|HVD34_HUMAN;sp|P0DP07|HV431_HUMAN;sp|P0DP08|HVD82_HUMAN;tr|A0A0J9YWU9|A0A0J9YWU9_HUMAN,"T-14,2[T->S/1]",T-14[T->S/1],10.118,2,A0A0C4DH41,A0A0C4DH41;P01824;P01825;P06331;P0DP06;P0DP07;P0DP08;A0A0J9YWU9,8,False,281,0.8363095238095238,0.1636904761904762,45,0.7758620689655172,25.20015267441845,25.182688241484183,False
495,.EIVLTQSPATLSL-14.016SPGER.,0.06168831168831169,0.02292434424452634,0.03876396744378535,2.6909520739307973,3.6126675769033914,1.0,0.14004132833630198,0.000143967751224,0.000143967751224,True,924,55356,.EIVLTQSPATLSLSPGER.,sp|A0A0A0MRZ8|KVD11_HUMAN;sp|A0A0C4DH25|KVD20_HUMAN;sp|P04433|KV311_HUMAN,"L-14,13[L->V/1]",L-14[L->V/1],30.774,3,A0A0A0MRZ8,A0A0A0MRZ8;A0A0C4DH25;P04433,3,False,52,0.15476190476190477,0.8452380952380952,28,0.4827586206896552,25.31967700116649,25.155744592992217,False
496,.QGLLPVLESFK+28.006VSFLSALEEYTKK.,0.2002164502164502,0.16495050220391647,0.03526594801253374,1.2137971545484414,3.8920176217262656,1.0,0.1372556911116637,2.82278552476e-05,2.82278552476e-05,True,924,55356,.QGLLPVLESFKVSFLSALEEYTKK.,sp|P02647|APOA1_HUMAN;tr|F8W696|F8W696_HUMAN,"K+28,11[K->R/1]",K+28[K->R/1],31.963,3,P02647,P02647;F8W696,2,False,137,0.40773809523809523,0.5922619047619048,44,0.7586206896551724,23.4630124153042,23.481860019056356,False
497,.EVQ+9.000LVQSGAEVK.,0.8993506493506493,0.7577679023050798,0.1415827470455695,1.1868418372101592,1.0552414742537344,0.8642125,0.12911679287434719,0.0879559132768,0.0879559132768,True,924,55356,.EVQLVQSGAEVK.,sp|A0A0C4DH38|HV551_HUMAN;sp|A0A0G2JMI3|HV692_HUMAN;sp|A0A0J9YXX1|HV5X1_HUMAN,"Q+9,3[Q->H/1]",Q+9[Q->H/1],16.379,2,A0A0C4DH38,A0A0C4DH38;A0A0G2JMI3;A0A0J9YXX1,3,False,293,0.8720238095238095,0.12797619047619047,48,0.8275862068965517,25.706889129805976,25.746911004072714,False
498,.K-57.058Q+38.016TALVELVK.,0.2727272727272727,0.05842185128983308,0.21430542143743964,4.668240850059032,0.6018863082694975,1.0,0.12898749895111938,,0.25,False,924,55356,.KQTALVELVK.,sp|P02768-2|ALBU_HUMAN;sp|P02768-3|ALBU_HUMAN;sp|P02768|ALBU_HUMAN;tr|A0A087WWT3|A0A087WWT3_HUMAN;tr|A0A0C4DGB6|A0A0C4DGB6_HUMAN;tr|B7WNR0|B7WNR0_HUMAN;tr|C9JKR2|C9JKR2_HUMAN;tr|D6RHD5|D6RHD5_HUMAN;tr|H0YA55|H0YA55_HUMAN,"K-57,1[K->A/2] & Q+38,2[Deamidated+Propargylamine]",K-57[K->A/2],1000.0,2,P02768,P02768;A0A087WWT3;A0A0C4DGB6;B7WNR0;C9JKR2;D6RHD5;H0YA55,7,False,84,0.25,0.75,12,0.20689655172413793,24.161961370662265,24.33408247723174,False
499,.LLIY-26.004WASTR.,0.08008658008658008,0.018191343305152107,0.06189523678142797,4.4024555385032045,3.5167270793315137,0.586975,0.12776605892762694,0.000204279658853,0.000204279658853,True,924,55356,.LLIYWASTR.,sp|P06312|KV401_HUMAN,"Y-26,4[Y->H/1]",Y-26[Y->H/1],8.986,3,P06312,P06312,1,True,47,0.13988095238095238,0.8601190476190477,16,0.27586206896551724,23.073195090856444,22.92531630266649,False
500,.LLDNWDSVTSTFSK+28.006LR.,0.05952380952380952,0.026826360286147842,0.03269744923766168,2.218855218855219,3.8920176217262656,1.0,0.1272590486184793,2.82278552476e-05,2.82278552476e-05,True,924,55356,.LLDNWDSVTSTFSKLR.,sp|P02647|APOA1_HUMAN;tr|F8W696|F8W696_HUMAN,"K+28,14[K->R/1]",K+28[K->R/1],21.529,2,P02647,P02647;F8W696,2,False,56,0.16666666666666666,0.8333333333333334,24,0.41379310344827586,25.556201070532353,25.097694452525584,False
501,.SYE-14.016LTQPPSVSVSPGQTAR.,0.0670995670995671,0.03304068213021172,0.034058884969355385,2.030816640986133,3.699338684600542,1.0,0.1259953507214963,9.98302885095e-05,9.98302885095e-05,True,924,55356,.SYELTQPPSVSVSPGQTAR.,sp|A0A075B6K4|LV310_HUMAN;sp|P01717|LV325_HUMAN,"E-14,3[E->D/1]",E-14[E->D/1],1000.0,2,A0A075B6K4,A0A075B6K4;P01717,2,False,62,0.18452380952380953,0.8154761904761905,29,0.5,25.06903883745563,24.854493467230714,False
502,.LLIYGA+42.047STR.,0.20454545454545456,0.03186646433990895,0.1726789902055456,6.418831168831169,0.7267671659569543,1.0,0.12549742033199307,,0.1875,False,924,55356,.LLIYGASTR.,sp|A0A0C4DH55|KVD07_HUMAN;sp|P01624|KV315_HUMAN;tr|A0A075B6H7|A0A075B6H7_HUMAN;tr|A0A0C4DH90|A0A0C4DH90_HUMAN,"A+42,6[A->IL/2]",A+42[A->IL/2],1000.0,2,A0A0C4DH55,A0A0C4DH55;P01624;A0A075B6H7;A0A0C4DH90,4,False,63,0.1875,0.8125,9,0.15517241379310345,24.002101043246697,24.033354203261094,False
503,.DS+12.036ERPSGIPER.,0.30194805194805197,0.07561962569549822,0.22632842625255373,3.9929852755939717,0.548462096157121,1.0,0.124132563082418,,0.28273809523809523,False,924,55356,.DSERPSGIPER.,sp|A0A075B6K0|LV316_HUMAN;sp|P01717|LV325_HUMAN;sp|P01718|LV327_HUMAN,"S+12,2[S->V/2]",S+12[S->V/2],21.209,3,A0A075B6K0,A0A075B6K0;P01717;P01718,3,False,95,0.28273809523809523,0.7172619047619048,14,0.2413793103448276,24.472931622938447,24.38474199094713,False
504,.EFNAETFTFHADIC+60.054T+27.047LSEK.,0.19805194805194806,0.030854830551340414,0.16719711750060764,6.418831168831169,0.7337122920532223,1.0,0.12267458030606276,,0.18452380952380953,False,924,55356,.EFNAETFTFHADICTLSEK.,sp|P02768-2|ALBU_HUMAN;sp|P02768-3|ALBU_HUMAN;sp|P02768|ALBU_HUMAN;tr|A0A087WWT3|A0A087WWT3_HUMAN;tr|A0A0C4DGB6|A0A0C4DGB6_HUMAN;tr|B7WNR0|B7WNR0_HUMAN;tr|C9JKR2|C9JKR2_HUMAN;tr|D6RHD5|D6RHD5_HUMAN;tr|H0YA55|H0YA55_HUMAN,"C+60,14[C->Y/1] & T+27,15[T->K/1]",C+60[C->Y/1],55.098,3,P02768,P02768;A0A087WWT3;A0A0C4DGB6;B7WNR0;C9JKR2;D6RHD5;H0YA55,7,False,62,0.18452380952380953,0.8154761904761905,9,0.15517241379310345,25.731066882421395,25.630511894048798,False
505,.ASGVPDRFSGS-30.011GSGTDFTLK.,0.20562770562770563,0.03414264036418816,0.17148506526351748,6.022607022607024,0.7132014819109228,1.0,0.12230340267153197,,0.19345238095238096,False,924,55356,.ASGVPDRFSGSGSGTDFTLK.,sp|A0A075B6P5|KV228_HUMAN;sp|A0A087WW87|KV240_HUMAN;sp|P01614|KVD40_HUMAN;sp|P01615|KV202_HUMAN;tr|A0A087X0Q4|A0A087X0Q4_HUMAN,"S-30,11[S->G/1]",S-30[S->G/1],1000.0,3,A0A075B6P5,A0A075B6P5;A0A087WW87;P01614;P01615;A0A087X0Q4,5,False,65,0.19345238095238096,0.8065476190476191,10,0.1724137931034483,24.812631124466936,24.72336310667211,False
506,.EI-14.016VLTQSPDFQSVTPK.,0.2976190476190476,0.07569188525182455,0.22192716236722307,3.9319809069212415,0.548462096157121,1.0,0.12171863666612892,,0.28273809523809523,False,924,55356,.EIVLTQSPDFQSVTPK.,sp|A0A0A0MT36|KVD21_HUMAN;sp|A0A0C4DH24|KV621_HUMAN,"I-14,2[I->V/1]",I-14[I->V/1],1000.0,2,A0A0A0MT36,A0A0A0MT36;A0A0C4DH24,2,False,95,0.28273809523809523,0.7172619047619048,15,0.25862068965517243,24.909123265711482,24.851382454491823,False
507,.LTFGG+40.031GTK.,0.3181818181818182,0.08591661247199942,0.23226520570981876,3.7033794632617174,0.5218734494696077,1.0,0.12121304409555113,,0.3005952380952381,False,924,55356,.LTFGGGTK.,tr|A0A0A0MT69|A0A0A0MT69_HUMAN,"G+40,5[G->P/2]",G+40[G->P/2],1000.0,2,A0A0A0MT69,A0A0A0MT69,1,True,101,0.3005952380952381,0.6994047619047619,17,0.29310344827586204,24.489468746985118,24.715479912339628,False
508,.VT-1.979VLGQPK.,0.1829004329004329,0.02680829539706626,0.15609213750336665,6.8225312423425635,0.7626597653874235,1.0,0.11904519296713906,,0.17261904761904762,False,924,55356,.VTVLGQPK.,sp|B9A064|IGLL5_HUMAN;tr|A0A0B4J231|A0A0B4J231_HUMAN,"T-2,2[T->V/2]",T-2[T->V/2],1000.0,2,B9A064,B9A064;A0A0B4J231,2,False,58,0.17261904761904762,0.8273809523809523,9,0.15517241379310345,24.18791568662335,24.4657982594503,False
509,.EHLVQAT+29.993PENLQEAR.,0.09632034632034632,0.009140833875280006,0.08717951244506632,10.537369744879626,1.3533328973483076,1.0,0.11798290216669444,0.044226873734,0.044226873734,True,924,55356,.EHLVQATPENLQEAR.,sp|Q06033-2|ITIH3_HUMAN;sp|Q06033|ITIH3_HUMAN;tr|A0A087WW43|A0A087WW43_HUMAN;tr|E7ET33|E7ET33_HUMAN,"T+30,7[T->M/1]",T+30[T->M/1],37.144,2,Q06033,Q06033;A0A087WW43;E7ET33,3,False,35,0.10416666666666667,0.8958333333333334,7,0.1206896551724138,25.921417166327146,25.75676419421262,False
510,.LILFM-16.014VSK.,0.1590909090909091,0.01858877086494689,0.1405021382259622,8.558441558441558,0.8358454974877496,1.0,0.11743807962357193,,0.14583333333333334,False,924,55356,.LILFMVSK.,sp|Q4L235-2|ACSF4_HUMAN;sp|Q4L235-3|ACSF4_HUMAN;sp|Q4L235-4|ACSF4_HUMAN;sp|Q4L235|ACSF4_HUMAN;tr|R4GNB1|R4GNB1_HUMAN,"M-16,5[M->D/3]",M-16[M->D/3],1000.0,2,Q4L235,Q4L235;R4GNB1,2,False,49,0.14583333333333334,0.8541666666666666,7,0.1206896551724138,24.223299786662885,24.355415244012136,False
511,.LVQSGP-10.021EVK.,0.2532467532467532,0.05874701929330154,0.1944997339534517,4.31080174438108,0.6018863082694975,1.0,0.11706672682864247,,0.25,False,924,55356,.LVQSGPEVK.,sp|A0A0C4DH39|HV158_HUMAN,"P-10,6[P->S/1]",P-10[P->S/1],1000.0,2,A0A0C4DH39,A0A0C4DH39,1,True,84,0.25,0.75,15,0.25862068965517243,24.210947355564898,24.218081099171673,False
512,.LVRPEVDVMC-45.988TAF+12.000HDNEETFLKK.,0.1590909090909091,0.01947395042994436,0.13961695866096474,8.169421487603305,0.8270775251782971,1.0,0.11547404864223133,,0.1488095238095238,False,924,55356,.LVRPEVDVMCTAFHDNEETFLKK.,sp|P02768-3|ALBU_HUMAN;sp|P02768|ALBU_HUMAN;tr|A0A087WWT3|A0A087WWT3_HUMAN;tr|A0A0C4DGB6|A0A0C4DGB6_HUMAN;tr|H7C013|H7C013_HUMAN,"C-46,10[C->G/1] & F+12,13[Thiazolidine]",C-46[C->G/1],36.35,4,P02768,P02768;A0A087WWT3;A0A0C4DGB6;H7C013,4,False,50,0.1488095238095238,0.8511904761904762,8,0.13793103448275862,29.852359309236377,29.495598078241073,False
513,.YYADSVK+0.948GR.,0.9729437229437229,0.8771587542452489,0.09578496869847397,1.1091991252836462,3.7130207182706325,0.3239125,0.1151999902288718,9.363295880149813e-05,9.363295880149813e-05,True,924,55356,.YYADSVKGR.,sp|A0A075B6Q5|HV364_HUMAN;sp|A0A0B4J1V1|HV321_HUMAN;sp|A0A0B4J1X8|HV343_HUMAN;sp|A0A0C4DH42|HV366_HUMAN;sp|A0A0J9YX35|HV64D_HUMAN;sp|P01763|HV302_HUMAN;sp|P01764|HV323_HUMAN;sp|P01767|HV353_HUMAN;sp|P01768|HV330_HUMAN;sp|P01772|HV333_HUMAN [further mapped to 5 additional proteins],"K+1,7[K->E/1]",K+1[K->E/1],1.971,2,A0A075B6Q5,A0A075B6Q5;A0A0B4J1V1;A0A0B4J1X8;A0A0C4DH42;A0A0J9YX35;P01763;P01764;P01767;P01768;P01772,10,False,315,0.9375,0.0625,51,0.8793103448275862,24.941020240019668,24.968071132110083,False
514,.D-43.990IVMTQSPDSLAVSLGER.,0.25,0.05880121396054628,0.19119878603945373,4.251612903225807,0.6018863082694975,1.0,0.11507993147489634,,0.25,False,924,55356,.DIVMTQSPDSLAVSLGER.,sp|P06312|KV401_HUMAN,"D-44,1[D->A/1]",D-44[D->A/1],28.987,2,P06312,P06312,1,True,84,0.25,0.75,14,0.2413793103448276,25.362286760148628,25.302988024697573,False
515,.DSN-43.006RPSGIPER.,0.22835497835497837,0.042362164896307536,0.18599281345867083,5.390540802481102,0.6688041574754905,0.92425,0.11497001480891694,,0.21428571428571427,False,924,55356,.DSNRPSGIPER.,sp|A0A075B6K2|LV312_HUMAN;sp|A0A075B6K5|LV39_HUMAN,"N-43,3[N->A/2]",N-43[N->A/2],17.98,3,A0A075B6K2,A0A075B6K2;A0A075B6K5,2,False,72,0.21428571428571427,0.7857142857142857,11,0.1896551724137931,24.25979975427995,24.342340715445957,False
516,.LLLY-15.995AASR.,0.3203463203463203,0.09328708721728449,0.22705923312903584,3.4339835222871624,0.5050110263168319,1.0,0.11466741635720719,,0.3125,False,924,55356,.LLLYAASR.,tr|A0A0G2JRQ6|A0A0G2JRQ6_HUMAN,"Y-16,4[Y->F/1]",Y-16[Y->F/1],1000.0,2,A0A0G2JRQ6,A0A0G2JRQ6,1,True,105,0.3125,0.6875,17,0.29310344827586204,23.200581811239566,23.30444119171712,False
517,.PGQAPVLVVYDDSD-43.990RPSGIPER.,0.16017316017316016,0.02035912999494183,0.13981403017821833,7.867387271113979,0.8184830720795813,1.0,0.11443541694009543,,0.15178571428571427,False,924,55356,.PGQAPVLVVYDDSDRPSGIPER.,sp|P80748|LV302_HUMAN,"D-44,14[D->A/1]",D-44[D->A/1],45.176,3,P80748,P80748,1,True,51,0.15178571428571427,0.8482142857142857,8,0.13793103448275862,24.580685781487322,24.54303242141513,False
518,.YLYEIAR-28.006R.,0.11580086580086581,0.059541874412891105,0.0562589913879747,1.9448642983230362,3.7285926927219393,0.54085,0.1134524084966796,8.68130914142e-05,8.68130914142e-05,True,924,55356,.YLYEIARR.,sp|P02768|ALBU_HUMAN;tr|A0A0C4DGB6|A0A0C4DGB6_HUMAN;tr|B7WNR0|B7WNR0_HUMAN;tr|D6RHD5|D6RHD5_HUMAN;tr|H0YA55|H0YA55_HUMAN;tr|H7C013|H7C013_HUMAN,"R-28,7[R->K/1]",R-28[R->K/1],7.756,3,P02768,P02768;A0A0C4DGB6;B7WNR0;D6RHD5;H0YA55;H7C013,6,False,83,0.24702380952380953,0.7529761904761905,34,0.5862068965517241,27.056103497853698,27.127619169334587,False
519,.AGVE-29.974TTTPSK.,0.2012987012987013,0.037791747958667535,0.1635069533400338,5.326525291152443,0.6936158251156084,1.0,0.11341101035308682,,0.20238095238095238,False,924,55356,.AGVETTTPSK.,sp|P0DOY2|IGLC2_HUMAN;sp|P0DOY3|IGLC3_HUMAN,"E-30,4[E->V/1]",E-30[E->V/1],1000.0,2,P0DOY2,P0DOY2;P0DOY3,2,False,68,0.20238095238095238,0.7976190476190477,12,0.20689655172413793,24.309958727034562,24.37981662628041,False
520,.LLIYGA-14.016SSR.,0.26406926406926406,0.06794204783582629,0.19612721623343776,3.8866839090183944,0.5719346616019112,1.0,0.11217195304739609,,0.26785714285714285,False,924,55356,.LLIYGASSR.,sp|P01619|KV301_HUMAN,"A-14,6[A->G/1]",A-14[A->G/1],1000.0,2,P01619,P01619,1,True,90,0.26785714285714285,0.7321428571428571,16,0.27586206896551724,24.66404765952529,24.700159970349027,False
521,.LT+12.036FGGGTK.,0.29329004329004327,0.08273719199364116,0.2105528512964021,3.5448392219134575,0.5305567108843757,1.0,0.11171022825114617,,0.29464285714285715,False,924,55356,.LTFGGGTK.,tr|A0A0A0MT69|A0A0A0MT69_HUMAN,"T+12,2[T->IL/1]",T+12[T->IL/1],1000.0,2,A0A0A0MT69,A0A0A0MT69,1,True,99,0.29464285714285715,0.7053571428571429,16,0.27586206896551724,24.363053336568804,24.446356626770967,False
522,.RHP-26.016YFYAPELLFFAK.,0.2564935064935065,0.06487101669195751,0.191622489801549,3.9538999012683225,0.5816908153590031,1.0,0.1114650423337853,,0.2619047619047619,False,924,55356,.RHPYFYAPELLFFAK.,sp|P02768|ALBU_HUMAN;tr|A0A0C4DGB6|A0A0C4DGB6_HUMAN;tr|B7WNR0|B7WNR0_HUMAN;tr|D6RHD5|D6RHD5_HUMAN;tr|H0YA55|H0YA55_HUMAN;tr|H7C013|H7C013_HUMAN,"P-26,3[P->A/1]",P-26[P->A/1],34.953,3,P02768,P02768;A0A0C4DGB6;B7WNR0;D6RHD5;H0YA55;H7C013,6,False,88,0.2619047619047619,0.7380952380952381,15,0.25862068965517243,24.111302961913943,23.78003510132696,False
523,.APK+0.948LLIYK.,0.30627705627705626,0.08978249873545777,0.2164945575415985,3.4113224803365645,0.5133604030244096,1.0,0.11113973331214623,,0.30654761904761907,False,924,55356,.APKLLIYK.,sp|P01602|KV105_HUMAN,"K+1,3[K->E/1]",K+1[K->E/1],20.057,2,P01602,P01602,1,True,103,0.30654761904761907,0.6934523809523809,17,0.29310344827586204,23.71303320230933,23.799750306165844,False
524,.AGVETT-30.011KPSK.,0.1774891774891775,0.02901221186501915,0.14847696562415835,6.117740292086494,0.747944890168297,1.0,0.11105258774628313,,0.17857142857142858,False,924,55356,.AGVETTKPSK.,sp|B9A064|IGLL5_HUMAN;sp|P0CG04|IGLC1_HUMAN;tr|A0A0B4J231|A0A0B4J231_HUMAN,"T-30,6[T->A/1]",T-30[T->A/1],1000.0,2,B9A064,B9A064;P0CG04;A0A0B4J231,3,False,60,0.17857142857142858,0.8214285714285714,11,0.1896551724137931,22.787704640529423,22.805623244086668,False
525,.LTISK+0.948DTSK.,0.10714285714285714,0.00834597875569044,0.09879687838716669,12.837662337662337,3.6378576349653056,0.308875,0.11101244818831746,0.000130219637121,0.000130219637121,True,924,55356,.LTISKDTSK.,sp|A0A0B4J1V2|HV226_HUMAN;sp|A0A0C4DH43|HV70D_HUMAN;sp|P01814|HV270_HUMAN;tr|A0A0J9YVU5|A0A0J9YVU5_HUMAN,"K+1,5[K->E/1]",K+1[K->E/1],1.57,2,A0A0B4J1V2,A0A0B4J1V2;A0A0C4DH43;P01814;A0A0J9YVU5,4,False,34,0.10119047619047619,0.8988095238095238,5,0.08620689655172414,24.20539562951668,24.150196276271753,False
526,.DS+50.027ERPSGIPER.,0.15367965367965367,0.019564274875352266,0.1341153788043014,7.855116259548391,0.8270775251782971,1.0,0.11092381558981146,,0.1488095238095238,False,924,55356,.DSERPSGIPER.,sp|A0A075B6K0|LV316_HUMAN;sp|P01717|LV325_HUMAN;sp|P01718|LV327_HUMAN,"S+50,2[S->H/2]",S+50[S->H/2],29.183,3,A0A075B6K0,A0A075B6K0;P01717;P01718,3,False,50,0.1488095238095238,0.8511904761904762,8,0.13793103448275862,24.067189314591637,24.049113556480734,False
527,.E-58.005VQLVESGGGLVQPGR.,0.15367965367965367,0.019564274875352266,0.1341153788043014,7.855116259548391,0.8270775251782971,1.0,0.11092381558981146,,0.1488095238095238,False,924,55356,.EVQLVESGGGLVQPGR.,sp|A0A0A0MS15|HV349_HUMAN;sp|P01782|HV309_HUMAN,"E-58,1[E->A/1]",E-58[E->A/1],1000.0,2,A0A0A0MS15,A0A0A0MS15;P01782,2,False,50,0.1488095238095238,0.8511904761904762,8,0.13793103448275862,24.939976637853285,24.934744705627942,False
528,.NTL-14.016YLQMNNLR.,0.15367965367965367,0.019564274875352266,0.1341153788043014,7.855116259548391,0.8270775251782971,1.0,0.11092381558981146,,0.1488095238095238,False,924,55356,.NTLYLQMNNLR.,tr|A0A0C4DH36|A0A0C4DH36_HUMAN,"L-14,3[L->V/1]",L-14[L->V/1],1000.0,2,A0A0C4DH36,A0A0C4DH36,1,True,50,0.1488095238095238,0.8511904761904762,8,0.13793103448275862,25.538724082038264,25.538118027908144,False
529,.EFNAETFTFHADI-12.036C+99.068TLSEK.,0.2803030303030303,0.07769708793988005,0.20260594236315022,3.607638815497453,0.5439160678759414,1.0,0.11020062749846428,,0.2857142857142857,False,924,55356,.EFNAETFTFHADICTLSEK.,sp|P02768-2|ALBU_HUMAN;sp|P02768-3|ALBU_HUMAN;sp|P02768|ALBU_HUMAN;tr|A0A087WWT3|A0A087WWT3_HUMAN;tr|A0A0C4DGB6|A0A0C4DGB6_HUMAN;tr|B7WNR0|B7WNR0_HUMAN;tr|C9JKR2|C9JKR2_HUMAN;tr|D6RHD5|D6RHD5_HUMAN;tr|H0YA55|H0YA55_HUMAN,"I-12,13[I->T/1] & C+99,14[NIPCAM]",I-12[I->T/1],1000.0,3,P02768,P02768;A0A087WWT3;A0A0C4DGB6;B7WNR0;C9JKR2;D6RHD5;H0YA55,7,False,96,0.2857142857142857,0.7142857142857143,18,0.3103448275862069,25.33965078121938,25.199391856009886,False
530,.FNKPFVFLMIE-14.016QNTK.,0.38961038961038963,0.1334995303128839,0.25611085929750577,2.918440152540288,0.42931254171187616,1.0,0.10995160396502489,,0.37202380952380953,False,924,55356,.FNKPFVFLMIEQNTK.,sp|P01009|A1AT_HUMAN;tr|A0A024R6I7|A0A024R6I7_HUMAN,"E-14,11[E->D/1]",E-14[E->D/1],1000.0,2,P01009,P01009;A0A024R6I7,2,False,125,0.37202380952380953,0.6279761904761905,20,0.3448275862068966,29.197423849651116,29.115142324777324,False
531,.LLIY-76.031DASSR.,0.35714285714285715,0.11874051593323216,0.238402341209625,3.0077590141487907,0.4543336241732168,1.0,0.10831419969314876,,0.35119047619047616,False,924,55356,.LLIYDASSR.,sp|A0A0C4DH25|KVD20_HUMAN,"Y-76,4[Y->S/1]",Y-76[Y->S/1],1000.0,2,A0A0C4DH25,A0A0C4DH25,1,True,118,0.35119047619047616,0.6488095238095238,19,0.3275862068965517,25.09814393994382,25.18341955843886,False
532,.DIVMTQSPDSLAVSLGE-58.005R.,0.1461038961038961,0.01793843485800997,0.12816546124588613,8.144740455918702,0.8447941402294444,1.0,0.10827343064032854,,0.14285714285714285,False,924,55356,.DIVMTQSPDSLAVSLGER.,sp|P06312|KV401_HUMAN,"E-58,17[E->A/1]",E-58[E->A/1],29.36,2,P06312,P06312,1,True,48,0.14285714285714285,0.8571428571428571,8,0.13793103448275862,25.33809003836706,25.25544668723879,False
533,.DAH-23.016K+57.021SEVAHR.,0.25,0.052912060119950866,0.19708793988004913,4.724820757937863,0.6230669250095525,0.8816124999999999,0.10826111280848645,,0.23809523809523808,False,924,55356,.DAHKSEVAHR.,sp|P02768-2|ALBU_HUMAN;sp|P02768-3|ALBU_HUMAN;sp|P02768|ALBU_HUMAN;tr|A0A087WWT3|A0A087WWT3_HUMAN;tr|A0A0C4DGB6|A0A0C4DGB6_HUMAN;tr|B7WNR0|B7WNR0_HUMAN;tr|C9JKR2|C9JKR2_HUMAN;tr|H7C013|H7C013_HUMAN,"H-23,3[H->N/1] & K+57,4[Carbamidomethyl]",H-23[H->N/1],16.843,3,P02768,P02768;A0A087WWT3;A0A0C4DGB6;B7WNR0;C9JKR2;H7C013,6,False,80,0.23809523809523808,0.7619047619047619,12,0.20689655172413793,24.829501452824793,24.80516913322375,False
534,.DS+76.031NRPSGIPER.,0.13744588744588745,0.01479514415781487,0.12265074328807259,9.289932289932292,0.8825550844076705,1.0,0.10824603709526842,,0.13095238095238096,False,924,55356,.DSNRPSGIPER.,sp|A0A075B6K2|LV312_HUMAN;sp|A0A075B6K5|LV39_HUMAN,"S+76,2[S->Y/1]",S+76[S->Y/1],21.691,3,A0A075B6K2,A0A075B6K2;A0A075B6K5,2,False,44,0.13095238095238096,0.8690476190476191,7,0.1206896551724138,24.393841776886838,24.55710516468507,False
535,.LT-1.979FGGGTK.,0.20454545454545456,0.04275959245610232,0.16178586208935225,4.783615623919807,0.6688041574754905,1.0,0.10820305718611513,,0.21428571428571427,False,924,55356,.LTFGGGTK.,tr|A0A0A0MT69|A0A0A0MT69_HUMAN,"T-2,2[T->V/2]",T-2[T->V/2],1000.0,2,A0A0A0MT69,A0A0A0MT69,1,True,72,0.21428571428571427,0.7857142857142857,14,0.2413793103448276,25.41470262276728,25.358018652802468,False
536,.LLLY-76.031AASR.,0.15367965367965367,0.02138882867259195,0.1322908250070617,7.185042997542997,0.8100554033283495,1.0,0.10716289760773548,,0.15476190476190477,False,924,55356,.LLLYAASR.,tr|A0A0G2JRQ6|A0A0G2JRQ6_HUMAN,"Y-76,4[Y->S/1]",Y-76[Y->S/1],1000.0,2,A0A0G2JRQ6,A0A0G2JRQ6,1,True,52,0.15476190476190477,0.8452380952380952,9,0.15517241379310345,24.43967564852082,24.419516501258666,False
537,.LNSDGSHS+14.016K.,0.07575757575757576,0.010116337885685382,0.06564123787189038,7.488636363636363,3.3607811276658284,0.48268750000000005,0.1064836782268674,0.000335731414868,0.000335731414868,True,924,55356,.LNSDGSHSK.,sp|A0A075B6H9|LV469_HUMAN,"S+14,8[S->T/1]",S+14[S->T/1],6.205,2,A0A075B6H9,A0A075B6H9,1,True,36,0.10714285714285714,0.8928571428571429,9,0.15517241379310345,22.95560411264609,22.744169371240513,False
538,.AGVETTT+12.995PSK.,0.15476190476190477,0.022310138015752583,0.1324517667461522,6.936842105263158,0.801788168712378,1.0,0.10619825950211642,,0.15773809523809523,False,924,55356,.AGVETTTPSK.,sp|P0DOY2|IGLC2_HUMAN;sp|P0DOY3|IGLC3_HUMAN,"T+13,7[T->N/1]",T+13[T->N/1],1000.0,2,P0DOY2,P0DOY2;P0DOY3,2,False,53,0.15773809523809523,0.8422619047619048,10,0.1724137931034483,23.777530241725394,23.811287003878142,False
539,.LLIYGASI+23.975R.,0.17316017316017315,0.030168364766240335,0.14299180839393283,5.739793140990746,0.7407702902937384,1.0,0.10592408341360024,,0.18154761904761904,False,924,55356,.LLIYGASIR.,sp|A0A087WSY6|KVD15_HUMAN,"I+24,8[I->H/2]",I+24[I->H/2],1000.0,3,A0A087WSY6,A0A087WSY6,1,True,61,0.18154761904761904,0.8184523809523809,11,0.1896551724137931,24.351579293266123,24.250677736652435,False
540,.LLIYDASS+12.036R.,0.21428571428571427,0.049281017414553076,0.1650046968711612,4.348240469208211,0.6396590832336678,1.0,0.10554675312985623,,0.22916666666666666,False,924,55356,.LLIYDASSR.,sp|A0A0C4DH25|KVD20_HUMAN,"S+12,8[S->V/2]",S+12[S->V/2],1000.0,2,A0A0C4DH25,A0A0C4DH25,1,True,77,0.22916666666666666,0.7708333333333334,14,0.2413793103448276,24.35595324086227,24.166218083935657,False
541,.W-71.052TFGQGTK.,0.19480519480519481,0.04037502709733362,0.1544301677078612,4.824893227577792,0.681032826038994,1.0,0.1051720135397605,,0.20833333333333334,False,924,55356,.WTFGQGTK.,sp|A0A0A0MT89|KJ01_HUMAN,"W-71,1[W->D/3]",W-71[W->D/3],1000.0,2,A0A0A0MT89,A0A0A0MT89,1,True,70,0.20833333333333334,0.7916666666666666,12,0.20689655172413793,24.210242130782305,24.272147410838095,False
542,.GLEWVAF-33.984IR.,0.34523809523809523,0.11682563769058459,0.22841245754751066,2.9551569506726456,0.45802871308223647,1.0,0.10461946398243728,,0.3482142857142857,False,924,55356,.GLEWVAFIR.,tr|A0A0J9YY99|A0A0J9YY99_HUMAN,"F-34,7[F->IL/1]",F-34[F->IL/1],1000.0,2,A0A0J9YY99,A0A0J9YY99,1,True,117,0.3482142857142857,0.6517857142857143,20,0.3448275862068966,23.464994867458916,23.45078726494557,False
543,.LDELRDEG+42.047K.,0.20454545454545456,0.04537900137293157,0.15916645317252298,4.507491314418067,0.6569104092433388,1.0,0.10455809989137278,,0.22023809523809523,False,924,55356,.LDELRDEGK.,sp|P02768|ALBU_HUMAN;tr|A0A0C4DGB6|A0A0C4DGB6_HUMAN;tr|B7WNR0|B7WNR0_HUMAN;tr|D6RHD5|D6RHD5_HUMAN;tr|H0YA55|H0YA55_HUMAN,"G+42,8[G->V/1]",G+42[G->V/1],1000.0,2,P02768,P02768;A0A0C4DGB6;B7WNR0;D6RHD5;H0YA55,5,False,74,0.22023809523809523,0.7797619047619048,15,0.25862068965517243,30.290224258747415,30.341285467863752,False
544,.GLEWVAF-60.036IR.,0.18831168831168832,0.038008526627646505,0.1503031616840418,4.9544590390598,0.6936158251156084,1.0,0.10425265150896136,,0.20238095238095238,False,924,55356,.GLEWVAFIR.,tr|A0A0J9YY99|A0A0J9YY99_HUMAN,"F-60,7[F->S/1]",F-60[F->S/1],1000.0,2,A0A0J9YY99,A0A0J9YY99,1,True,68,0.20238095238095238,0.7976190476190477,15,0.25862068965517243,24.45833018576518,24.405599217000926,False
545,.LDELRDEG+30.011K+58.005ASSAK.,0.12445887445887446,0.012013151239251391,0.11244572321962307,10.360218728639781,0.9239146318304274,1.0,0.10389024896936419,,0.11904761904761904,False,924,55356,.LDELRDEGKASSAK.,sp|P02768|ALBU_HUMAN;tr|A0A0C4DGB6|A0A0C4DGB6_HUMAN;tr|B7WNR0|B7WNR0_HUMAN;tr|D6RHD5|D6RHD5_HUMAN;tr|H0YA55|H0YA55_HUMAN,"G+30,8[G->S/1] & K+58,9[Carboxymethyl]",G+30[G->S/1],1000.0,2,P02768,P02768;A0A0C4DGB6;B7WNR0;D6RHD5;H0YA55,5,False,40,0.11904761904761904,0.8809523809523809,6,0.10344827586206896,24.936520140312453,24.75578308654708,False
546,.AIQLTYNPDESSKPNM-29.993IDAATLK.,0.1774891774891775,0.03345617457908808,0.1440330029100894,5.305124680934617,0.7199313586332263,1.0,0.10369387547308412,,0.19047619047619047,False,924,55356,.AIQLTYNPDESSKPNMIDAATLK.,sp|P02679-2|FIBG_HUMAN;sp|P02679|FIBG_HUMAN;tr|C9JC84|C9JC84_HUMAN;tr|C9JEU5|C9JEU5_HUMAN,"M-30,16[M->T/1]",M-30[M->T/1],1000.0,3,P02679,P02679;C9JC84;C9JEU5,3,False,64,0.19047619047619047,0.8095238095238095,11,0.1896551724137931,25.005910713971193,24.838858004151657,False
547,.VGT-3.995GGIVGSK.,0.14935064935064934,0.021461088228918273,0.12788956112173108,6.9591368227731865,0.8100554033283495,1.0,0.10359763001594947,,0.15476190476190477,False,924,55356,.VGTGGIVGSK.,sp|A0A0B4J1Y8|LV949_HUMAN,"T-4,3[T->P/1]",T-4[T->P/1],1000.0,2,A0A0B4J1Y8,A0A0B4J1Y8,1,True,52,0.15476190476190477,0.8452380952380952,10,0.1724137931034483,24.109326658180567,24.032999833631678,False
548,.AG+14.016VETTTPSK.,0.22510822510822512,0.04503576848038153,0.1800724566278436,4.998431973161216,0.6569104092433388,0.8733625,0.10331133499569176,,0.22023809523809523,False,924,55356,.AGVETTTPSK.,sp|P0DOY2|IGLC2_HUMAN;sp|P0DOY3|IGLC3_HUMAN,"G+14,2[G->A/1]",G+14[G->A/1],16.623,2,P0DOY2,P0DOY2;P0DOY3,2,False,74,0.22023809523809523,0.7797619047619048,12,0.20689655172413793,23.053303071121043,23.455344442796722,False
549,.LLIYDNN+33.025K.,0.11363636363636363,0.008851795649974709,0.10478456798638892,12.837662337662339,0.981854510331852,1.0,0.10288320069061055,,0.10416666666666667,False,924,55356,.LLIYDNNK.,sp|P01701|LV103_HUMAN,"N+33,7[N->F/2]",N+33[N->F/2],1000.0,2,P01701,P01701,1,True,35,0.10416666666666667,0.8958333333333334,5,0.08620689655172414,23.982679604897207,24.085827235095067,False
550,.EHSSLAFW-99.047K.,0.16666666666666666,0.029192860755834958,0.1374738059108317,5.709158415841584,0.747944890168297,1.0,0.10282283066299479,,0.17857142857142858,False,924,55356,.EHSSLAFWK.,sp|P02749|APOH_HUMAN;tr|J3KS17|J3KS17_HUMAN,"W-99,8[W->S/1]",W-99[W->S/1],1000.0,2,P02749,P02749;J3KS17,2,False,60,0.17857142857142858,0.8214285714285714,12,0.20689655172413793,29.691911333519446,29.317417573857746,False
551,.SLHTLFG+42.047DK.,0.16666666666666666,0.029192860755834958,0.1374738059108317,5.709158415841584,0.747944890168297,1.0,0.10282283066299479,,0.17857142857142858,False,924,55356,.SLHTLFGDK.,sp|P02768-3|ALBU_HUMAN;sp|P02768|ALBU_HUMAN;tr|A0A087WWT3|A0A087WWT3_HUMAN;tr|A0A0C4DGB6|A0A0C4DGB6_HUMAN;tr|H7C013|H7C013_HUMAN,"G+42,7[G->V/1]",G+42[G->V/1],1000.0,2,P02768,P02768;A0A087WWT3;A0A0C4DGB6;H7C013,4,False,60,0.17857142857142858,0.8214285714285714,11,0.1896551724137931,26.32649278020655,26.505404998439897,False
552,.KVLLDGVQNP+16.031R.,0.16017316017316016,0.02035912999494183,0.13981403017821833,7.867387271113979,0.7344001929241118,1.0,0.10267945073638114,0.184231606066,0.184231606066,True,924,55356,.KVLLDGVQNPR.,sp|P01024|CO3_HUMAN,"P+16,10[P->IL/1]",P+16[P->IL/1],1000.0,2,P01024,P01024,1,True,51,0.15178571428571427,0.8482142857142857,8,0.13793103448275862,25.939862720347534,25.917575202452337,False
553,.AAPSVTLFPPSSEELQANK+28.006.,0.37662337662337664,0.13597442011706048,0.24064895650631615,2.7698105003804487,0.42585293584927725,1.0,0.10248106463727977,,0.375,False,924,55356,.AAPSVTLFPPSSEELQANK.,sp|A0M8Q6|IGLC7_HUMAN;sp|P0CF74|IGLC6_HUMAN;sp|P0DOY2|IGLC2_HUMAN;sp|P0DOY3|IGLC3_HUMAN,"K+28,19[K->R/1]",K+28[K->R/1],1000.0,2,A0M8Q6,A0M8Q6;P0CF74;P0DOY2;P0DOY3,4,False,126,0.375,0.625,21,0.3620689655172414,24.94095797599188,24.90531952423174,False
554,.VT-30.011MSVDTSK.,0.37012987012987014,0.13382469831635233,0.23630517181351782,2.765781464755547,0.42931254171187616,1.0,0.10144877393092293,,0.37202380952380953,False,924,55356,.VTMSVDTSK.,sp|A0A0C4DH34|HV428_HUMAN,"T-30,2[T->A/1]",T-30[T->A/1],1000.0,2,A0A0C4DH34,A0A0C4DH34,1,True,125,0.37202380952380953,0.6279761904761905,21,0.3620689655172414,24.279800988563444,24.22121205577279,False
555,.VLLDGVQNP+16.031R.,0.16125541125541126,0.02315918780258689,0.13809622345282438,6.962913061977026,0.7344001929241118,1.0,0.10141789314584548,0.184231606066,0.184231606066,True,924,55356,.VLLDGVQNPR.,sp|P01024|CO3_HUMAN,"P+16,9[P->IL/1]",P+16[P->IL/1],1000.0,2,P01024,P01024,1,True,54,0.16071428571428573,0.8392857142857143,10,0.1724137931034483,29.76761861642213,29.71655893738852,False
556,.AGVETTK-15.011PSK.,0.1277056277056277,0.014180937929041116,0.1135246897765866,9.005442964678634,0.8925315986385236,1.0,0.1013243728512393,,0.12797619047619047,False,924,55356,.AGVETTKPSK.,sp|B9A064|IGLL5_HUMAN;sp|P0CG04|IGLC1_HUMAN;tr|A0A0B4J231|A0A0B4J231_HUMAN,"K-15,7[K->IL/1]",K-15[K->IL/1],1000.0,2,B9A064,B9A064;P0CG04;A0A0B4J231,3,False,43,0.12797619047619047,0.8720238095238095,7,0.1206896551724138,25.027046823846717,25.087798154444535,False
557,.ADSQAQLLLST+29.993VVGVFTAPGLHLK.,0.12337662337662338,0.012753811691596213,0.11062281168502716,9.673705897501932,0.913199656802426,1.0,0.1010207136652862,,0.12202380952380952,False,924,55356,.ADSQAQLLLSTVVGVFTAPGLHLK.,sp|P01019|ANGT_HUMAN,"T+30,11[T->M/1]",T+30[T->M/1],61.152,3,P01019,P01019,1,True,41,0.12202380952380952,0.8779761904761905,7,0.1206896551724138,23.530624463914506,23.950280002019994,False
558,.GLEWVANIKQ-31.006DGSEK.,0.11363636363636363,0.009484066767830045,0.10415229686853358,11.981818181818182,0.9696316241478713,1.0,0.10098936077136747,,0.10714285714285714,False,924,55356,.GLEWVANIKQDGSEK.,sp|P01780|HV307_HUMAN,"Q-31,10[Q->P/1]",Q-31[Q->P/1],24.909,3,P01780,P01780,1,True,36,0.10714285714285714,0.8928571428571429,6,0.10344827586206896,24.875704728986552,25.005598274542976,False
559,.LLLYAA-14.016SR.,0.3852813852813853,0.1427126237444902,0.24256876153689508,2.6997008055235905,0.415636463257029,1.0,0.10082042214183272,,0.38392857142857145,False,924,55356,.LLLYAASR.,tr|A0A0G2JRQ6|A0A0G2JRQ6_HUMAN,"A-14,6[A->G/1]",A-14[A->G/1],1000.0,2,A0A0G2JRQ6,A0A0G2JRQ6,1,True,129,0.38392857142857145,0.6160714285714286,23,0.39655172413793105,26.835838896489054,26.860271564878555,False
560,.N-14.975VHWYQQK.,0.12445887445887446,0.013476407254859456,0.110982467204015,9.235315622715087,0.90274269030658,1.0,0.10018861102061428,,0.125,False,924,55356,.NVHWYQQK.,sp|A0A075B6K5|LV39_HUMAN,"N-15,1[N->V/2]",N-15[N->V/2],1000.0,3,A0A075B6K5,A0A075B6K5,1,True,42,0.125,0.875,7,0.1206896551724138,24.21703119800799,24.116002885897938,False
561,.NYVSWYQQL+33.984PGTAPK.,0.11471861471861472,0.010116337885685382,0.10460227683292933,11.339935064935064,0.957743345946905,1.0,0.10018213460763417,,0.11011904761904762,False,924,55356,.NYVSWYQQLPGTAPK.,sp|P01701|LV103_HUMAN,"L+34,9[L->F/1]",L+34[L->F/1],21.092,2,P01701,P01701,1,True,37,0.11011904761904762,0.8898809523809523,6,0.10344827586206896,24.45492144490239,24.25506257276958,False
562,.KVPQVST-44.026PTLVEVSR.,0.21103896103896103,0.05213526988944288,0.15890369114951813,4.047911547911547,0.6285275127791489,1.0,0.09987534176963268,,0.23511904761904762,False,924,55356,.KVPQVSTPTLVEVSR.,sp|P02768-2|ALBU_HUMAN;sp|P02768-3|ALBU_HUMAN;sp|P02768|ALBU_HUMAN;tr|A0A087WWT3|A0A087WWT3_HUMAN;tr|A0A0C4DGB6|A0A0C4DGB6_HUMAN;tr|B7WNR0|B7WNR0_HUMAN;tr|C9JKR2|C9JKR2_HUMAN;tr|D6RHD5|D6RHD5_HUMAN;tr|H0YA55|H0YA55_HUMAN,"T-44,7[T->G/2]",T-44[T->G/2],1000.0,3,P02768,P02768;A0A087WWT3;A0A0C4DGB6;B7WNR0;C9JKR2;D6RHD5;H0YA55,7,False,79,0.23511904761904762,0.7648809523809523,14,0.2413793103448276,24.525878242304582,24.490167392422087,False
563,.LLI+33.984YWASTR.,0.17207792207792208,0.03354649902449599,0.13853142305342608,5.129534439712145,0.7199313586332263,1.0,0.09973311561224729,,0.19047619047619047,False,924,55356,.LLIYWASTR.,sp|P06312|KV401_HUMAN,"I+34,3[I->F/1]",I+34[I->F/1],1000.0,2,P06312,P06312,1,True,64,0.19047619047619047,0.8095238095238095,13,0.22413793103448276,23.434235831196823,23.318446930992824,False
564,.LSPLGEE+57.037MR.,0.15043290043290045,0.02431534070380808,0.12611755972909236,6.186748615426179,0.7857113544569868,1.0,0.0990919986755551,,0.1636904761904762,False,924,55356,.LSPLGEEMR.,sp|P02647|APOA1_HUMAN;tr|F8W696|F8W696_HUMAN,"E+57,7[E->W/2]",E+57[E->W/2],1000.0,2,P02647,P02647;F8W696,2,False,55,0.1636904761904762,0.8363095238095238,10,0.1724137931034483,26.248248343083745,26.115207187662623,False
565,.LLIYAAST+12.995LQSGVPSR.,0.12445887445887446,0.014235132596285859,0.1102237418625886,8.743077988001847,0.8925315986385236,1.0,0.09837817253253615,,0.12797619047619047,False,924,55356,.LLIYAASTLQSGVPSR.,sp|A0A075B6S5|KV127_HUMAN;sp|A0A087WSZ0|KVD08_HUMAN;sp|A0A0C4DH67|KV108_HUMAN;sp|A0A0C4DH69|KV109_HUMAN;tr|A0A0G2JQJ0|A0A0G2JQJ0_HUMAN,"T+13,8[T->N/1]",T+13[T->N/1],1000.0,2,A0A075B6S5,A0A075B6S5;A0A087WSZ0;A0A0C4DH67;A0A0C4DH69;A0A0G2JQJ0,5,False,43,0.12797619047619047,0.8720238095238095,8,0.13793103448275862,24.518655976795724,24.47214460544307,False
566,.PGQAPVLVVYDDS+27.011DRPSGIPER.,0.11471861471861472,0.01078473878170388,0.10393387593691084,10.637125019034567,0.9461718426924529,1.0,0.09833930691339572,,0.1130952380952381,False,924,55356,.PGQAPVLVVYDDSDRPSGIPER.,sp|P80748|LV302_HUMAN,"S+27,13[S->N/1]",S+27[S->N/1],45.703,3,P80748,P80748,1,True,38,0.1130952380952381,0.8869047619047619,7,0.1206896551724138,24.833343247766035,24.885620552345127,False
567,.LILFM-1.998VSK.,0.14502164502164502,0.02247272201748681,0.1225489230041582,6.453230049693072,0.801788168712378,1.0,0.09825827655317822,,0.15773809523809523,False,924,55356,.LILFMVSK.,sp|Q4L235-2|ACSF4_HUMAN;sp|Q4L235-3|ACSF4_HUMAN;sp|Q4L235-4|ACSF4_HUMAN;sp|Q4L235|ACSF4_HUMAN;tr|R4GNB1|R4GNB1_HUMAN,"M-2,5[M->E/2]",M-2[M->E/2],1000.0,2,Q4L235,Q4L235;R4GNB1,2,False,53,0.15773809523809523,0.8422619047619048,10,0.1724137931034483,23.706940493552725,23.513767811614226,False
568,.ATEDEGSEQKIPEATNRR-28.006.,0.07900432900432901,0.05293012500903244,0.026074203995296565,1.4926155755507293,3.766561243531246,1.0,0.09821008622461161,7.11743772242e-05,7.11743772242e-05,True,924,55356,.ATEDEGSEQKIPEATNRR.,sp|P01008|ANT3_HUMAN;tr|Q8TCE1|Q8TCE1_HUMAN,"R-28,18[R->K/1]",R-28[R->K/1],34.052,3,P01008,P01008;Q8TCE1,2,False,78,0.23214285714285715,0.7678571428571429,36,0.6206896551724138,27.95159969239355,26.74602122609218,False
569,.EVQLVESGGGLVQPG+72.021GSLR.,0.08874458874458875,0.008653081870077317,0.08009150687451143,10.255836022015563,1.222845183141805,1.0,0.09793951339206507,0.0597624954248,0.0597624954248,True,924,55356,.EVQLVESGGGLVQPGGSLR.,sp|A0A0B4J1X5|HV374_HUMAN;sp|A0A0B4J1Y9|HV372_HUMAN;sp|A0A0J9YX35|HV64D_HUMAN;sp|P01763|HV302_HUMAN;sp|P01764|HV323_HUMAN;sp|P01766|HV313_HUMAN;sp|P01780|HV307_HUMAN;tr|A0A075B7D8|A0A075B7D8_HUMAN;tr|A0A075B7E8|A0A075B7E8_HUMAN;tr|A0A075B7F1|A0A075B7F1_HUMAN [further mapped to 5 additional proteins],"G+72,15[G->E/1]",G+72[G->E/1],1000.0,2,A0A0B4J1X5,A0A0B4J1X5;A0A0B4J1Y9;A0A0J9YX35;P01763;P01764;P01766;P01780;A0A075B7D8;A0A075B7E8;A0A075B7F1,10,False,34,0.10119047619047619,0.8988095238095238,8,0.13793103448275862,24.658663534282503,24.70546790149361,False
570,.AEFAE-0.984VSK.,0.2857142857142857,0.09386516366789507,0.19184912204639062,3.043879907621247,0.5050110263168319,1.0,0.09688592202263087,,0.3125,False,924,55356,.AEFAEVSK.,sp|P02768-2|ALBU_HUMAN;sp|P02768|ALBU_HUMAN;tr|A0A0C4DGB6|A0A0C4DGB6_HUMAN;tr|B7WNR0|B7WNR0_HUMAN;tr|C9JKR2|C9JKR2_HUMAN;tr|D6RHD5|D6RHD5_HUMAN;tr|H0YA55|H0YA55_HUMAN,"E-1,5[E->Q/1]",E-1[E->Q/1],1000.0,2,P02768,P02768;A0A0C4DGB6;B7WNR0;C9JKR2;D6RHD5;H0YA55,6,False,105,0.3125,0.6875,22,0.3793103448275862,25.086899558936178,25.07669920810433,False
571,.EIV-28.031LTQSPGTLSLSPGER.,0.39935064935064934,0.15673097767179708,0.24261967167885226,2.54800075443229,0.39589743127288823,1.0,0.09605250479392913,,0.4017857142857143,False,924,55356,.EIVLTQSPGTLSLSPGER.,sp|P01619|KV301_HUMAN,"V-28,3[V->A/1]",V-28[V->A/1],1000.0,2,P01619,P01619,1,True,135,0.4017857142857143,0.5982142857142857,22,0.3793103448275862,24.922500745658542,24.959046171730982,False
572,.DIQVTQSPSS+14.016LSASVGDR.,0.11796536796536797,0.012844136137004119,0.10512123182836385,9.184375399565273,0.913199656802426,1.0,0.09599667282831012,,0.12202380952380952,False,924,55356,.DIQVTQSPSSLSASVGDR.,tr|A0A075B7D4|A0A075B7D4_HUMAN,"S+14,10[S->T/1]",S+14[S->T/1],38.736,2,A0A075B7D4,A0A075B7D4,1,True,41,0.12202380952380952,0.8779761904761905,8,0.13793103448275862,24.71182616759275,24.62289478593687,False
573,.LRTEGDGVYTLN-16.990NEK.,0.11038961038961038,0.010188597442011706,0.10020101294759867,10.834622823984526,0.957743345946905,1.0,0.09596685340770231,,0.11011904761904762,False,924,55356,.LRTEGDGVYTLNNEK.,sp|P00738-2|HPT_HUMAN;sp|P00738|HPT_HUMAN;tr|H3BMJ7|H3BMJ7_HUMAN;tr|H3BS21|H3BS21_HUMAN;tr|J3KRH2|J3KRH2_HUMAN;tr|J3KSV1|J3KSV1_HUMAN;tr|J3QLC9|J3QLC9_HUMAN;tr|J3QQI8|J3QQI8_HUMAN,"N-17,12[N->P/2]",N-17[N->P/2],30.423,3,P00738,P00738;H3BMJ7;H3BS21;J3KRH2;J3KSV1;J3QLC9;J3QQI8,7,False,37,0.11011904761904762,0.8898809523809523,6,0.10344827586206896,24.499939716245958,24.533586041133564,False
574,.VPQVST-44.026PTLVEVSR.,0.36147186147186144,0.1362273285642026,0.22524453290765883,2.6534460102952346,0.42585293584927725,1.0,0.09592104562272566,,0.375,False,924,55356,.VPQVSTPTLVEVSR.,sp|P02768-2|ALBU_HUMAN;sp|P02768-3|ALBU_HUMAN;sp|P02768|ALBU_HUMAN;tr|A0A087WWT3|A0A087WWT3_HUMAN;tr|A0A0C4DGB6|A0A0C4DGB6_HUMAN;tr|B7WNR0|B7WNR0_HUMAN;tr|C9JKR2|C9JKR2_HUMAN;tr|D6RHD5|D6RHD5_HUMAN;tr|H0YA55|H0YA55_HUMAN,"T-44,6[T->G/2]",T-44[T->G/2],1000.0,2,P02768,P02768;A0A087WWT3;A0A0C4DGB6;B7WNR0;C9JKR2;D6RHD5;H0YA55,7,False,126,0.375,0.625,21,0.3620689655172414,24.340487910190483,24.291932219964888,False
575,.GLEWVAFI+17.956R.,0.10822510822510822,0.009574391213237951,0.09865071701187027,11.303602058319038,0.9696316241478713,1.0,0.09565485495957181,,0.10714285714285714,False,924,55356,.GLEWVAFIR.,tr|A0A0J9YY99|A0A0J9YY99_HUMAN,"I+18,8[I->M/1]",I+18[I->M/1],1000.0,2,A0A0J9YY99,A0A0J9YY99,1,True,36,0.10714285714285714,0.8928571428571429,6,0.10344827586206896,23.141013898430792,23.17158775008265,False
576,.INPNSGG+14.016TNYAQK.,0.10822510822510822,0.009574391213237951,0.09865071701187027,11.303602058319038,0.9696316241478713,1.0,0.09565485495957181,,0.10714285714285714,False,924,55356,.INPNSGGTNYAQK.,sp|P23083|HV103_HUMAN;tr|A0A075B7D0|A0A075B7D0_HUMAN,"G+14,7[G->A/1]",G+14[G->A/1],1000.0,2,P23083,P23083;A0A075B7D0,2,False,36,0.10714285714285714,0.8928571428571429,6,0.10344827586206896,23.32897109179572,23.21808384663881,False
577,.LLIYGAST-1.979R.,0.11904761904761904,0.01356673170026736,0.10548088734735168,8.774966711051931,0.90274269030658,1.0,0.09522210001987357,,0.125,False,924,55356,.LLIYGASTR.,sp|A0A0C4DH55|KVD07_HUMAN;sp|P01624|KV315_HUMAN;tr|A0A075B6H7|A0A075B6H7_HUMAN;tr|A0A0C4DH90|A0A0C4DH90_HUMAN,"T-2,8[T->V/2]",T-2[T->V/2],1000.0,2,A0A0C4DH55,A0A0C4DH55;P01624;A0A075B6H7;A0A0C4DH90,4,False,42,0.125,0.875,8,0.13793103448275862,24.655483583134053,24.711134388274807,False
578,.ALEWLAHIFSN-12.995DEK.,0.11147186147186147,0.010838933448948623,0.10063292802291285,10.28439393939394,0.9461718426924529,1.0,0.09521604294297643,,0.1130952380952381,False,924,55356,.ALEWLAHIFSNDEK.,sp|A0A0B4J1V2|HV226_HUMAN,"N-13,11[N->T/1]",N-13[N->T/1],29.404,2,A0A0B4J1V2,A0A0B4J1V2,1,True,38,0.1130952380952381,0.8869047619047619,6,0.10344827586206896,23.114668328696602,23.683369162590797,False
579,.QINDYVA+115.042K.,0.16883116883116883,0.026013440277476697,0.14281772855369212,6.490151515151515,0.7702084919735886,0.8623000000000001,0.0948525061922058,,0.16964285714285715,False,924,55356,.QINDYVAK.,sp|P05154|IPSP_HUMAN;tr|G3V2M1|G3V2M1_HUMAN;tr|G3V5Q9|G3V5Q9_HUMAN,"A+115,7[A->W/2]",A+115[A->W/2],16.328,2,P05154,P05154;G3V2M1;G3V5Q9,3,False,57,0.16964285714285715,0.8303571428571429,11,0.1896551724137931,25.16274492737268,25.149502376454198,False
580,.VFDE-0.984FKPLVEEPQNLIK.,0.14285714285714285,0.02346629091697377,0.11939085194016907,6.087759815242494,0.7936753739252224,1.0,0.09475757905686455,,0.16071428571428573,False,924,55356,.VFDEFKPLVEEPQNLIK.,sp|P02768-2|ALBU_HUMAN;sp|P02768-3|ALBU_HUMAN;sp|P02768|ALBU_HUMAN;tr|A0A087WWT3|A0A087WWT3_HUMAN;tr|A0A0C4DGB6|A0A0C4DGB6_HUMAN;tr|B7WNR0|B7WNR0_HUMAN;tr|C9JKR2|C9JKR2_HUMAN;tr|D6RHD5|D6RHD5_HUMAN;tr|H0YA55|H0YA55_HUMAN,"E-1,4[E->Q/1]",E-1[E->Q/1],1000.0,3,P02768,P02768;A0A087WWT3;A0A0C4DGB6;B7WNR0;C9JKR2;D6RHD5;H0YA55,7,False,54,0.16071428571428573,0.8392857142857143,11,0.1896551724137931,25.144813592231472,24.99835711798641,False
581,.LLIYGASI+33.984R.,0.11471861471861472,0.01217573524098562,0.1025428794776291,9.42190450499056,0.9239146318304274,1.0,0.09474086673940559,,0.11904761904761904,False,924,55356,.LLIYGASIR.,sp|A0A087WSY6|KVD15_HUMAN,"I+34,8[I->F/1]",I+34[I->F/1],1000.0,2,A0A087WSY6,A0A087WSY6,1,True,40,0.11904761904761904,0.8809523809523809,7,0.1206896551724138,23.852029477897595,23.733657965820345,False
582,.YVSWYQQ+9.000HPGK.,0.16774891774891776,0.029174795866753377,0.1385741218821644,5.749788910779623,0.6830075935488517,1.0,0.09464717751488237,0.207387723834,0.207387723834,True,924,55356,.YVSWYQQHPGK.,sp|P01704|LV214_HUMAN;sp|P01706|LV211_HUMAN;sp|P01709|LV208_HUMAN,"Q+9,7[Q->H/1]",Q+9[Q->H/1],28.623,2,P01704,P01704;P01706;P01709,3,False,60,0.17857142857142858,0.8214285714285714,12,0.20689655172413793,24.721839695815984,24.757084755064962,False
583,.EVQLVQSGA-14.016EVK.,0.17207792207792208,0.03128838788929836,0.14078953418862372,5.499737560361117,0.7337122920532223,0.9128125,0.09429262923300538,,0.18452380952380953,False,924,55356,.EVQLVQSGAEVK.,sp|A0A0C4DH38|HV551_HUMAN;sp|A0A0G2JMI3|HV692_HUMAN;sp|A0A0J9YXX1|HV5X1_HUMAN,"A-14,9[A->G/1]",A-14[A->G/1],17.675,2,A0A0C4DH38,A0A0C4DH38;A0A0G2JMI3;A0A0J9YXX1,3,False,62,0.18452380952380953,0.8154761904761905,13,0.22413793103448276,25.607274108744,25.706641309930767,False
584,.TEGDGVYTLN-16.990NEK.,0.10822510822510822,0.010224727220174867,0.09800038100493336,10.584645036941858,0.957743345946905,1.0,0.09385921280773639,,0.11011904761904762,False,924,55356,.TEGDGVYTLNNEK.,sp|P00738-2|HPT_HUMAN;sp|P00738|HPT_HUMAN;tr|H3BMJ7|H3BMJ7_HUMAN;tr|H3BS21|H3BS21_HUMAN;tr|J3KRH2|J3KRH2_HUMAN;tr|J3KSV1|J3KSV1_HUMAN;tr|J3QLC9|J3QLC9_HUMAN;tr|J3QQI8|J3QQI8_HUMAN,"N-17,10[N->P/2]",N-17[N->P/2],21.008,3,P00738,P00738;H3BMJ7;H3BS21;J3KRH2;J3KSV1;J3QLC9;J3QQI8,7,False,37,0.11011904761904762,0.8898809523809523,7,0.1206896551724138,24.545556885521922,24.39368972199018,False
585,.LLIYG+58.005ASIR.,0.05735930735930736,0.03210130789796951,0.025257999461337853,1.7868215071366451,3.7130207182706325,1.0,0.09378347530201593,9.363295880149813e-05,9.363295880149813e-05,True,924,55356,.LLIYGASIR.,sp|A0A087WSY6|KVD15_HUMAN,"G+58,5[G->D/1]",G+58[G->D/1],1000.0,2,A0A087WSY6,A0A087WSY6,1,True,61,0.18154761904761904,0.8184523809523809,34,0.5862068965517241,26.3214106783,26.017502181244865,False
586,.EIVM-31.972TQSPATLSVSPGER.,0.38095238095238093,0.14983019004263315,0.23112219090974778,2.5425608873884733,0.40565481256500996,1.0,0.09375582903310818,,0.39285714285714285,False,924,55356,.EIVMTQSPATLSVSPGER.,sp|A0A087WSY6|KVD15_HUMAN;sp|P01624|KV315_HUMAN,"M-32,4[M->V/1]",M-32[M->V/1],1000.0,2,A0A087WSY6,A0A087WSY6;P01624,2,False,132,0.39285714285714285,0.6071428571428571,26,0.4482758620689655,25.18647058512091,25.096474588975546,False
587,.LLIYDASN+33.025R.,0.10930735930735931,0.010875063227111785,0.09843229608024753,10.051192993053458,0.9461718426924529,1.0,0.09313386696269692,,0.1130952380952381,False,924,55356,.LLIYDASNR.,sp|A0A0A0MRZ8|KVD11_HUMAN;sp|P04433|KV311_HUMAN,"N+33,8[N->F/2]",N+33[N->F/2],1000.0,2,A0A0A0MRZ8,A0A0A0MRZ8;P04433,2,False,38,0.1130952380952381,0.8869047619047619,7,0.1206896551724138,24.092852261911325,23.966806506186387,False
588,.PLLEKSHC+57.021I+17.956A+57.058EVENDEMPADLPSLAADFVESK.,0.2196969696969697,0.062359997109617746,0.15733697258735196,3.5230432950595176,0.5916711814399226,1.0,0.09309175245493925,,0.25595238095238093,False,924,55356,.PLLEKSHCIAEVENDEMPADLPSLAADFVESK.,sp|P02768-2|ALBU_HUMAN;sp|P02768|ALBU_HUMAN;tr|A0A0C4DGB6|A0A0C4DGB6_HUMAN;tr|B7WNR0|B7WNR0_HUMAN;tr|C9JKR2|C9JKR2_HUMAN;tr|D6RHD5|D6RHD5_HUMAN;tr|H0YA55|H0YA55_HUMAN,"I+18,9[I->M/1] & A+57,10[A->K/2]",I+18[I->M/1],29.84,3,P02768,P02768;A0A0C4DGB6;B7WNR0;C9JKR2;D6RHD5;H0YA55,6,False,86,0.25595238095238093,0.7440476190476191,19,0.3275862068965517,30.44440512672289,30.22244611407072,False
589,.HGTDDGVVWMNWKGSWYSMR-28.006KMSMKIRPFFPQQ.,0.15800865800865802,0.03152323144735891,0.1264854265612991,5.01245115915603,0.7337122920532223,1.0,0.09280391223362029,,0.18452380952380953,False,924,55356,.HGTDDGVVWMNWKGSWYSMRKMSMKIRPFFPQQ.,sp|P02675|FIBB_HUMAN;tr|D6REL8|D6REL8_HUMAN,"R-28,20[R->K/1]",R-28[R->K/1],56.264,4,P02675,P02675;D6REL8,2,False,62,0.18452380952380953,0.8154761904761905,13,0.22413793103448276,25.885447176650384,25.65563832502607,False
590,.LLIYD-27.995NNK.,0.1277056277056277,0.01824553797239685,0.10946008973323086,6.9992799279927995,0.8447941402294444,1.0,0.0924712423956226,,0.14285714285714285,False,924,55356,.LLIYDNNK.,sp|P01701|LV103_HUMAN,"D-28,5[D->S/2]",D-28[D->S/2],1000.0,2,P01701,P01701,1,True,48,0.14285714285714285,0.8571428571428571,9,0.15517241379310345,25.33439554188383,25.38263310517217,False
591,.EVQLV-12.036ESGGGLVQPGGSLR.,0.25432900432900435,0.08161716887058314,0.17271183545842123,3.1161213730934847,0.5349643262521719,1.0,0.09239467069179029,,0.2916666666666667,False,924,55356,.EVQLVESGGGLVQPGGSLR.,sp|A0A0B4J1X5|HV374_HUMAN;sp|A0A0B4J1Y9|HV372_HUMAN;sp|A0A0J9YX35|HV64D_HUMAN;sp|P01763|HV302_HUMAN;sp|P01764|HV323_HUMAN;sp|P01766|HV313_HUMAN;sp|P01780|HV307_HUMAN;tr|A0A075B7D8|A0A075B7D8_HUMAN;tr|A0A075B7E8|A0A075B7E8_HUMAN;tr|A0A075B7F1|A0A075B7F1_HUMAN [further mapped to 5 additional proteins],"V-12,5[V->S/2]",V-12[V->S/2],27.738,2,A0A0B4J1X5,A0A0B4J1X5;A0A0B4J1Y9;A0A0J9YX35;P01763;P01764;P01766;P01780;A0A075B7D8;A0A075B7E8;A0A075B7F1,10,False,98,0.2916666666666667,0.7083333333333334,20,0.3448275862068966,24.508251655678677,24.429010748938012,False
592,.ASNLET-44.026GVPSR.,0.32142857142857145,0.11933665727292435,0.2020919141556471,2.6934604904632153,0.4543336241732168,1.0,0.09181715177443776,,0.35119047619047616,False,924,55356,.ASNLETGVPSR.,sp|P01593|KVD33_HUMAN;sp|P01594|KV102_HUMAN;tr|A0A2Q2TTZ9|A0A2Q2TTZ9_HUMAN,"T-44,6[T->G/2]",T-44[T->G/2],1000.0,2,P01593,P01593;P01594;A0A2Q2TTZ9,3,False,118,0.35119047619047616,0.6488095238095238,22,0.3793103448275862,24.573969765547176,24.553651144422837,False
593,.AGVETTT-14.016PSK.,0.31385281385281383,0.11525399234048703,0.1985988215123268,2.7231404958677685,0.46175551073505355,1.0,0.0917041002588042,,0.34523809523809523,False,924,55356,.AGVETTTPSK.,sp|P0DOY2|IGLC2_HUMAN;sp|P0DOY3|IGLC3_HUMAN,"T-14,7[T->S/1]",T-14[T->S/1],1000.0,2,P0DOY2,P0DOY2;P0DOY3,2,False,116,0.34523809523809523,0.6547619047619048,27,0.46551724137931033,24.826392847907634,24.86615841501288,False
594,.LT-30.011VLSQPK.,0.38203463203463206,0.15459932076017052,0.22743531127446154,2.471127493679492,0.3991255949547677,1.0,0.09077525392614225,,0.39880952380952384,False,924,55356,.LTVLSQPK.,sp|P15814|IGLL1_HUMAN;tr|C9JEE0|C9JEE0_HUMAN,"T-30,2[T->A/1]",T-30[T->A/1],1000.0,2,P15814,P15814;C9JEE0,2,False,134,0.39880952380952384,0.6011904761904762,27,0.46551724137931033,25.962463000127933,25.98766828803255,False
595,.E-14.016VQLVQSGAEVK.,0.7380952380952381,0.527639280294819,0.21045595780041915,1.3988633251164064,0.4591120286810098,0.9380125000000001,0.09063345209203427,0.347346524116,0.347346524116,True,924,55356,.EVQLVQSGAEVK.,sp|A0A0B4J2H0|HV69D_HUMAN;sp|A0A0C4DH29|HV103_HUMAN;sp|A0A0C4DH31|HV118_HUMAN;sp|A0A0C4DH33|HV124_HUMAN;sp|P01742|HV169_HUMAN;sp|P01743|HV146_HUMAN;sp|P0DP01|HV108_HUMAN;sp|P23083|HV103_HUMAN;tr|A0A075B7D0|A0A075B7D0_HUMAN;tr|A0A087WYE8|A0A087WYE8_HUMAN,"E-14,1[E->D/1]",E-14[E->D/1],18.347,2,A0A0B4J2H0,A0A0B4J2H0;A0A0C4DH29;A0A0C4DH31;A0A0C4DH33;P01742;P01743;P0DP01;P23083;A0A075B7D0;A0A087WYE8,10,False,245,0.7291666666666666,0.2708333333333333,41,0.7068965517241379,25.770973942643913,25.758895753741967,False
596,.PL+17.956LEKSHC+47.985IAEVENDEMPADLPSLAADFVESK.,0.15476190476190477,0.03157742611460366,0.12318447864730112,4.901029748283753,0.7337122920532223,1.0,0.09038196617369253,,0.18452380952380953,False,924,55356,.PLLEKSHCIAEVENDEMPADLPSLAADFVESK.,sp|P02768-2|ALBU_HUMAN;sp|P02768|ALBU_HUMAN;tr|A0A0C4DGB6|A0A0C4DGB6_HUMAN;tr|B7WNR0|B7WNR0_HUMAN;tr|C9JKR2|C9JKR2_HUMAN;tr|D6RHD5|D6RHD5_HUMAN;tr|H0YA55|H0YA55_HUMAN,"L+18,2[L->M/1] & C+48,8[Trioxidation]",L+18[L->M/1],26.146,3,P02768,P02768;A0A0C4DGB6;B7WNR0;C9JKR2;D6RHD5;H0YA55,6,False,62,0.18452380952380953,0.8154761904761905,15,0.25862068965517243,28.86698071049984,29.10639556196546,False
597,.PLL+17.956EKSHC+47.985IAEVENDEMPADLPSLAADFVESK.,0.22077922077922077,0.06546715803164968,0.1553120627475711,3.372366044551475,0.5816908153590031,1.0,0.09034360041472328,,0.2619047619047619,False,924,55356,.PLLEKSHCIAEVENDEMPADLPSLAADFVESK.,sp|P02768-2|ALBU_HUMAN;sp|P02768|ALBU_HUMAN;tr|A0A0C4DGB6|A0A0C4DGB6_HUMAN;tr|B7WNR0|B7WNR0_HUMAN;tr|C9JKR2|C9JKR2_HUMAN;tr|D6RHD5|D6RHD5_HUMAN;tr|H0YA55|H0YA55_HUMAN,"L+18,3[L->M/1] & C+48,8[Trioxidation]",L+18[L->M/1],26.846,3,P02768,P02768;A0A0C4DGB6;B7WNR0;C9JKR2;D6RHD5;H0YA55,6,False,88,0.2619047619047619,0.7380952380952381,18,0.3103448275862069,29.427942901394307,29.318359720319595,False
598,.FNKPFVFLMIE-14.016QN+0.984TK.,0.38203463203463206,0.12696004046535153,0.25507459156928053,3.0090934961452893,0.43985985421075086,0.80275,0.0900662000782409,,0.3630952380952381,False,924,55356,.FNKPFVFLMIEQNTK.,sp|P01009|A1AT_HUMAN;tr|A0A024R6I7|A0A024R6I7_HUMAN,"E-14,11[E->D/1] & N+1,13[Deamidated]",E-14[E->D/1],14.74,3,P01009,P01009;A0A024R6I7,2,False,122,0.3630952380952381,0.6369047619047619,19,0.3275862068965517,24.84559483863957,24.888220747111877,False
599,.KYYA-14.016DSVK.,0.1406926406926407,0.025471493605029264,0.11522114708761144,5.523533204384269,0.7778907518362533,1.0,0.0896294647354176,,0.16666666666666666,False,924,55356,.KYYADSVK.,sp|P01768|HV330_HUMAN;sp|P01772|HV333_HUMAN;sp|P0DP02|HVC33_HUMAN;sp|P0DP03|HV335_HUMAN;tr|A0A0J9YY99|A0A0J9YY99_HUMAN,"A-14,4[A->G/1]",A-14[A->G/1],1000.0,2,P01768,P01768;P01772;P0DP02;P0DP03;A0A0J9YY99,5,False,56,0.16666666666666666,0.8333333333333334,14,0.2413793103448276,23.640229505591943,24.27504444169165,False
600,.LVRPEVDVMC-15.977T+79.966AFHDNEETFLK.,0.1341991341991342,0.02361081002962642,0.11058832416950778,5.683800514710997,0.7936753739252224,1.0,0.0877712295369978,,0.16071428571428573,False,924,55356,.LVRPEVDVMCTAFHDNEETFLK.,sp|P02768-3|ALBU_HUMAN;sp|P02768|ALBU_HUMAN;tr|A0A087WWT3|A0A087WWT3_HUMAN;tr|A0A0C4DGB6|A0A0C4DGB6_HUMAN;tr|H7C013|H7C013_HUMAN,"C-16,10[C->S/1] & T+80,11[Phospho]",C-16[C->S/1],50.586,3,P02768,P02768;A0A087WWT3;A0A0C4DGB6;H7C013,4,False,54,0.16071428571428573,0.8392857142857143,10,0.1724137931034483,26.300351829879396,26.40882580928819,False
601,.LLIYD-43.990ASNR.,0.4448051948051948,0.1944504660741383,0.2503547287310565,2.2874987331509073,0.3501507472641696,1.0,0.08766189534629791,,0.44642857142857145,False,924,55356,.LLIYDASNR.,sp|A0A0A0MRZ8|KVD11_HUMAN;sp|P04433|KV311_HUMAN,"D-44,5[D->A/1]",D-44[D->A/1],1000.0,2,A0A0A0MRZ8,A0A0A0MRZ8;P04433,2,False,150,0.44642857142857145,0.5535714285714286,27,0.46551724137931033,24.677945467422425,24.770166124759324,False
602,.VTMSVDTSK+28.006.,0.09956709956709957,0.009718910325890598,0.08984818924120896,10.244677255829673,0.9696316241478713,1.0,0.08711964566069874,,0.10714285714285714,False,924,55356,.VTMSVDTSK.,sp|A0A0C4DH34|HV428_HUMAN,"K+28,9[K->R/1]",K+28[K->R/1],1000.0,2,A0A0C4DH34,A0A0C4DH34,1,True,36,0.10714285714285714,0.8928571428571429,6,0.10344827586206896,24.03410701989857,23.878906825395987,False
603,.KK-13.068QTALVELVK.,0.3658008658008658,0.11648240479803454,0.24931846100283125,3.1403958944281523,0.45802871308223647,0.7599625000000001,0.08678392820596662,,0.3482142857142857,False,924,55356,.KKQTALVELVK.,sp|P02768-2|ALBU_HUMAN;sp|P02768-3|ALBU_HUMAN;sp|P02768|ALBU_HUMAN;tr|A0A087WWT3|A0A087WWT3_HUMAN;tr|A0A0C4DGB6|A0A0C4DGB6_HUMAN;tr|B7WNR0|B7WNR0_HUMAN;tr|C9JKR2|C9JKR2_HUMAN;tr|D6RHD5|D6RHD5_HUMAN;tr|H0YA55|H0YA55_HUMAN,"K-13,2[K->D/2]",K-13[K->D/2],13.599,3,P02768,P02768;A0A087WWT3;A0A0C4DGB6;B7WNR0;C9JKR2;D6RHD5;H0YA55,7,False,117,0.3482142857142857,0.6517857142857143,19,0.3275862068965517,23.742083651881842,23.697485494837316,False
604,.R-28.006IPIEDGSGEVVLSR.,0.11904761904761904,0.01754100729821519,0.10150661174940386,6.786817713697219,0.8539310560263097,1.0,0.08667964816482104,,0.13988095238095238,False,924,55356,.RIPIEDGSGEVVLSR.,sp|P01024|CO3_HUMAN,"R-28,1[R->K/1]",R-28[R->K/1],40.655,3,P01024,P01024,1,True,47,0.13988095238095238,0.8601190476190477,10,0.1724137931034483,24.207666912775178,24.212971424049766,False
605,.DI+33.984VMTQSPDSLAVSLGER.,0.36363636363636365,0.15011922826793844,0.2135171353684252,2.422317033147358,0.40565481256500996,1.0,0.08661425352729639,,0.39285714285714285,False,924,55356,.DIVMTQSPDSLAVSLGER.,sp|P06312|KV401_HUMAN,"I+34,2[I->F/1]",I+34[I->F/1],26.536,2,P06312,P06312,1,True,132,0.39285714285714285,0.6071428571428571,25,0.43103448275862066,25.070282086172917,25.000404835061076,False
606,.SSQSVLY-48.036SSNNK.,0.21103896103896103,0.06405809668328637,0.14698086435567465,3.294493154899246,0.5866523296276066,1.0,0.08622666648493578,,0.25892857142857145,False,924,55356,.SSQSVLYSSNNK.,sp|P06312|KV401_HUMAN,"Y-48,7[Y->D/1]",Y-48[Y->D/1],1000.0,2,P06312,P06312,1,True,87,0.25892857142857145,0.7410714285714286,20,0.3448275862068966,24.633616550569243,24.480954882115462,False
607,.PDESSKPNM+16.028IDAATLK.,0.09523809523809523,0.008544692535587832,0.0866934027025074,11.145877378435516,0.9944313871408688,1.0,0.08621064070541638,,0.10119047619047619,False,924,55356,.PDESSKPNMIDAATLK.,sp|P02679-2|FIBG_HUMAN;sp|P02679|FIBG_HUMAN;tr|C9JC84|C9JC84_HUMAN;tr|C9JEU5|C9JEU5_HUMAN,"M+16,9[M->F/2]",M+16[M->F/2],26.018,3,P02679,P02679;C9JC84;C9JEU5,3,False,34,0.10119047619047619,0.8988095238095238,6,0.10344827586206896,25.02963373071182,24.956866312463756,False
608,.APK-14.052LLIYK.,0.9372294372294372,0.8273538550473301,0.10987558218210713,1.132803614211505,1.3263117253688819,0.5907625,0.08609138962876506,0.0470724328172,0.0470724328172,True,924,55356,.APKLLIYK.,sp|P01602|KV105_HUMAN,"K-14,3[K->N/1]",K-14[K->N/1],9.087,2,P01602,P01602,1,True,306,0.9107142857142857,0.08928571428571429,51,0.8793103448275862,26.606419551769775,26.589513670564376,False
609,.WQQGNVFSC+57.021SV+31.972MHEALHNHYTQK.,0.4902597402597403,0.25747886407977455,0.23278087617996573,1.9040776104552153,0.36336128017618474,1.0,0.0845835571692863,0.433050400032,0.433050400032,True,924,55356,.WQQGNVFSCSVMHEALHNHYTQK.,sp|P01857|IGHG1_HUMAN;sp|P01859|IGHG2_HUMAN;tr|A0A0A0MS07|A0A0A0MS07_HUMAN;tr|A0A0A0MS08|A0A0A0MS08_HUMAN;tr|A0A286YEY4|A0A286YEY4_HUMAN,"V+32,11[V->M/1]",V+32[V->M/1],65.338,4,P01857,P01857;P01859;A0A0A0MS07;A0A0A0MS08;A0A286YEY4,5,False,172,0.5119047619047619,0.4880952380952381,39,0.6724137931034483,25.94559184206402,25.903446495405866,False
610,.NFM-31.972LTQPHSVSESPGK.,0.4935064935064935,0.22734662909169737,0.2661598644147961,2.1707227218550225,0.31673419629458244,1.0,0.08430193074129548,,0.48214285714285715,False,924,55356,.NFMLTQPHSVSESPGK.,sp|P01721|LV657_HUMAN,"M-32,3[M->V/1]",M-32[M->V/1],26.283,2,P01721,P01721,1,True,162,0.48214285714285715,0.5178571428571429,26,0.4482758620689655,25.851971432266975,25.78478495903245,False
611,.VVSVLTVLHQDWL+14.975NGK.,0.25757575757575757,0.09245610231953176,0.1651196552562258,2.785924899641195,0.5091656502268068,1.0,0.08407325663376239,,0.30952380952380953,False,924,55356,.VVSVLTVLHQDWLNGK.,sp|P01857|IGHG1_HUMAN;sp|P01860|IGHG3_HUMAN;sp|P01861|IGHG4_HUMAN;tr|A0A0A0MS08|A0A0A0MS08_HUMAN;tr|A0A286YES1|A0A286YES1_HUMAN;tr|A0A286YFJ8|A0A286YFJ8_HUMAN,"L+15,13[L->Q/1]",L+15[L->Q/1],1000.0,3,P01857,P01857;P01860;P01861;A0A0A0MS08;A0A286YES1;A0A286YFJ8,6,False,104,0.30952380952380953,0.6904761904761905,22,0.3793103448275862,24.481803631217666,24.44829132568647,False
612,.EVQLVESGGG+57.021LVQPGGSLR.,0.41125541125541126,0.18173278416070526,0.229522627094706,2.2629676486535333,0.3648706502985957,1.0,0.08374607020628747,,0.43154761904761907,False,924,55356,.EVQLVESGGGLVQPGGSLR.,sp|A0A0B4J1X5|HV374_HUMAN;sp|A0A0B4J1Y9|HV372_HUMAN;sp|A0A0J9YX35|HV64D_HUMAN;sp|P01763|HV302_HUMAN;sp|P01764|HV323_HUMAN;sp|P01766|HV313_HUMAN;sp|P01780|HV307_HUMAN;tr|A0A075B7D8|A0A075B7D8_HUMAN;tr|A0A075B7E8|A0A075B7E8_HUMAN;tr|A0A075B7F1|A0A075B7F1_HUMAN [further mapped to 5 additional proteins],"G+57,10[G->N/2]",G+57[G->N/2],1000.0,2,A0A0B4J1X5,A0A0B4J1X5;A0A0B4J1Y9;A0A0J9YX35;P01763;P01764;P01766;P01780;A0A075B7D8;A0A075B7E8;A0A075B7F1,10,False,145,0.43154761904761907,0.5684523809523809,27,0.46551724137931033,24.599644169632537,24.593187135832938,False
613,.LVRPEVDVM+25.061C+79.917TAFHDNEETFLK.,0.13095238095238096,0.024640508707276538,0.10631187224510442,5.314516129032258,0.7857113544569868,1.0,0.08353044513655913,,0.1636904761904762,False,924,55356,.LVRPEVDVMCTAFHDNEETFLK.,sp|P02768-3|ALBU_HUMAN;sp|P02768|ALBU_HUMAN;tr|A0A087WWT3|A0A087WWT3_HUMAN;tr|A0A0C4DGB6|A0A0C4DGB6_HUMAN;tr|H7C013|H7C013_HUMAN,"M+25,9[M->R/1] & C+80,10[Delta:Se(1)]",M+25[M->R/1],36.961,4,P02768,P02768;A0A087WWT3;A0A0C4DGB6;H7C013,4,False,55,0.1636904761904762,0.8363095238095238,17,0.29310344827586204,25.95000245415099,26.06952700386453,False
614,.EVQLVQSGAE-58.005VK.,0.3268398268398268,0.10284341354144086,0.22399641329838596,3.178033629816521,0.484813955264307,0.7686999999999999,0.08347819650085578,,0.3273809523809524,False,924,55356,.EVQLVQSGAEVK.,sp|A0A0C4DH38|HV551_HUMAN;sp|A0A0G2JMI3|HV692_HUMAN;sp|A0A0J9YXX1|HV5X1_HUMAN,"E-58,10[E->A/1]",E-58[E->A/1],13.832,2,A0A0C4DH38,A0A0C4DH38;A0A0G2JMI3;A0A0J9YXX1,3,False,110,0.3273809523809524,0.6726190476190477,19,0.3275862068965517,25.331698121724248,25.379845208016647,False
615,.EI-26.052VLTQSPGTLSLSPGER.,0.1331168831168831,0.019022328202904833,0.11409455491397827,6.997927997927998,0.8358454974877496,0.8750499999999999,0.08344951078212846,,0.14583333333333334,False,924,55356,.EIVLTQSPGTLSLSPGER.,sp|P01619|KV301_HUMAN,"I-26,2[I->S/1]",I-26[I->S/1],16.668,2,P01619,P01619,1,True,49,0.14583333333333334,0.8541666666666666,11,0.1896551724137931,25.485136429808403,25.477377050213185,False
616,.LLIYDAS+12.036NR.,0.09415584415584416,0.009176963653443167,0.08497888050240099,10.260021474588404,0.981854510331852,1.0,0.08343689710423388,,0.10416666666666667,False,924,55356,.LLIYDASNR.,sp|A0A0A0MRZ8|KVD11_HUMAN;sp|P04433|KV311_HUMAN,"S+12,7[S->V/2]",S+12[S->V/2],1000.0,2,A0A0A0MRZ8,A0A0A0MRZ8;P04433,2,False,35,0.10416666666666667,0.8958333333333334,8,0.13793103448275862,24.760936135762233,25.0578381895221,False
617,.PGQAPVLVVY-26.004DDSDRPSGIPER.,0.5216450216450217,0.24470698749909675,0.27693803414592494,2.1317128169335464,0.30094314545233225,1.0,0.08334260309126004,,0.5,False,924,55356,.PGQAPVLVVYDDSDRPSGIPER.,sp|P80748|LV302_HUMAN,"Y-26,10[Y->H/1]",Y-26[Y->H/1],42.89,4,P80748,P80748,1,True,168,0.5,0.5,26,0.4482758620689655,25.408003918379464,25.43536620152061,False
618,.YVLTQP-26.016PSVSVAPGQTAR.,0.4512987012987013,0.20528939952308692,0.2460093017756144,2.1983536526831142,0.33872381172911625,1.0,0.08332920841825456,,0.4583333333333333,False,924,55356,.YVLTQPPSVSVAPGQTAR.,sp|P80748|LV302_HUMAN,"P-26,6[P->A/1]",P-26[P->A/1],24.282,2,P80748,P80748,1,True,154,0.4583333333333333,0.5416666666666666,27,0.46551724137931033,25.0002224186711,25.08795711235988,False
619,.KK-57.058QTALVELVK.,0.1406926406926407,0.018028759303417876,0.12266388138922282,7.803789396975771,0.8447941402294444,0.8028625,0.08319721121934867,,0.14285714285714285,False,924,55356,.KKQTALVELVK.,sp|P02768-2|ALBU_HUMAN;sp|P02768-3|ALBU_HUMAN;sp|P02768|ALBU_HUMAN;tr|A0A087WWT3|A0A087WWT3_HUMAN;tr|A0A0C4DGB6|A0A0C4DGB6_HUMAN;tr|B7WNR0|B7WNR0_HUMAN;tr|C9JKR2|C9JKR2_HUMAN;tr|D6RHD5|D6RHD5_HUMAN;tr|H0YA55|H0YA55_HUMAN,"K-57,2[K->A/2]",K-57[K->A/2],14.743,3,P02768,P02768;A0A087WWT3;A0A0C4DGB6;B7WNR0;C9JKR2;D6RHD5;H0YA55,7,False,48,0.14285714285714285,0.8571428571428571,9,0.15517241379310345,24.151368586477368,24.167961964329603,False
620,.YASQSI-14.016SGVPSR.,0.17532467532467533,0.02798251318736903,0.1473421621373063,6.265508539233523,0.7552400091193143,0.7474375,0.08317387024899617,,0.17559523809523808,False,924,55356,.YASQSISGVPSR.,sp|A0A0A0MT36|KVD21_HUMAN;tr|A0A0C4DH26|A0A0C4DH26_HUMAN,"I-14,6[I->V/1]",I-14[I->V/1],13.265,2,A0A0A0MT36,A0A0A0MT36;A0A0C4DH26,2,False,59,0.17559523809523808,0.8244047619047619,10,0.1724137931034483,24.10271533658449,23.984364999813888,False
621,.M-1.998ADEAGSEADHEGTHSTK.,0.15151515151515152,0.03504588481826722,0.1164692666968843,4.323336457357076,0.7132014819109228,1.0,0.08306605360529637,,0.19345238095238096,False,924,55356,.MADEAGSEADHEGTHSTK.,sp|P02671-2|FIBA_HUMAN;sp|P02671|FIBA_HUMAN,"M-2,1[M->E/2]",M-2[M->E/2],26.536,3,P02671,P02671,1,True,65,0.19345238095238096,0.8065476190476191,16,0.27586206896551724,23.163661344998992,23.032721854470697,False
622,.LLIYGASI+1.943R.,0.13636363636363635,0.02758508562757425,0.1087785507360621,4.943382746919092,0.7626597653874235,1.0,0.08296102398354907,,0.17261904761904762,False,924,55356,.LLIYGASIR.,sp|A0A087WSY6|KVD15_HUMAN,"I+2,8[I->D/2]",I+2[I->D/2],1000.0,2,A0A087WSY6,A0A087WSY6,1,True,58,0.17261904761904762,0.8273809523809523,15,0.25862068965517243,25.204522939969237,25.15572599692891,False
623,.PLLE-0.984KSHC+133.020IAEVENDEMPADLPSLAADFVESK.,0.10281385281385282,0.013097044584146253,0.08971680822970657,7.850156739811913,0.913199656802426,1.0,0.0819293584847771,,0.12202380952380952,False,924,55356,.PLLEKSHCIAEVENDEMPADLPSLAADFVESK.,sp|P02768-2|ALBU_HUMAN;sp|P02768|ALBU_HUMAN;tr|A0A0C4DGB6|A0A0C4DGB6_HUMAN;tr|B7WNR0|B7WNR0_HUMAN;tr|C9JKR2|C9JKR2_HUMAN;tr|D6RHD5|D6RHD5_HUMAN;tr|H0YA55|H0YA55_HUMAN,"E-1,4[E->Q/1] & C+133,8[HCysteinyl]",E-1[E->Q/1],25.4,3,P02768,P02768;A0A0C4DGB6;B7WNR0;C9JKR2;D6RHD5;H0YA55,6,False,41,0.12202380952380952,0.8779761904761905,9,0.15517241379310345,29.56823260970256,29.40572820720711,False
624,.QVGSGVTTDQVQAEA+42.047K.,0.12229437229437229,0.0219127104559578,0.10038166183841449,5.580978790376976,0.8100554033283495,1.0,0.08131470756728683,,0.15476190476190477,False,924,55356,.QVGSGVTTDQVQAEAK.,sp|P01871-2|IGHM_HUMAN;sp|P01871|IGHM_HUMAN;tr|A0A1B0GUU9|A0A1B0GUU9_HUMAN,"A+42,15[A->IL/2]",A+42[A->IL/2],1000.0,2,P01871,P01871;A0A1B0GUU9,2,False,52,0.15476190476190477,0.8452380952380952,15,0.25862068965517243,26.302599657999394,26.25606120628828,False
625,.LLIY-48.036WASTR.,0.4523809523809524,0.2108533853602139,0.2415275670207385,2.1454763536668953,0.333121148757564,1.0,0.08045794058256793,,0.4642857142857143,False,924,55356,.LLIYWASTR.,sp|P06312|KV401_HUMAN,"Y-48,4[Y->D/1]",Y-48[Y->D/1],1000.0,2,P06312,P06312,1,True,156,0.4642857142857143,0.5357142857142857,28,0.4827586206896552,23.503698709025002,23.60957314379445,False
626,.LLIYDN-0.959NK.,0.10822510822510822,0.016077751282607126,0.09214735694250109,6.731358529111337,0.8728026114031173,1.0,0.08042645377331012,,0.13392857142857142,False,924,55356,.LLIYDNNK.,sp|P01701|LV103_HUMAN,"N-1,6[N->IL/1]",N-1[N->IL/1],1000.0,2,P01701,P01701,1,True,45,0.13392857142857142,0.8660714285714286,11,0.1896551724137931,24.440434527969927,24.287618673188657,False
627,.AGVE-0.984TTTPSK.,0.5173160173160173,0.2478141484211287,0.2695018688948886,2.0875160704581903,0.2983662364200213,1.0,0.08041025833032991,,0.5029761904761905,False,924,55356,.AGVETTTPSK.,sp|P0DOY2|IGLC2_HUMAN;sp|P0DOY3|IGLC3_HUMAN,"E-1,4[E->Q/1]",E-1[E->Q/1],1000.0,2,P0DOY2,P0DOY2;P0DOY3,2,False,169,0.5029761904761905,0.49702380952380953,27,0.46551724137931033,23.41938069737772,23.505614123455242,False
628,.SSQS+27.011VLYSSNNK.,0.3225108225108225,0.1279536093648385,0.19455721314598404,2.5205293083310876,0.43985985421075086,0.933025,0.07984632706125493,,0.3630952380952381,False,924,55356,.SSQSVLYSSNNK.,sp|P06312|KV401_HUMAN,"S+27,4[S->N/1]",S+27[S->N/1],18.214,2,P06312,P06312,1,True,122,0.3630952380952381,0.6369047619047619,27,0.46551724137931033,24.86205655927312,24.915464802317064,False
629,.GIETGSEDL+17.956EILPNGLAFISSGLK.,0.17857142857142858,0.05267721656189031,0.12589421200953826,3.389917695473251,0.6285275127791489,1.0,0.07912797594764594,,0.23511904761904762,False,924,55356,.GIETGSEDLEILPNGLAFISSGLK.,sp|P27169|PON1_HUMAN,"L+18,9[L->M/1]",L+18[L->M/1],1000.0,2,P27169,P27169,1,True,79,0.23511904761904762,0.7648809523809523,18,0.3103448275862069,25.775464502744224,25.55658289447863,False
630,.VGYVSGW-71.052GR.,0.10930735930735931,0.017703591299949417,0.0916037680074099,6.174304267161411,0.8539310560263097,1.0,0.07822330235055662,,0.13988095238095238,False,924,55356,.VGYVSGWGR.,sp|P00738-2|HPT_HUMAN;sp|P00738|HPT_HUMAN;tr|A0A087WU08|A0A087WU08_HUMAN;tr|A0A0C4DGL8|A0A0C4DGL8_HUMAN;tr|H0Y300|H0Y300_HUMAN;tr|H3BS21|H3BS21_HUMAN;tr|J3QLC9|J3QLC9_HUMAN;tr|J3QR68|J3QR68_HUMAN,"W-71,7[W->D/3]",W-71[W->D/3],1000.0,2,P00738,P00738;A0A087WU08;A0A0C4DGL8;H0Y300;H3BS21;J3QLC9;J3QR68,7,False,47,0.13988095238095238,0.8601190476190477,10,0.1724137931034483,23.1308482906608,23.081110916032348,False
631,.LLDNW-99.047DSVTSTFSK.,0.4696969696969697,0.2248356095093576,0.24486136018761212,2.0890684119030576,0.3194227754441462,1.0,0.07821429527015583,,0.4791666666666667,False,924,55356,.LLDNWDSVTSTFSK.,sp|P02647|APOA1_HUMAN;tr|F8W696|F8W696_HUMAN,"W-99,5[W->S/1]",W-99[W->S/1],1000.0,2,P02647,P02647;F8W696,2,False,161,0.4791666666666667,0.5208333333333334,28,0.4827586206896552,24.511412455535755,24.486577196018427,False
632,.ASNLET+12.995GVPSR.,0.08658008658008658,0.00868921164824048,0.0778908749318461,9.964089964089965,0.9944313871408688,1.0,0.07745713080409164,,0.10119047619047619,False,924,55356,.ASNLETGVPSR.,sp|P01593|KVD33_HUMAN;sp|P01594|KV102_HUMAN;tr|A0A2Q2TTZ9|A0A2Q2TTZ9_HUMAN,"T+13,6[T->N/1]",T+13[T->N/1],1000.0,2,P01593,P01593;P01594;A0A2Q2TTZ9,3,False,34,0.10119047619047619,0.8988095238095238,7,0.1206896551724138,24.399971580116606,24.230516037378425,False
633,.QEPE-31.990RNEC+103.961FLQHKDDNPNLPR.,0.12987012987012986,0.028741238528795433,0.10112889134133443,4.5185989372035875,0.7552400091193143,1.0,0.07637658481885556,,0.17559523809523808,False,924,55356,.QEPERNECFLQHKDDNPNLPR.,sp|P02768-3|ALBU_HUMAN;sp|P02768|ALBU_HUMAN;tr|A0A087WWT3|A0A087WWT3_HUMAN;tr|A0A0C4DGB6|A0A0C4DGB6_HUMAN;tr|H7C013|H7C013_HUMAN,"E-32,4[E->P/2] & C+104,8[DimethylArsino]",E-32[E->P/2],35.373,3,P02768,P02768;A0A087WWT3;A0A0C4DGB6;H7C013,4,False,59,0.17559523809523808,0.8244047619047619,15,0.25862068965517243,25.74357896831631,26.081074216585264,False
634,.LKEC+57.021C+57.021EK-27.047PLLEKSHC+79.966IAEVENDEMPADLPSLAADFVESK.,0.09632034632034632,0.01320543391863574,0.08311491240171058,7.293993284417361,0.913199656802426,1.0,0.0759005094804058,,0.12202380952380952,False,924,55356,.LKECCEKPLLEKSHCIAEVENDEMPADLPSLAADFVESK.,sp|P02768-2|ALBU_HUMAN;sp|P02768|ALBU_HUMAN;tr|A0A0C4DGB6|A0A0C4DGB6_HUMAN;tr|B7WNR0|B7WNR0_HUMAN;tr|C9JKR2|C9JKR2_HUMAN;tr|D6RHD5|D6RHD5_HUMAN;tr|H0YA55|H0YA55_HUMAN,"K-27,7[K->T/1] & C+80,15[Phospho]",K-27[K->T/1],40.803,3,P02768,P02768;A0A0C4DGB6;B7WNR0;C9JKR2;D6RHD5;H0YA55,6,False,41,0.12202380952380952,0.8779761904761905,11,0.1896551724137931,27.309103181564005,27.277115056825167,False
635,.PLLEKSH-23.016C+57.021IAEVENDEMPADLPSLAADFVESK.,0.461038961038961,0.22498012862201025,0.23605883241695078,2.0492430325415714,0.3194227754441462,1.0,0.07540256741872702,,0.4791666666666667,False,924,55356,.PLLEKSHCIAEVENDEMPADLPSLAADFVESK.,sp|P02768-2|ALBU_HUMAN;sp|P02768|ALBU_HUMAN;tr|A0A0C4DGB6|A0A0C4DGB6_HUMAN;tr|B7WNR0|B7WNR0_HUMAN;tr|C9JKR2|C9JKR2_HUMAN;tr|D6RHD5|D6RHD5_HUMAN;tr|H0YA55|H0YA55_HUMAN,"H-23,7[H->N/1]",H-23[H->N/1],24.372,3,P02768,P02768;A0A0C4DGB6;B7WNR0;C9JKR2;D6RHD5;H0YA55,6,False,161,0.4791666666666667,0.5208333333333334,32,0.5517241379310345,26.97130247854129,26.84432601154597,False
636,.PEVQFNWYVDGV+31.972EVHNAK.,0.6883116883116883,0.48097767179709516,0.20733401651459316,1.431067861715749,0.36336128017618474,1.0,0.07533715366481279,0.433050400032,0.433050400032,True,924,55356,.PEVQFNWYVDGVEVHNAK.,sp|P01859|IGHG2_HUMAN;sp|P01861|IGHG4_HUMAN;tr|A0A286YEY4|A0A286YEY4_HUMAN;tr|A0A286YFJ8|A0A286YFJ8_HUMAN,"V+32,12[V->M/1]",V+32[V->M/1],48.149,2,P01859,P01859;P01861;A0A286YEY4;A0A286YFJ8,4,False,234,0.6964285714285714,0.30357142857142855,40,0.6896551724137931,26.70915810106642,26.526327576426123,False
637,.AGVETTTPS+14.016K.,0.10822510822510822,0.009574391213237951,0.09865071701187027,11.303602058319038,0.9696316241478713,0.7866625,0.07524808733963416,,0.10714285714285714,False,924,55356,.AGVETTTPSK.,sp|P0DOY2|IGLC2_HUMAN;sp|P0DOY3|IGLC3_HUMAN,"S+14,9[S->T/1]",S+14[S->T/1],14.311,2,P0DOY2,P0DOY2;P0DOY3,2,False,36,0.10714285714285714,0.8928571428571429,6,0.10344827586206896,25.27728854212085,24.922593779758557,False
638,.L+15.959DELRDEGK.,0.37337662337662336,0.17461521786256232,0.19876140551406105,2.138282263980588,0.37394818252473183,1.0,0.07432646634804434,,0.4226190476190476,False,924,55356,.LDELRDEGK.,sp|P02768|ALBU_HUMAN;tr|A0A0C4DGB6|A0A0C4DGB6_HUMAN;tr|B7WNR0|B7WNR0_HUMAN;tr|D6RHD5|D6RHD5_HUMAN;tr|H0YA55|H0YA55_HUMAN,"L+16,1[L->E/2]",L+16[L->E/2],1000.0,3,P02768,P02768;A0A0C4DGB6;B7WNR0;D6RHD5;H0YA55,5,False,142,0.4226190476190476,0.5773809523809523,31,0.5344827586206896,24.48719740920879,24.38386210326923,False
639,.LVESGGG+58.005VVQPGR.,0.09415584415584416,0.013241563696798901,0.08091428045904525,7.110628798214065,0.913199656802426,1.0,0.07389089314561537,,0.12202380952380952,False,924,55356,.LVESGGGVVQPGR.,sp|P01768|HV330_HUMAN;sp|P01772|HV333_HUMAN;sp|P0DP02|HVC33_HUMAN;sp|P0DP03|HV335_HUMAN,"G+58,7[G->D/1]",G+58[G->D/1],1000.0,2,P01768,P01768;P01772;P0DP02;P0DP03,4,False,41,0.12202380952380952,0.8779761904761905,10,0.1724137931034483,23.987024551684815,23.966543405283346,False
640,.EIVLTQSPAT-1.979LSLSPGER.,0.30303030303030304,0.13270467519329432,0.17032562783700872,2.283493799965349,0.4327999283733472,1.0,0.07371691952800276,,0.36904761904761907,False,924,55356,.EIVLTQSPATLSLSPGER.,sp|A0A0A0MRZ8|KVD11_HUMAN;sp|A0A0C4DH25|KVD20_HUMAN;sp|P04433|KV311_HUMAN,"T-2,10[T->V/2]",T-2[T->V/2],30.251,2,A0A0A0MRZ8,A0A0A0MRZ8;A0A0C4DH25;P04433,3,False,124,0.36904761904761907,0.6309523809523809,34,0.5862068965517241,25.173871558541904,25.16582883270655,False
641,.YAASSY-15.995LSLTPEQWK.,0.45995670995670995,0.22790664065322638,0.23205006930348357,2.018180377010434,0.31673419629458244,1.0,0.07349819220094102,,0.48214285714285715,False,924,55356,.YAASSYLSLTPEQWK.,sp|A0M8Q6|IGLC7_HUMAN;sp|B9A064|IGLL5_HUMAN;sp|P0CF74|IGLC6_HUMAN;sp|P0CG04|IGLC1_HUMAN;sp|P0DOY2|IGLC2_HUMAN;sp|P0DOY3|IGLC3_HUMAN;tr|A0A0B4J231|A0A0B4J231_HUMAN,"Y-16,6[Y->F/1]",Y-16[Y->F/1],1000.0,2,A0M8Q6,A0M8Q6;B9A064;P0CF74;P0CG04;P0DOY2;P0DOY3;A0A0B4J231,7,False,162,0.48214285714285715,0.5178571428571429,28,0.4827586206896552,24.885297162485344,24.687483085129916,False
642,.VT+12.036VLGQPK.,0.591991341991342,0.304284991690151,0.28770635030119096,1.945516072623648,0.2544196442020966,1.0,0.07319814727831278,,0.5565476190476191,False,924,55356,.VTVLGQPK.,sp|B9A064|IGLL5_HUMAN;tr|A0A0B4J231|A0A0B4J231_HUMAN,"T+12,2[T->IL/1]",T+12[T->IL/1],1000.0,2,B9A064,B9A064;A0A0B4J231,2,False,187,0.5565476190476191,0.44345238095238093,28,0.4827586206896552,26.38531247785093,26.305706066992176,False
643,.Y-15.995AASSYLSLTPEQWK.,0.4264069264069264,0.17887853168581544,0.24752839472111096,2.383779218156112,0.36787546173610586,0.8035,0.0731664066794135,,0.42857142857142855,False,924,55356,.YAASSYLSLTPEQWK.,sp|A0M8Q6|IGLC7_HUMAN;sp|B9A064|IGLL5_HUMAN;sp|P0CF74|IGLC6_HUMAN;sp|P0CG04|IGLC1_HUMAN;sp|P0DOY2|IGLC2_HUMAN;sp|P0DOY3|IGLC3_HUMAN;tr|A0A0B4J231|A0A0B4J231_HUMAN,"Y-16,1[Y->F/1]",Y-16[Y->F/1],14.76,2,A0M8Q6,A0M8Q6;B9A064;P0CF74;P0CG04;P0DOY2;P0DOY3;A0A0B4J231,7,False,144,0.42857142857142855,0.5714285714285714,24,0.41379310344827586,25.733444011638984,25.571912170272952,False
644,.LT-44.026FGGGTK.,0.08982683982683982,0.011886697015680323,0.0779401428111595,7.556921801602653,0.9349006700482558,1.0,0.07286629173780977,,0.11607142857142858,False,924,55356,.LTFGGGTK.,tr|A0A0A0MT69|A0A0A0MT69_HUMAN,"T-44,2[T->G/2]",T-44[T->G/2],1000.0,2,A0A0A0MT69,A0A0A0MT69,1,True,39,0.11607142857142858,0.8839285714285714,8,0.13793103448275862,24.376303542467294,24.342677196280288,False
645,.LLIYDASN-0.959LETGVPSR.,0.3593073593073593,0.13400534720716814,0.22530201210019116,2.681291208117846,0.42931254171187616,0.7500625000000001,0.07254977991186644,,0.37202380952380953,False,924,55356,.LLIYDASNLETGVPSR.,sp|P01593|KVD33_HUMAN;sp|P01594|KV102_HUMAN;tr|A0A2Q2TTZ9|A0A2Q2TTZ9_HUMAN,"N-1,8[N->IL/1]",N-1[N->IL/1],13.335,2,P01593,P01593;P01594;A0A2Q2TTZ9,3,False,125,0.37202380952380953,0.6279761904761905,24,0.41379310344827586,24.912801689496085,24.833546505035386,False
646,.EVQL+17.956VQSGAEVK.,0.10822510822510822,0.015282896163017558,0.09294221206209066,7.0814528261336775,0.8825550844076705,0.8826624999999999,0.07240182307468784,,0.13095238095238096,False,924,55356,.EVQLVQSGAEVK.,sp|A0A0C4DH38|HV551_HUMAN;sp|A0A0G2JMI3|HV692_HUMAN;sp|A0A0J9YXX1|HV5X1_HUMAN,"L+18,4[L->M/1]",L+18[L->M/1],16.871,2,A0A0C4DH38,A0A0C4DH38;A0A0G2JMI3;A0A0J9YXX1,3,False,44,0.13095238095238096,0.8690476190476191,9,0.15517241379310345,24.241544520813,24.226944734457696,False
647,.AGVETTTP-26.016SK.,0.36796536796536794,0.17470554230797022,0.19325982565739772,2.1062031753790618,0.37394818252473183,1.0,0.07226916055963041,,0.4226190476190476,False,924,55356,.AGVETTTPSK.,sp|P0DOY2|IGLC2_HUMAN;sp|P0DOY3|IGLC3_HUMAN,"P-26,8[P->A/1]",P-26[P->A/1],1000.0,2,P0DOY2,P0DOY2;P0DOY3,2,False,142,0.4226190476190476,0.5773809523809523,31,0.5344827586206896,24.925014401391348,24.898471555697622,False
648,.LLIYDASN+23.016LETGVPSR.,0.5638528138528138,0.29142279066406535,0.2724300231887485,1.9348274462953359,0.26380845566413913,1.0,0.07186934369396934,,0.5446428571428571,False,924,55356,.LLIYDASNLETGVPSR.,sp|P01593|KVD33_HUMAN;sp|P01594|KV102_HUMAN;tr|A0A2Q2TTZ9|A0A2Q2TTZ9_HUMAN,"N+23,8[N->H/1]",N+23[N->H/1],21.512,3,P01593,P01593;P01594;A0A2Q2TTZ9,3,False,183,0.5446428571428571,0.45535714285714285,29,0.5,24.589365753424445,24.494706859790142,False
649,.DIQLTQSPSS+14.016LSASVGDR.,0.24783549783549783,0.10219307753450393,0.1456424203009939,2.425169138798271,0.48877892581650084,1.0,0.07118694574803514,,0.3244047619047619,False,924,55356,.DIQLTQSPSSLSASVGDR.,tr|A0A075B6S9|A0A075B6S9_HUMAN,"S+14,10[S->T/1]",S+14[S->T/1],1000.0,2,A0A075B6S9,A0A075B6S9,1,True,109,0.3244047619047619,0.6755952380952381,23,0.39655172413793105,24.60399391129567,24.6342536763016,False
650,.LDELRDEG+72.021KASSAK.,0.15367965367965367,0.042326035118144374,0.1113536185615093,3.6308539944903577,0.6748754520108213,0.9448750000000001,0.07100718963049606,,0.2113095238095238,False,924,55356,.LDELRDEGKASSAK.,sp|P02768|ALBU_HUMAN;tr|A0A0C4DGB6|A0A0C4DGB6_HUMAN;tr|B7WNR0|B7WNR0_HUMAN;tr|D6RHD5|D6RHD5_HUMAN;tr|H0YA55|H0YA55_HUMAN,"G+72,8[G->E/1]",G+72[G->E/1],18.53,2,P02768,P02768;A0A0C4DGB6;B7WNR0;D6RHD5;H0YA55,5,False,71,0.2113095238095238,0.7886904761904762,16,0.27586206896551724,23.0719382399757,23.082765900182796,False
651,.LDELRDEGKA+57.058.,0.5465367965367965,0.2851542741527567,0.26138252238403986,1.9166354709591962,0.26858008959062296,1.0,0.07020214127932843,,0.5386904761904762,False,924,55356,.LDELRDEGKA.,sp|P02768|ALBU_HUMAN;tr|A0A0C4DGB6|A0A0C4DGB6_HUMAN;tr|B7WNR0|B7WNR0_HUMAN;tr|D6RHD5|D6RHD5_HUMAN;tr|H0YA55|H0YA55_HUMAN,"A+57,10[A->K/2]",A+57[A->K/2],1000.0,2,P02768,P02768;A0A0C4DGB6;B7WNR0;D6RHD5;H0YA55,5,False,181,0.5386904761904762,0.46130952380952384,31,0.5344827586206896,25.489951014312332,25.47016808954579,False
652,.LDELRDE-0.984GK.,0.42207792207792205,0.21135920225449817,0.21071871982342388,1.9969696969696968,0.333121148757564,1.0,0.07019486201230224,,0.4642857142857143,False,924,55356,.LDELRDEGK.,sp|P02768|ALBU_HUMAN;tr|A0A0C4DGB6|A0A0C4DGB6_HUMAN;tr|B7WNR0|B7WNR0_HUMAN;tr|D6RHD5|D6RHD5_HUMAN;tr|H0YA55|H0YA55_HUMAN,"E-1,7[E->Q/1]",E-1[E->Q/1],1000.0,2,P02768,P02768;A0A0C4DGB6;B7WNR0;D6RHD5;H0YA55,5,False,156,0.4642857142857143,0.5357142857142857,32,0.5517241379310345,23.98481202740281,23.80228972518727,False
653,.LLIYGASS-30.011R.,0.030303030303030304,0.009628585880482694,0.020674444422547608,3.147194269145489,3.3924097566107467,1.0,0.07013618697155714,0.000305126118796,0.000305126118796,True,924,55356,.LLIYGASSR.,sp|P01619|KV301_HUMAN,"S-30,8[S->G/1]",S-30[S->G/1],1000.0,2,P01619,P01619,1,True,34,0.10119047619047619,0.8988095238095238,19,0.3275862068965517,25.265282839730205,25.157166677386925,False
654,.L+0.959V-2.016NEVTEFAK.,0.5173160173160173,0.2695642748753523,0.247751742440665,1.9190822580448634,0.2807437067241695,1.0,0.06955474252016403,,0.5238095238095238,False,924,55356,.LVNEVTEFAK.,sp|P02768-3|ALBU_HUMAN;sp|P02768|ALBU_HUMAN;tr|A0A087WWT3|A0A087WWT3_HUMAN;tr|A0A0C4DGB6|A0A0C4DGB6_HUMAN;tr|H7C013|H7C013_HUMAN,"L+1,1[L->N/2] & V-2,2[V->P/2]",L+1[L->N/2],1000.0,2,P02768,P02768;A0A087WWT3;A0A0C4DGB6;H7C013,4,False,176,0.5238095238095238,0.47619047619047616,30,0.5172413793103449,26.0282570176668,25.845286959957438,False
655,.DYE-58.005KHKVYAC+131.095EVTHQGLSSPVTK.,0.11363636363636363,0.008851795649974709,0.10478456798638892,12.837662337662339,0.981854510331852,0.6745749999999999,0.0694024351058686,,0.10416666666666667,False,924,55356,.DYEKHKVYACEVTHQGLSSPVTK.,sp|P01834|IGKC_HUMAN,"E-58,3[E->A/1] & C+131,10[HN3_mustard]",E-58[E->A/1],11.322,3,P01834,P01834,1,True,35,0.10416666666666667,0.8958333333333334,5,0.08620689655172414,26.943243102705093,27.001862403525227,False
656,.PLL+17.956EKSHC+57.021IA+57.058EVENDEMPADLPSLAADFVESK.,0.08008658008658008,0.009411807211503722,0.07067477287507636,8.509160704938054,0.981854510331852,1.0,0.06939234451407295,,0.10416666666666667,False,924,55356,.PLLEKSHCIAEVENDEMPADLPSLAADFVESK.,sp|P02768-2|ALBU_HUMAN;sp|P02768|ALBU_HUMAN;tr|A0A0C4DGB6|A0A0C4DGB6_HUMAN;tr|B7WNR0|B7WNR0_HUMAN;tr|C9JKR2|C9JKR2_HUMAN;tr|D6RHD5|D6RHD5_HUMAN;tr|H0YA55|H0YA55_HUMAN,"L+18,3[L->M/1] & A+57,10[A->K/2]",L+18[L->M/1],28.046,3,P02768,P02768;A0A0C4DGB6;B7WNR0;C9JKR2;D6RHD5;H0YA55,6,False,35,0.10416666666666667,0.8958333333333334,9,0.15517241379310345,30.257799540760516,29.58283847979979,False
657,.LLIYGASI+0.959R.,0.26515151515151514,0.11606691234915818,0.14908460280235697,2.2844711708524934,0.46175551073505355,1.0,0.06884063690973494,,0.34523809523809523,False,924,55356,.LLIYGASIR.,sp|A0A087WSY6|KVD15_HUMAN,"I+1,8[I->N/1]",I+1[I->N/1],1000.0,2,A0A087WSY6,A0A087WSY6,1,True,116,0.34523809523809523,0.6547619047619048,29,0.5,29.143395025016645,28.838967775440313,False
658,.YELTQPSSVSVSPGQTAR-28.006.,0.08225108225108226,0.010658284558132813,0.07159279769294945,7.717103235747304,0.957743345946905,1.0,0.06856752560814526,,0.11011904761904762,False,924,55356,.YELTQPSSVSVSPGQTAR.,sp|P01718|LV327_HUMAN,"R-28,18[R->K/1]",R-28[R->K/1],1000.0,2,P01718,P01718,1,True,37,0.11011904761904762,0.8898809523809523,9,0.15517241379310345,24.65621884105714,24.539652459300946,False
659,.LLIYSASN-12.995LQSGVPSR.,0.3344155844155844,0.10074788640797745,0.23366769800760695,3.3193310186317175,0.48877892581650084,0.5936125,0.06779757968903086,,0.3244047619047619,False,924,55356,.LLIYSASNLQSGVPSR.,tr|A0A075B6S9|A0A075B6S9_HUMAN,"N-13,8[N->T/1]",N-13[N->T/1],9.163,2,A0A075B6S9,A0A075B6S9,1,True,109,0.3244047619047619,0.6755952380952381,17,0.29310344827586204,24.444260052737718,24.30111300758787,False
660,.GLEWVGF-10.010IR.,0.11904761904761904,0.015102247272201748,0.1039453717754173,7.882775119617225,0.8825550844076705,0.7329625,0.06724015933577886,,0.13095238095238096,False,924,55356,.GLEWVGFIR.,sp|A0A0A0MS15|HV349_HUMAN,"F-10,7[F->H/2]",F-10[F->H/2],12.879,2,A0A0A0MS15,A0A0A0MS15,1,True,44,0.13095238095238096,0.8690476190476191,9,0.15517241379310345,24.16835085342374,24.104126444179563,False
661,.EVQLVETGGGLI-42.047QPGGSLR.,0.1396103896103896,0.041296336440494255,0.09831405316989535,3.3806967310904317,0.681032826038994,1.0,0.06695509746964173,,0.20833333333333334,False,924,55356,.EVQLVETGGGLIQPGGSLR.,sp|P01767|HV353_HUMAN,"I-42,12[I->A/2]",I-42[I->A/2],30.469,2,P01767,P01767,1,True,70,0.20833333333333334,0.7916666666666666,23,0.39655172413793105,25.524344278182642,25.264431642507724,False
662,.W-49.020TFGQGTK.,0.18614718614718614,0.03927306886335718,0.14687411728382896,4.739817680020072,0.6872787555969594,0.66205,0.06682961806125329,,0.20535714285714285,False,924,55356,.WTFGQGTK.,sp|A0A0A0MT89|KJ01_HUMAN,"W-49,1[W->H/3]",W-49[W->H/3],10.988,2,A0A0A0MT89,A0A0A0MT89,1,True,69,0.20535714285714285,0.7946428571428571,13,0.22413793103448276,23.995934109587804,24.15170200877275,False
663,.LVNEVTEFA+42.047K.,0.08441558441558442,0.01268155213526989,0.07173403228031452,6.656565656565657,0.9239146318304274,1.0,0.0662761220239788,,0.11904761904761904,False,924,55356,.LVNEVTEFAK.,sp|P02768-3|ALBU_HUMAN;sp|P02768|ALBU_HUMAN;tr|A0A087WWT3|A0A087WWT3_HUMAN;tr|A0A0C4DGB6|A0A0C4DGB6_HUMAN;tr|H7C013|H7C013_HUMAN,"A+42,9[A->IL/2]",A+42[A->IL/2],1000.0,2,P02768,P02768;A0A087WWT3;A0A0C4DGB6;H7C013,4,False,40,0.11904761904761904,0.8809523809523809,12,0.20689655172413793,29.662969582082866,28.353134918510488,False
664,.EIVM+16.028TQSPATLSVSPGER.,0.21645021645021645,0.059361225522075296,0.15708899092814116,3.646323244619045,0.6018863082694975,0.6971499999999999,0.065915332292128,,0.25,False,924,55356,.EIVMTQSPATLSVSPGER.,sp|A0A087WSY6|KVD15_HUMAN;sp|P01624|KV315_HUMAN,"M+16,4[M->F/2]",M+16[M->F/2],11.924,2,A0A087WSY6,A0A087WSY6;P01624,2,False,84,0.25,0.75,25,0.43103448275862066,26.57455885339678,26.592027624012715,False
665,.YSPSFQGQVTISADK+28.006.,0.08116883116883117,0.010026013440277476,0.07114281772855369,8.095823095823096,0.9222438053790737,1.0,0.06561102294737117,0.11950688905,0.11950688905,True,924,55356,.YSPSFQGQVTISADK.,sp|A0A0C4DH38|HV551_HUMAN,"K+28,15[K->R/1]",K+28[K->R/1],1000.0,2,A0A0C4DH38,A0A0C4DH38,1,True,36,0.10714285714285714,0.8928571428571429,8,0.13793103448275862,25.12699278283008,24.966505972097096,False
666,.STSESTAALGC+57.021LV+31.972K.,0.841991341991342,0.6615904328347424,0.18040090915659956,1.2726776268266589,0.36336128017618474,1.0,0.06555070529608963,0.433050400032,0.433050400032,True,924,55356,.STSESTAALGCLVK.,sp|P01859|IGHG2_HUMAN;sp|P01861|IGHG4_HUMAN;tr|A0A286YEY4|A0A286YEY4_HUMAN;tr|A0A286YFJ8|A0A286YFJ8_HUMAN,"V+32,13[V->M/1]",V+32[V->M/1],1000.0,2,P01859,P01859;P01861;A0A286YEY4;A0A286YFJ8,4,False,274,0.8154761904761905,0.18452380952380953,46,0.7931034482758621,26.916100850080646,26.843763257926167,False
667,.LLIYW-49.020ASTR.,0.1471861471861472,0.028452200303490136,0.11873394688265707,5.173102453102453,0.7552400091193143,0.727,0.06519199992091469,,0.17559523809523808,False,924,55356,.LLIYWASTR.,sp|P06312|KV401_HUMAN,"W-49,5[W->H/3]",W-49[W->H/3],12.72,3,P06312,P06312,1,True,59,0.17559523809523808,0.8244047619047619,12,0.20689655172413793,23.590351303337002,23.49657767175436,False
668,.SG+58.005TSASLAISGLR.,0.5108225108225108,0.2329286798179059,0.27789383100460496,2.193042570892734,0.3114064610496116,0.7504,0.06493806601928141,,0.4880952380952381,False,924,55356,.SGTSASLAISGLR.,sp|P01700|LV147_HUMAN,"G+58,2[G->D/1]",G+58[G->D/1],13.344,2,P01700,P01700,1,True,164,0.4880952380952381,0.5119047619047619,26,0.4482758620689655,25.596050778426388,25.567651878730995,False
669,.DSGVPDRFSGSGSGTDFTLK+28.006.,0.5757575757575758,0.31474456246838645,0.26101301328918936,1.8292852185981958,0.2475088816766046,1.0,0.064603039022248,,0.5654761904761905,False,924,55356,.DSGVPDRFSGSGSGTDFTLK.,sp|A0A075B6S6|KVD30_HUMAN;sp|P06310|KV230_HUMAN,"K+28,20[K->R/1]",K+28[K->R/1],42.035,3,A0A075B6S6,A0A075B6S6;P06310,2,False,190,0.5654761904761905,0.43452380952380953,33,0.5689655172413793,25.682938494831774,25.679167219850257,False
670,.NQVSLTC+57.021LV+31.972K.,0.8138528138528138,0.6375821952453212,0.1762706186074926,1.276467285193981,0.36336128017618474,1.0,0.06404991763466653,0.433050400032,0.433050400032,True,924,55356,.NQVSLTCLVK.,sp|P01857|IGHG1_HUMAN;sp|P01859|IGHG2_HUMAN;sp|P01860|IGHG3_HUMAN;sp|P01861|IGHG4_HUMAN;tr|A0A0A0MS07|A0A0A0MS07_HUMAN;tr|A0A0A0MS08|A0A0A0MS08_HUMAN;tr|A0A286YES1|A0A286YES1_HUMAN;tr|A0A286YEY4|A0A286YEY4_HUMAN;tr|A0A286YFJ8|A0A286YFJ8_HUMAN,"V+32,9[V->M/1]",V+32[V->M/1],1000.0,2,P01857,P01857;P01859;P01860;P01861;A0A0A0MS07;A0A0A0MS08;A0A286YES1;A0A286YEY4;A0A286YFJ8,9,False,269,0.8005952380952381,0.19940476190476192,47,0.8103448275862069,27.741818855352356,27.722438331451347,False
671,.EIVMTQSPA+15.995T+27.995LSVSPGER.,0.07467532467532467,0.009502131656911626,0.06517319301841304,7.858797096439682,0.981854510331852,1.0,0.06399059351785721,,0.10416666666666667,False,924,55356,.EIVMTQSPATLSVSPGER.,sp|A0A087WSY6|KVD15_HUMAN;sp|P01624|KV315_HUMAN,"A+16,9[A->S/1] & T+28,10[Formyl]",A+16[A->S/1],1000.0,2,A0A087WSY6,A0A087WSY6;P01624,2,False,35,0.10416666666666667,0.8958333333333334,10,0.1724137931034483,24.4175749343347,24.457730692957227,False
672,.SG+80.037TASVVCLLNNFYPR.,0.13636363636363635,0.013277693474962063,0.12308594288867429,10.27012987012987,0.90274269030658,0.5686749999999999,0.06318828578750954,,0.125,False,924,55356,.SGTASVVCLLNNFYPR.,sp|P01834|IGKC_HUMAN,"G+80,2[G->H/2] & C+0,8[De-Carbamidomethyl]",G+80[G->H/2],8.498,2,P01834,P01834,1,True,42,0.125,0.875,6,0.10344827586206896,26.048411197303633,26.04011110262374,False
673,.NSLY-76.031LQMNSLR.,0.3852813852813853,0.1335717898692102,0.2517095954121751,2.884451766788797,0.24918272106565906,1.0,0.06272168190314192,0.563300565982,0.563300565982,True,924,55356,.NSLYLQMNSLR.,sp|A0A0B4J1V1|HV321_HUMAN;sp|A0A0B4J1X8|HV343_HUMAN;sp|A0A0C4DH32|HV320_HUMAN;sp|P01762|HV301_HUMAN;sp|P01763|HV302_HUMAN;sp|P01766|HV313_HUMAN;sp|P01780|HV307_HUMAN;sp|P01782|HV309_HUMAN;sp|P0DP04|HV43D_HUMAN;tr|A0A075B7F0|A0A075B7F0_HUMAN [further mapped to 2 additional proteins],"Y-76,4[Y->S/1]",Y-76[Y->S/1],1000.0,2,A0A0B4J1V1,A0A0B4J1V1;A0A0B4J1X8;A0A0C4DH32;P01762;P01763;P01766;P01780;P01782;P0DP04;A0A075B7F0,10,False,125,0.37202380952380953,0.6279761904761905,20,0.3448275862068966,25.56454923042372,25.61529627591041,False
674,.PFVFLMIE-14.016QNTK.,0.49783549783549785,0.273068863357179,0.22476663447831885,1.8231133777574635,0.27828357650975577,1.0,0.06254886292268755,,0.5267857142857143,False,924,55356,.PFVFLMIEQNTK.,sp|P01009|A1AT_HUMAN;tr|A0A024R6I7|A0A024R6I7_HUMAN,"E-14,8[E->D/1]",E-14[E->D/1],1000.0,2,P01009,P01009;A0A024R6I7,2,False,177,0.5267857142857143,0.4732142857142857,33,0.5689655172413793,27.741126105450178,26.723174743234097,False
675,.HVIILM+16.028TDGLHNMGGDPITVIDEIR.,0.07683982683982683,0.011417009899559216,0.06542281694026762,6.730293440736479,0.9461718426924529,1.0,0.06190122725850404,,0.1130952380952381,False,924,55356,.HVIILMTDGLHNMGGDPITVIDEIR.,sp|P00751-2|CFAB_HUMAN;sp|P00751|CFAB_HUMAN;tr|A0A0G2JH38|A0A0G2JH38_HUMAN;tr|B4E1Z4|B4E1Z4_HUMAN;tr|E7ETN3|E7ETN3_HUMAN,"M+16,6[M->F/2]",M+16[M->F/2],79.437,3,P00751,P00751;A0A0G2JH38;B4E1Z4;E7ETN3,4,False,38,0.1130952380952381,0.8869047619047619,13,0.22413793103448276,25.48737722631649,25.144423478444388,False
676,.QGF-18.026GNVATNTDGK.,0.13203463203463203,0.03307681190837488,0.09895782012625715,3.9917581053572317,0.7267671659569543,0.8586625000000001,0.06175440119852639,,0.1875,False,924,55356,.QGFGNVATNTDGK.,sp|P02675|FIBB_HUMAN;tr|D6REL8|D6REL8_HUMAN,"F-18,3[F->E/3]",F-18[F->E/3],16.231,2,P02675,P02675;D6REL8,2,False,63,0.1875,0.8125,18,0.3103448275862069,24.37208895698459,24.872550661862714,False
677,.LGADMEDVC+53.092GR.,0.2002164502164502,0.04545126092925789,0.15476518928719232,4.4050802139037435,0.6569104092433388,0.6062875,0.0616393487051025,,0.22023809523809523,False,924,55356,.LGADMEDVCGR.,sp|P02649|APOE_HUMAN;tr|E7ERP7|E7ERP7_HUMAN;tr|E9PEV4|E9PEV4_HUMAN;tr|H0Y7L5|H0Y7L5_HUMAN,"C+53,9[C->R/1]",C+53[C->R/1],9.501,3,P02649,P02649;E7ERP7;E9PEV4;H0Y7L5,4,False,74,0.22023809523809523,0.7797619047619048,14,0.2413793103448276,25.78812716084233,25.822777562915697,False
678,.AEFAEVS+14.016K.,0.09956709956709957,0.012428643688127754,0.08713845587897182,8.011099365750528,0.9239146318304274,0.727,0.05852967541549022,,0.11904761904761904,False,924,55356,.AEFAEVSK.,sp|P02768-2|ALBU_HUMAN;sp|P02768|ALBU_HUMAN;tr|A0A0C4DGB6|A0A0C4DGB6_HUMAN;tr|B7WNR0|B7WNR0_HUMAN;tr|C9JKR2|C9JKR2_HUMAN;tr|D6RHD5|D6RHD5_HUMAN;tr|H0YA55|H0YA55_HUMAN,"S+14,7[S->T/1]",S+14[S->T/1],12.72,2,P02768,P02768;A0A0C4DGB6;B7WNR0;C9JKR2;D6RHD5;H0YA55,6,False,40,0.11904761904761904,0.8809523809523809,10,0.1724137931034483,24.016593283586047,23.933809416628325,False
679,.QEPERNE-31.990C+103.961FLQHKDDNPNLPR.,0.08658008658008658,0.01808295397066262,0.06849713260942396,4.787939333393879,0.8539310560263097,1.0,0.058491828783939576,,0.13988095238095238,False,924,55356,.QEPERNECFLQHKDDNPNLPR.,sp|P02768-3|ALBU_HUMAN;sp|P02768|ALBU_HUMAN;tr|A0A087WWT3|A0A087WWT3_HUMAN;tr|A0A0C4DGB6|A0A0C4DGB6_HUMAN;tr|H7C013|H7C013_HUMAN,"E-32,7[E->P/2] & C+104,8[DimethylArsino]",E-32[E->P/2],30.122,4,P02768,P02768;A0A087WWT3;A0A0C4DGB6;H7C013,4,False,47,0.13988095238095238,0.8601190476190477,16,0.27586206896551724,27.643521128665444,27.504055678349236,False
680,.LLI+33.984YGASSR.,0.2564935064935065,0.06806850205939735,0.18842500443410914,3.7681673422119286,0.5719346616019112,0.54265,0.058479649216658,,0.26785714285714285,False,924,55356,.LLIYGASSR.,sp|P01619|KV301_HUMAN,"I+34,3[I->F/1]",I+34[I->F/1],7.804,2,P01619,P01619,1,True,90,0.26785714285714285,0.7321428571428571,18,0.3103448275862069,23.48665184901857,23.382308196377608,False
681,.HYEGSTVPEKK+28.006.,0.5454545454545454,0.3118361153262519,0.23361843012829353,1.7491705374917053,0.24980027217081788,1.0,0.05835794743016692,,0.5625,False,924,55356,.HYEGSTVPEKK.,sp|P00738-2|HPT_HUMAN;sp|P00738|HPT_HUMAN;tr|A0A087WU08|A0A087WU08_HUMAN;tr|A0A0C4DGL8|A0A0C4DGL8_HUMAN;tr|H0Y300|H0Y300_HUMAN;tr|J3QLC9|J3QLC9_HUMAN;tr|J3QR68|J3QR68_HUMAN,"K+28,11[K->R/1]",K+28[K->R/1],1000.0,3,P00738,P00738;A0A087WU08;A0A0C4DGL8;H0Y300;J3QLC9;J3QR68,6,False,189,0.5625,0.4375,34,0.5862068965517241,24.3329601141277,24.29853803550339,False
682,.VYAC+57.021EV+31.972THQGLSSPVTK.,0.37445887445887444,0.20380807861839728,0.17065079584047715,1.8373112439767287,0.34155248256874643,1.0,0.05828620297164728,,0.45535714285714285,False,924,55356,.VYACEVTHQGLSSPVTK.,sp|P01834|IGKC_HUMAN,"V+32,6[V->M/1]",V+32[V->M/1],1000.0,2,P01834,P01834,1,True,153,0.45535714285714285,0.5446428571428571,35,0.603448275862069,27.635506739357393,27.580422903656647,False
683,.LLI+33.984YDASNR.,0.10930735930735931,0.011561529012211864,0.09774583029514744,9.45440340909091,0.9349006700482558,0.6374500000000001,0.05825186529420287,,0.11607142857142858,False,924,55356,.LLIYDASNR.,sp|A0A0A0MRZ8|KVD11_HUMAN;sp|P04433|KV311_HUMAN,"I+34,3[I->F/1]",I+34[I->F/1],10.332,2,A0A0A0MRZ8,A0A0A0MRZ8;P04433,2,False,39,0.11607142857142858,0.8839285714285714,7,0.1206896551724138,24.53350274251284,24.558793334634874,False
684,.GHGLGHGHE+57.037QQHGLGHGHK.,0.07142857142857142,0.010838933448948623,0.0605896379796228,6.59,0.957743345946905,1.0,0.058029322608315614,,0.11011904761904762,False,924,55356,.GHGLGHGHEQQHGLGHGHK.,sp|P01042|KNG1_HUMAN,"E+57,9[E->W/2]",E+57[E->W/2],70.558,3,P01042,P01042,1,True,37,0.11011904761904762,0.8898809523809523,14,0.2413793103448276,25.48519172001504,25.519229347936864,False
685,.VTISV+1.979DTSK.,0.46645021645021645,0.1995266999060626,0.26692351654415386,2.3377834478785133,0.3443996981161437,0.629425,0.05786201964863303,,0.4523809523809524,False,924,55356,.VTISVDTSK.,sp|A0A0C4DH41|HV461_HUMAN;sp|P01824|HV206_HUMAN;sp|P01825|HV459_HUMAN;sp|P06331|HV209_HUMAN;sp|P0DP06|HVD34_HUMAN;sp|P0DP07|HV431_HUMAN;sp|P0DP08|HVD82_HUMAN;tr|A0A0J9YWU9|A0A0J9YWU9_HUMAN,"V+2,5[V->T/2]",V+2[V->T/2],10.118,2,A0A0C4DH41,A0A0C4DH41;P01824;P01825;P06331;P0DP06;P0DP07;P0DP08;A0A0J9YWU9,8,False,152,0.4523809523809524,0.5476190476190477,24,0.41379310344827586,23.958888431115287,23.940898151556304,False
686,.LLIYA+43.990ASTLQSGVPSR.,0.551948051948052,0.3185743189536816,0.23337373299437036,1.7325566409773954,0.2452295174131546,1.0,0.05723012791911584,,0.5684523809523809,False,924,55356,.LLIYAASTLQSGVPSR.,sp|A0A075B6S5|KV127_HUMAN;sp|A0A087WSZ0|KVD08_HUMAN;sp|A0A0C4DH67|KV108_HUMAN;sp|A0A0C4DH69|KV109_HUMAN;tr|A0A0G2JQJ0|A0A0G2JQJ0_HUMAN,"A+44,5[A->D/1]",A+44[A->D/1],1000.0,2,A0A075B6S5,A0A075B6S5;A0A087WSZ0;A0A0C4DH67;A0A0C4DH69;A0A0G2JQJ0,5,False,191,0.5684523809523809,0.43154761904761907,36,0.6206896551724138,24.825303298760993,24.74677898833421,False
687,.HQTVPQNT-44.026GGK.,0.09956709956709957,0.026157959390129343,0.07340914017697023,3.80637870416876,0.7778907518362533,1.0,0.057104291243916284,,0.16666666666666666,False,924,55356,.HQTVPQNTGGK.,sp|P02787|TRFE_HUMAN,"T-44,8[T->G/2]",T-44[T->G/2],1000.0,2,P02787,P02787,1,True,56,0.16666666666666666,0.8333333333333334,19,0.3275862068965517,23.308840026347433,23.167412496927195,False
688,.HKVY-15.995AC-17.993EVTHQGLSSPVTK.,0.09199134199134198,0.008598887202832575,0.08339245478850942,10.698051948051948,0.9944313871408688,0.686875,0.05696122116698071,,0.10119047619047619,False,924,55356,.HKVYACEVTHQGLSSPVTK.,sp|P01834|IGKC_HUMAN,"Y-16,4[Y->F/1] & C-18,6[Cys->Oxoalanine]",Y-16[Y->F/1],11.65,4,P01834,P01834,1,True,34,0.10119047619047619,0.8988095238095238,6,0.10344827586206896,27.567756908745793,27.443775097773045,False
689,.MLEEIM+16.028KYEASILTHDSSIR.,0.07575757575757576,0.01354866681118578,0.06220890894638998,5.591515151515152,0.913199656802426,1.0,0.0568091542998967,,0.12202380952380952,False,924,55356,.MLEEIMKYEASILTHDSSIR.,sp|P02679-2|FIBG_HUMAN;sp|P02679|FIBG_HUMAN;tr|C9JC84|C9JC84_HUMAN;tr|C9JEU5|C9JEU5_HUMAN;tr|C9JPQ9|C9JPQ9_HUMAN;tr|C9JU00|C9JU00_HUMAN,"M+16,6[M->F/2]",M+16[M->F/2],26.062,3,P02679,P02679;C9JC84;C9JEU5;C9JPQ9;C9JU00,5,False,41,0.12202380952380952,0.8779761904761905,17,0.29310344827586204,26.71219363290125,26.583443464913817,False
690,.AGVETTK-13.068PSK.,0.07142857142857142,0.011507334344967122,0.059921237083604306,6.207221350078493,0.9461718426924529,1.0,0.05669578730780523,,0.1130952380952381,False,924,55356,.AGVETTKPSK.,sp|B9A064|IGLL5_HUMAN;sp|P0CG04|IGLC1_HUMAN;tr|A0A0B4J231|A0A0B4J231_HUMAN,"K-13,7[K->D/2]",K-13[K->D/2],1000.0,2,B9A064,B9A064;P0CG04;A0A0B4J231,3,False,38,0.1130952380952381,0.8869047619047619,11,0.1896551724137931,24.85676207989388,24.256534489420655,False
691,.LLIYD-13.979NNK.,0.329004329004329,0.09503938145819785,0.23396494754613117,3.4617684159596345,0.500895770782248,0.48306249999999995,0.05661108597533836,,0.31547619047619047,False,924,55356,.LLIYDNNK.,sp|P01701|LV103_HUMAN,"D-14,5[D->T/2]",D-14[D->T/2],6.215,2,P01701,P01701,1,True,106,0.31547619047619047,0.6845238095238095,17,0.29310344827586204,24.254246009999058,24.321326224866716,False
692,.LNSDGSHS+26.052K.,0.37337662337662336,0.1429113375243876,0.23046528585223577,2.6126452235667252,0.415636463257029,0.5907625,0.05658900773037495,,0.38392857142857145,False,924,55356,.LNSDGSHSK.,sp|A0A075B6H9|LV469_HUMAN,"S+26,8[S->IL/1]",S+26[S->IL/1],9.087,2,A0A075B6H9,A0A075B6H9,1,True,129,0.38392857142857145,0.6160714285714286,22,0.3793103448275862,22.992968926137387,22.838381892986597,False
693,.AEFAEVS+14.016K+98.073LVTDLTK.,0.07251082251082251,0.01217573524098562,0.06033508726983689,5.955354734286485,0.9349006700482558,1.0,0.0564073135159905,,0.11607142857142858,False,924,55356,.AEFAEVSKLVTDLTK.,sp|P02768-2|ALBU_HUMAN;sp|P02768|ALBU_HUMAN;tr|A0A0C4DGB6|A0A0C4DGB6_HUMAN;tr|B7WNR0|B7WNR0_HUMAN;tr|C9JKR2|C9JKR2_HUMAN;tr|D6RHD5|D6RHD5_HUMAN;tr|H0YA55|H0YA55_HUMAN,"S+14,7[S->T/1] & K+98,8[MesitylOxide]",S+14[S->T/1],1000.0,3,P02768,P02768;A0A0C4DGB6;B7WNR0;C9JKR2;D6RHD5;H0YA55,6,False,39,0.11607142857142858,0.8839285714285714,10,0.1724137931034483,25.417413974952076,25.194439426360724,False
694,.P-26.016GQAPVLVVYDDSDRPSGIPER.,0.6331168831168831,0.37087217284485874,0.26224471027202434,1.7071026878625513,0.21240122641549583,1.0,0.05570109808275435,,0.6130952380952381,False,924,55356,.PGQAPVLVVYDDSDRPSGIPER.,sp|P80748|LV302_HUMAN,"P-26,1[P->A/1]",P-26[P->A/1],38.053,3,P80748,P80748,1,True,206,0.6130952380952381,0.3869047619047619,33,0.5689655172413793,25.573609485365047,25.65766110701512,False
695,.LLIY-26.004GASIR.,0.17424242424242425,0.029066406532263892,0.14517601771016037,5.994632465111024,0.747944890168297,0.5098,0.05535595018473703,,0.17857142857142858,False,924,55356,.LLIYGASIR.,sp|A0A087WSY6|KVD15_HUMAN,"Y-26,4[Y->H/1]",Y-26[Y->H/1],6.928,3,A0A087WSY6,A0A087WSY6,1,True,60,0.17857142857142858,0.8214285714285714,10,0.1724137931034483,24.0810893897571,24.11567376847299,False
696,.LDELRDEGKA+85.064.,0.46320346320346323,0.23372353493749548,0.22947992826596775,1.9818434772832672,0.3114064610496116,0.7671625,0.05482260780625839,,0.4880952380952381,False,924,55356,.LDELRDEGKA.,sp|P02768|ALBU_HUMAN;tr|A0A0C4DGB6|A0A0C4DGB6_HUMAN;tr|B7WNR0|B7WNR0_HUMAN;tr|D6RHD5|D6RHD5_HUMAN;tr|H0YA55|H0YA55_HUMAN,"A+85,10[A->R/2]",A+85[A->R/2],13.791,3,P02768,P02768;A0A0C4DGB6;B7WNR0;D6RHD5;H0YA55,5,False,164,0.4880952380952381,0.5119047619047619,33,0.5689655172413793,28.773043720402452,28.56422928339485,False
697,.SVH-23.016WYQQK.,0.4274891774891775,0.23137509935688994,0.19611407813228754,1.8476023508034751,0.3140621589318525,0.8804874999999999,0.05423099558739036,,0.4851190476190476,False,924,55356,.SVHWYQQK.,sp|P80748|LV302_HUMAN,"H-23,3[H->N/1]",H-23[H->N/1],16.813,2,P80748,P80748,1,True,163,0.4851190476190476,0.5148809523809523,32,0.5517241379310345,24.563487703471605,24.423338007633983,False
698,.NALTGLP-10.021PGLFQASATLDTLVLK.,0.20995670995670995,0.09894139749981935,0.1110153124568906,2.122030972496556,0.47784653455365755,1.0,0.053048282339916666,0.332677125057,0.332677125057,True,924,55356,.NALTGLPPGLFQASATLDTLVLK.,sp|P02750|A2GL_HUMAN,"P-10,7[P->S/1]",P-10[P->S/1],1000.0,3,P02750,P02750,1,True,107,0.31845238095238093,0.6815476190476191,28,0.4827586206896552,26.71423922800118,26.689420264945102,False
699,.EVQ+9.000LVESGGGLVQPGR.,0.658008658008658,0.39305585663704024,0.2649528013716178,1.674084349330236,0.19993459033683036,1.0,0.05297322980082999,,0.6309523809523809,False,924,55356,.EVQLVESGGGLVQPGR.,sp|A0A0A0MS15|HV349_HUMAN;sp|P01782|HV309_HUMAN,"Q+9,3[Q->H/1]",Q+9[Q->H/1],1000.0,3,A0A0A0MS15,A0A0A0MS15;P01782,2,False,212,0.6309523809523809,0.36904761904761907,34,0.5862068965517241,25.785639500575947,25.786500282073238,False
700,.L-14.016TFGGGTK.,0.658008658008658,0.39305585663704024,0.2649528013716178,1.674084349330236,0.19993459033683036,1.0,0.05297322980082999,,0.6309523809523809,False,924,55356,.LTFGGGTK.,tr|A0A0A0MT69|A0A0A0MT69_HUMAN,"L-14,1[L->V/1]",L-14[L->V/1],1000.0,2,A0A0A0MT69,A0A0A0MT69,1,True,212,0.6309523809523809,0.36904761904761907,34,0.5862068965517241,24.744691478087773,24.668999704538727,False
701,.THLAPYSDELRQ+28.043.,0.27056277056277056,0.08490497868343089,0.18565779187933967,3.1866537717601546,0.5261933789534895,0.5379625,0.05255457920458058,,0.2976190476190476,False,924,55356,.THLAPYSDELRQ.,sp|P02647|APOA1_HUMAN;tr|F8W696|F8W696_HUMAN,"Q+28,12[Q->R/1]",Q+28[Q->R/1],7.679,3,P02647,P02647;F8W696,2,False,100,0.2976190476190476,0.7023809523809523,18,0.3103448275862069,23.797051094574854,23.61477782536097,False
702,.TVA+57.021APSVFIFPPSDEQLK.,0.11471861471861472,0.03923693908519402,0.0754816756334207,2.923740164071656,0.6936158251156084,1.0,0.05235528472558381,,0.20238095238095238,False,924,55356,.TVAAPSVFIFPPSDEQLK.,sp|P01834|IGKC_HUMAN,"A+57,3[A->Q/2]",A+57[A->Q/2],1000.0,3,P01834,P01834,1,True,68,0.20238095238095238,0.7976190476190477,32,0.5517241379310345,25.66108172094404,25.47895857715608,False
703,.GLEWVAN-0.959IK.,0.43506493506493504,0.20279644482982875,0.2322684902351063,2.1453282153442492,0.34155248256874643,0.65515,0.0519742808297227,,0.45535714285714285,False,924,55356,.GLEWVANIK.,sp|P01780|HV307_HUMAN,"N-1,7[N->IL/1]",N-1[N->IL/1],10.804,2,P01780,P01780,1,True,153,0.45535714285714285,0.5446428571428571,28,0.4827586206896552,24.034709477671537,23.932600360707386,False
704,.LLIY-26.004DASSR.,0.5075757575757576,0.2510296986776501,0.25654605889810744,2.021974930653687,0.2958045274661591,0.6782125000000001,0.05146784141271425,,0.5059523809523809,False,924,55356,.LLIYDASSR.,sp|A0A0C4DH25|KVD20_HUMAN,"Y-26,4[Y->H/1]",Y-26[Y->H/1],11.419,2,A0A0C4DH25,A0A0C4DH25,1,True,170,0.5059523809523809,0.49404761904761907,28,0.4827586206896552,25.79283477277229,25.92047234239371,False
705,.VVSVLTV+1.979LHQDWLNGK.,0.06926406926406926,0.013657056145675266,0.055607013118394,5.0716690716690715,0.913199656802426,1.0,0.0507803052955254,,0.12202380952380952,False,924,55356,.VVSVLTVLHQDWLNGK.,sp|P01857|IGHG1_HUMAN;sp|P01860|IGHG3_HUMAN;sp|P01861|IGHG4_HUMAN;tr|A0A0A0MS08|A0A0A0MS08_HUMAN;tr|A0A286YES1|A0A286YES1_HUMAN;tr|A0A286YFJ8|A0A286YFJ8_HUMAN,"V+2,7[V->T/2]",V+2[V->T/2],21.203,3,P01857,P01857;P01860;P01861;A0A0A0MS08;A0A286YES1;A0A286YFJ8,6,False,41,0.12202380952380952,0.8779761904761905,18,0.3103448275862069,24.72655620147412,24.619398277338735,False
706,.TMTIHN-14.975GM+15.995FFSTYDRDNDGWLTSDPRK.,0.06385281385281386,0.010965387672519691,0.05288742618029416,5.823124157555789,0.957743345946905,1.0,0.05065258050843487,,0.11011904761904762,False,924,55356,.TMTIHNGMFFSTYDRDNDGWLTSDPRK.,sp|P02675|FIBB_HUMAN;tr|D6REL8|D6REL8_HUMAN,"N-15,6[N->V/2] & M+16,8[Oxidation]",N-15[N->V/2],42.58,3,P02675,P02675;D6REL8,2,False,37,0.11011904761904762,0.8898809523809523,13,0.22413793103448276,26.119604797801724,26.07683396091269,False
707,.ALVLIAFAQYLQQC-15.977PFEDHVK.,0.08116883116883117,0.020774622443818194,0.06039420872501297,3.907114624505929,0.8270775251782971,1.0,0.04995069268738525,,0.1488095238095238,False,924,55356,.ALVLIAFAQYLQQCPFEDHVK.,sp|P02768-3|ALBU_HUMAN;sp|P02768|ALBU_HUMAN;tr|A0A087WWT3|A0A087WWT3_HUMAN;tr|A0A0C4DGB6|A0A0C4DGB6_HUMAN;tr|H7C013|H7C013_HUMAN,"C-16,14[C->S/1]",C-16[C->S/1],1000.0,3,P02768,P02768;A0A087WWT3;A0A0C4DGB6;H7C013,4,False,50,0.1488095238095238,0.8511904761904762,16,0.27586206896551724,25.630319084662904,25.511893038981373,False
708,.PGQAPVLVV+14.016YDDSDRPSGIPER.,0.11471861471861472,0.010116337885685382,0.10460227683292933,11.339935064935064,0.46990738910261814,1.0,0.0491533828007511,0.338816420487,0.338816420487,True,924,55356,.PGQAPVLVVYDDSDRPSGIPER.,sp|P80748|LV302_HUMAN,"V+14,9[V->IL/1]",V+14[V->IL/1],55.826,3,P80748,P80748,1,True,37,0.11011904761904762,0.8898809523809523,6,0.10344827586206896,25.060480559838897,25.41233574656666,False
709,.VDNALQSGNSQESVTEQDS+14.016K.,0.6428571428571429,0.39713852156947754,0.24571862128766536,1.618722707423581,0.19789117092870528,1.0,0.048625545685603185,,0.6339285714285714,False,924,55356,.VDNALQSGNSQESVTEQDSK.,sp|P01834|IGKC_HUMAN,"S+14,19[S->T/1]",S+14[S->T/1],1000.0,2,P01834,P01834,1,True,213,0.6339285714285714,0.36607142857142855,35,0.603448275862069,24.14507138930809,24.24103806420405,False
710,.GPSVFPLAPS+10.021SK.,0.12445887445887446,0.02187658067779464,0.10258229378107983,5.689137452143233,0.8100554033283495,0.5798875,0.04818710953974096,,0.15476190476190477,False,924,55356,.GPSVFPLAPSSK.,sp|P01857|IGHG1_HUMAN;tr|A0A0A0MS07|A0A0A0MS07_HUMAN;tr|A0A0A0MS08|A0A0A0MS08_HUMAN,"S+10,10[S->P/1]",S+10[S->P/1],8.797,2,P01857,P01857;A0A0A0MS07;A0A0A0MS08,3,False,52,0.15476190476190477,0.8452380952380952,15,0.25862068965517243,28.64582797902269,28.63256632104484,False
711,.GGGAGFISGLS+14.016YLELDNPAGNK.,0.48917748917748916,0.23625261940891684,0.2529248697685723,2.070569589456269,0.22901380978223326,0.8143374999999999,0.047169105553406865,0.590082313139,0.590082313139,True,924,55356,.GGGAGFISGLSYLELDNPAGNK.,sp|P10643|CO7_HUMAN,"S+14,11[S->T/1]",S+14[S->T/1],15.049,2,P10643,P10643,1,True,165,0.49107142857142855,0.5089285714285714,28,0.4827586206896552,25.04585229539103,24.97792075405469,False
712,.ADSSPVK+28.006.,0.6396103896103896,0.4010405376110991,0.23856985199929054,1.59487714987715,0.19585732110070683,1.0,0.04672565210797315,,0.6369047619047619,False,924,55356,.ADSSPVK.,sp|P0DOY2|IGLC2_HUMAN;sp|P0DOY3|IGLC3_HUMAN,"K+28,7[K->R/1]",K+28[K->R/1],1000.0,2,P0DOY2,P0DOY2;P0DOY3,2,False,214,0.6369047619047619,0.3630952380952381,38,0.6551724137931034,25.973049751428142,25.869134719997238,False
713,.VTISV+28.990DTSK.,0.09848484848484848,0.008490497868343088,0.08999435061650539,11.599419729206963,0.9944313871408688,0.5213875,0.04666063942217414,,0.10119047619047619,False,924,55356,.VTISVDTSK.,sp|A0A0C4DH41|HV461_HUMAN;sp|P01824|HV206_HUMAN;sp|P01825|HV459_HUMAN;sp|P06331|HV209_HUMAN;sp|P0DP06|HVD34_HUMAN;sp|P0DP07|HV431_HUMAN;sp|P0DP08|HVD82_HUMAN;tr|A0A0J9YWU9|A0A0J9YWU9_HUMAN,"V+29,5[V->Q/2]",V+29[V->Q/2],7.237,2,A0A0C4DH41,A0A0C4DH41;P01824;P01825;P06331;P0DP06;P0DP07;P0DP08;A0A0J9YWU9,8,False,34,0.10119047619047619,0.8988095238095238,6,0.10344827586206896,25.170231444442805,25.11809871621111,False
714,.EI+0.959VLTQSPGTLSLSPGER.,0.48917748917748916,0.30600115615290124,0.1831763330245879,1.5986132056738347,0.2544196442020966,1.0,0.04660365747436042,,0.5565476190476191,False,924,55356,.EIVLTQSPGTLSLSPGER.,sp|P01619|KV301_HUMAN,"I+1,2[I->N/1]",I+1[I->N/1],29.852,3,P01619,P01619,1,True,187,0.5565476190476191,0.44345238095238093,37,0.6379310344827587,25.883272916359516,25.736110357488712,False
715,.IILGGSM+16.028AR.,0.22294372294372294,0.04375316135558928,0.17919056158813368,5.095488326702199,0.6628165688119174,0.3854875,0.04578453278588374,,0.21726190476190477,False,924,55356,.IILGGSMAR.,sp|P49746|TSP3_HUMAN;tr|F5H4Z8|F5H4Z8_HUMAN,"M+16,7[M->F/2]",M+16[M->F/2],3.613,2,P49746,P49746;F5H4Z8,2,False,73,0.21726190476190477,0.7827380952380952,12,0.20689655172413793,23.31188243521189,23.305408143957525,False
716,.GPSVFPLAPSS+10.021K.,0.18181818181818182,0.05843991617891466,0.12337826563926715,3.1111985387101306,0.607085409811749,0.605875,0.04538073120111158,,0.24702380952380953,False,924,55356,.GPSVFPLAPSSK.,sp|P01857|IGHG1_HUMAN;tr|A0A0A0MS07|A0A0A0MS07_HUMAN;tr|A0A0A0MS08|A0A0A0MS08_HUMAN,"S+10,11[S->P/1]",S+10[S->P/1],9.49,2,P01857,P01857;A0A0A0MS07;A0A0A0MS08,3,False,83,0.24702380952380953,0.7529761904761905,22,0.3793103448275862,28.102770391824663,28.167635551316046,False
717,.LSPLGEEM-29.993RDR.,0.275974025974026,0.07950357684803816,0.19647044912598782,3.471215219681477,0.5394171331457623,0.42819999999999997,0.04538043321107458,,0.28869047619047616,False,924,55356,.LSPLGEEMRDR.,sp|P02647|APOA1_HUMAN;tr|F8W696|F8W696_HUMAN,"M-30,8[M->T/1]",M-30[M->T/1],4.752,3,P02647,P02647;F8W696,2,False,97,0.28869047619047616,0.7113095238095238,17,0.29310344827586204,24.6232143936251,24.565939969745425,False
718,.LGMFNIQHC-45.988K.,0.6774891774891775,0.43184117349519474,0.24564800399398273,1.56883877469529,0.17992057685622523,1.0,0.04419713058217769,,0.6607142857142857,False,924,55356,.LGMFNIQHCK.,sp|P01009-2|A1AT_HUMAN;sp|P01009-3|A1AT_HUMAN;sp|P01009|A1AT_HUMAN;tr|A0A024R6I7|A0A024R6I7_HUMAN;tr|A0A0G2JRN3|A0A0G2JRN3_HUMAN,"C-46,9[C->G/1]",C-46[C->G/1],1000.0,3,P01009,P01009;A0A024R6I7;A0A0G2JRN3,3,False,222,0.6607142857142857,0.3392857142857143,37,0.6379310344827587,25.27747612849017,25.270543709922663,False
719,.YVLTQPPSVSVAPGQTAR-28.006.,0.7034632034632035,0.44755762699617024,0.2559055764670332,1.5717824052839189,0.1721662753665028,1.0,0.044058309945846884,,0.6726190476190477,False,924,55356,.YVLTQPPSVSVAPGQTAR.,sp|P80748|LV302_HUMAN,"R-28,18[R->K/1]",R-28[R->K/1],1000.0,2,P80748,P80748,1,True,226,0.6726190476190477,0.3273809523809524,36,0.6206896551724138,26.163309860781474,26.119425282939815,False
720,.TH+10.010YADSVK.,0.47619047619047616,0.21327408049714575,0.2629163956933304,2.232763001863459,0.3303466903733095,0.5035,0.04373076804515317,,0.46726190476190477,False,924,55356,.THYADSVK.,tr|A0A0C4DH35|A0A0C4DH35_HUMAN,"H+10,2[H->F/2]",H+10[H->F/2],6.76,2,A0A0C4DH35,A0A0C4DH35,1,True,157,0.46726190476190477,0.5327380952380952,26,0.4482758620689655,25.677012097435373,25.750993275998702,False
721,.HVIILMTDGLHNM+16.028GGDPITVIDEIR.,0.06601731601731602,0.016782281956788787,0.04923503406052723,3.9337508562481647,0.8728026114031173,1.0,0.04297246630054959,,0.13392857142857142,False,924,55356,.HVIILMTDGLHNMGGDPITVIDEIR.,sp|P00751-2|CFAB_HUMAN;sp|P00751|CFAB_HUMAN;tr|A0A0G2JH38|A0A0G2JH38_HUMAN;tr|B4E1Z4|B4E1Z4_HUMAN;tr|E7ETN3|E7ETN3_HUMAN,"M+16,13[M->F/2]",M+16[M->F/2],1000.0,3,P00751,P00751;A0A0G2JH38;B4E1Z4;E7ETN3,4,False,45,0.13392857142857142,0.8660714285714286,20,0.3448275862068966,26.965503581669672,26.454119169061975,False
722,.NSVDELNNNVEAVSQTSSSSFQYM+16.028YLLK.,0.05411255411255411,0.010477635667317003,0.043634918445237106,5.1645768025078365,0.9696316241478713,1.0,0.04230979684161516,,0.10714285714285714,False,924,55356,.NSVDELNNNVEAVSQTSSSSFQYMYLLK.,sp|P02675|FIBB_HUMAN,"M+16,24[M->F/2]",M+16[M->F/2],43.837,3,P02675,P02675,1,True,36,0.10714285714285714,0.8928571428571429,16,0.27586206896551724,28.907327665851852,27.84412955883789,False
723,.TDTSHHDQD-17.974HPTFNK.,0.06926406926406926,0.019221041982802226,0.05004302728126704,3.6035543403964456,0.8447941402294444,1.0,0.042276056206556625,,0.14285714285714285,False,924,55356,.TDTSHHDQDHPTFNK.,sp|P01009-2|A1AT_HUMAN;sp|P01009-3|A1AT_HUMAN;sp|P01009|A1AT_HUMAN;tr|A0A024R6I7|A0A024R6I7_HUMAN;tr|A0A0B4J278|A0A0B4J278_HUMAN;tr|A0A0G2JRN3|A0A0G2JRN3_HUMAN;tr|G3V387|G3V387_HUMAN;tr|G3V544|G3V544_HUMAN;tr|G3V5R8|G3V5R8_HUMAN,"D-18,9[D->P/2]",D-18[D->P/2],37.555,3,P01009,P01009;A0A024R6I7;A0A0B4J278;A0A0G2JRN3;G3V387;G3V544;G3V5R8,7,False,48,0.14285714285714285,0.8571428571428571,21,0.3620689655172414,24.3814010881213,24.437353939186618,False
724,.LDELRDEGKA+115.042SSAK.,0.13095238095238096,0.060788351759520194,0.07016402919286077,2.1542347696879647,0.6018863082694975,1.0,0.04223076850420422,,0.25,False,924,55356,.LDELRDEGKASSAK.,sp|P02768|ALBU_HUMAN;tr|A0A0C4DGB6|A0A0C4DGB6_HUMAN;tr|B7WNR0|B7WNR0_HUMAN;tr|D6RHD5|D6RHD5_HUMAN;tr|H0YA55|H0YA55_HUMAN,"A+115,10[A->W/2]",A+115[A->W/2],35.017,3,P02768,P02768;A0A0C4DGB6;B7WNR0;D6RHD5;H0YA55,5,False,84,0.25,0.75,32,0.5517241379310345,26.33148486036972,26.11874262983543,False
725,.TVAAPSVFIFPPSDEQLKS+69.069.,0.5638528138528138,0.3464845725847243,0.2173682412680895,1.627353303630676,0.2274128790564274,0.8538999999999999,0.04221027304436972,,0.5922619047619048,False,924,55356,.TVAAPSVFIFPPSDEQLKS.,sp|P01834|IGKC_HUMAN,"S+69,19[S->R/1]",S+69[S->R/1],16.104,3,P01834,P01834,1,True,199,0.5922619047619048,0.40773809523809523,38,0.6551724137931034,29.142215563620923,28.909101224062184,False
726,.M-1.998FLSFPTTK.,0.19480519480519481,0.06749042560878676,0.12731476919640805,2.8864123029005255,0.5767853433203867,0.5722375,0.04202128392337825,,0.2648809523809524,False,924,55356,.MFLSFPTTK.,sp|P69905|HBA_HUMAN;tr|A0A2R8Y7C0|A0A2R8Y7C0_HUMAN;tr|G3V1N2|G3V1N2_HUMAN,"M-2,1[M->E/2]",M-2[M->E/2],8.593,2,P69905,P69905;A0A2R8Y7C0;G3V1N2,3,False,89,0.2648809523809524,0.7351190476190477,19,0.3275862068965517,22.986495168484783,22.868404064655817,False
727,.MADEAGSEADHE+57.037GTHSTK.,0.049783549783549784,0.009303417877014235,0.04048013190653555,5.351103265666373,0.9944313871408688,1.0,0.04025471372346149,,0.10119047619047619,False,924,55356,.MADEAGSEADHEGTHSTK.,sp|P02671-2|FIBA_HUMAN;sp|P02671|FIBA_HUMAN,"E+57,12[E->W/2]",E+57[E->W/2],36.49,2,P02671,P02671,1,True,34,0.10119047619047619,0.8988095238095238,18,0.3103448275862069,25.729350382098644,25.525512777786446,False
728,.AGVETT-30.011TPSK.,0.12337662337662338,0.05793409928463039,0.06544252409199298,2.1296028573858323,0.6123475066431087,1.0,0.04007356645616347,,0.24404761904761904,False,924,55356,.AGVETTTPSK.,sp|P0DOY2|IGLC2_HUMAN;sp|P0DOY3|IGLC3_HUMAN,"T-30,6[T->A/1]",T-30[T->A/1],1000.0,2,P0DOY2,P0DOY2;P0DOY3,2,False,82,0.24404761904761904,0.7559523809523809,33,0.5689655172413793,26.665741980874806,26.33377101645891,False
729,.LVRPEVDVMC-15.977T+79.966AFHDNEETFLKK.,0.1590909090909091,0.08497723823975721,0.07411367085115188,1.8721590909090908,0.5305567108843757,1.0,0.03932150543835437,,0.29464285714285715,False,924,55356,.LVRPEVDVMCTAFHDNEETFLKK.,sp|P02768-3|ALBU_HUMAN;sp|P02768|ALBU_HUMAN;tr|A0A087WWT3|A0A087WWT3_HUMAN;tr|A0A0C4DGB6|A0A0C4DGB6_HUMAN;tr|H7C013|H7C013_HUMAN,"C-16,10[C->S/1] & T+80,11[Phospho]",C-16[C->S/1],1000.0,4,P02768,P02768;A0A087WWT3;A0A0C4DGB6;H7C013,4,False,99,0.29464285714285715,0.7053571428571429,34,0.5862068965517241,26.99006185133761,26.880520047167508,False
730,.LDELRDEG+42.047K+70.042ASSAK.,0.20995670995670995,0.12332899775995375,0.0866277121967562,1.7024115477316004,0.4506697089814225,1.0,0.039040485845438545,,0.3541666666666667,False,924,55356,.LDELRDEGKASSAK.,sp|P02768|ALBU_HUMAN;tr|A0A0C4DGB6|A0A0C4DGB6_HUMAN;tr|B7WNR0|B7WNR0_HUMAN;tr|D6RHD5|D6RHD5_HUMAN;tr|H0YA55|H0YA55_HUMAN,"G+42,8[G->V/1] & K+70,9[Crotonaldehyde]",G+42[G->V/1],25.951,3,P02768,P02768;A0A0C4DGB6;B7WNR0;D6RHD5;H0YA55,5,False,119,0.3541666666666667,0.6458333333333334,31,0.5344827586206896,27.44417077957219,27.356680576453932,False
731,.LVQSGAE-14.016VK.,0.15151515151515152,0.022364332682997326,0.12915081883215418,6.7748568071669855,0.4591120286810098,0.6582250000000001,0.039029250247666236,0.347346524116,0.347346524116,True,924,55356,.LVQSGAEVK.,sp|A0A0A0MS14|HV145_HUMAN;sp|A0A0B4J2H0|HV69D_HUMAN;sp|A0A0C4DH29|HV103_HUMAN;sp|A0A0C4DH31|HV118_HUMAN;sp|A0A0C4DH33|HV124_HUMAN;sp|A0A0C4DH38|HV551_HUMAN;sp|A0A0G2JMI3|HV692_HUMAN;sp|A0A0J9YXX1|HV5X1_HUMAN;sp|P01742|HV169_HUMAN;sp|P01743|HV146_HUMAN [further mapped to 4 additional proteins],"E-14,7[E->D/1]",E-14[E->D/1],10.886,2,A0A0A0MS14,A0A0A0MS14;A0A0B4J2H0;A0A0C4DH29;A0A0C4DH31;A0A0C4DH33;A0A0C4DH38;A0A0G2JMI3;A0A0J9YXX1;P01742;P01743,10,False,53,0.15773809523809523,0.8422619047619048,9,0.15517241379310345,24.223356283166236,24.237601838659405,False
732,.GLEWVA+15.995FIR.,0.5216450216450217,0.2888395115253992,0.23280551011962247,1.806002990692465,0.26618771936204033,0.5907625,0.036609533098701304,,0.5416666666666666,False,924,55356,.GLEWVAFIR.,tr|A0A0J9YY99|A0A0J9YY99_HUMAN,"A+16,6[A->S/1]",A+16[A->S/1],9.087,2,A0A0J9YY99,A0A0J9YY99,1,True,182,0.5416666666666666,0.4583333333333333,33,0.5689655172413793,23.861143119574223,23.814798152258824,False
733,.LTISK-29.027DTSK.,0.08874458874458875,0.018895873979333767,0.06984871476525498,4.696506170693551,0.8447941402294444,0.60925,0.03595049297240743,,0.14285714285714285,False,924,55356,.LTISKDTSK.,sp|A0A0B4J1V2|HV226_HUMAN;sp|A0A0C4DH43|HV70D_HUMAN;sp|P01814|HV270_HUMAN;tr|A0A0J9YVU5|A0A0J9YVU5_HUMAN,"K-29,5[K->V/2]",K-29[K->V/2],9.58,2,A0A0B4J1V2,A0A0B4J1V2;A0A0C4DH43;P01814;A0A0J9YVU5,4,False,48,0.14285714285714285,0.8571428571428571,19,0.3275862068965517,25.482317695762937,25.113450893326657,False
734,.ALVLIAFAQYLQQC-45.988PFEDHVK.,0.7132034632034632,0.4932979261507334,0.21990553705272975,1.4457864616798224,0.1515293648805874,1.0,0.03332214636332462,,0.7053571428571429,False,924,55356,.ALVLIAFAQYLQQCPFEDHVK.,sp|P02768-3|ALBU_HUMAN;sp|P02768|ALBU_HUMAN;tr|A0A087WWT3|A0A087WWT3_HUMAN;tr|A0A0C4DGB6|A0A0C4DGB6_HUMAN;tr|H7C013|H7C013_HUMAN,"C-46,14[C->G/1]",C-46[C->G/1],1000.0,3,P02768,P02768;A0A087WWT3;A0A0C4DGB6;H7C013,4,False,237,0.7053571428571429,0.29464285714285715,43,0.7413793103448276,25.836558364827333,25.719554019752554,False
735,.ATEH-23.016LSTLSEK.,0.049783549783549784,0.013982224149143725,0.03580132563440606,3.560488607000235,0.913199656802426,1.0,0.03269375828241151,,0.12202380952380952,False,924,55356,.ATEHLSTLSEK.,sp|P02647|APOA1_HUMAN;tr|F8W696|F8W696_HUMAN,"H-23,4[H->N/1]",H-23[H->N/1],1000.0,2,P02647,P02647;F8W696,2,False,41,0.12202380952380952,0.8779761904761905,14,0.2413793103448276,24.38134451648712,24.120501835411254,False
736,.DAH-23.016KSEVAHR.,0.1634199134199134,0.0903244454079052,0.07309546801200821,1.8092545454545452,0.5175960674741729,0.8548375000000001,0.03234185939508181,,0.30357142857142855,False,924,55356,.DAHKSEVAHR.,sp|P02768-2|ALBU_HUMAN;sp|P02768-3|ALBU_HUMAN;sp|P02768|ALBU_HUMAN;tr|A0A087WWT3|A0A087WWT3_HUMAN;tr|A0A0C4DGB6|A0A0C4DGB6_HUMAN;tr|B7WNR0|B7WNR0_HUMAN;tr|C9JKR2|C9JKR2_HUMAN;tr|H7C013|H7C013_HUMAN,"H-23,3[H->N/1]",H-23[H->N/1],16.129,3,P02768,P02768;A0A087WWT3;A0A0C4DGB6;B7WNR0;C9JKR2;H7C013,6,False,102,0.30357142857142855,0.6964285714285714,34,0.5862068965517241,22.521632107975506,22.559774497184712,False
737,.SLHT-44.026LFGDK.,0.4199134199134199,0.29713129561384494,0.12278212429957497,1.4132251503360451,0.26144215567153484,1.0,0.03210042325481122,,0.5476190476190477,False,924,55356,.SLHTLFGDK.,sp|P02768-3|ALBU_HUMAN;sp|P02768|ALBU_HUMAN;tr|A0A087WWT3|A0A087WWT3_HUMAN;tr|A0A0C4DGB6|A0A0C4DGB6_HUMAN;tr|H7C013|H7C013_HUMAN,"T-44,4[T->G/2]",T-44[T->G/2],1000.0,3,P02768,P02768;A0A087WWT3;A0A0C4DGB6;H7C013,4,False,184,0.5476190476190477,0.4523809523809524,41,0.7068965517241379,23.708577794719837,23.639016950489385,False
738,.IMNGEADAM+16.028SLDGGFVYIAGK.,0.09199134199134198,0.044638340920586744,0.04735300107075524,2.0608145395680806,0.6688041574754905,1.0,0.03166988398506246,,0.21428571428571427,False,924,55356,.IMNGEADAMSLDGGFVYIAGK.,sp|P02787|TRFE_HUMAN,"M+16,9[M->F/2]",M+16[M->F/2],42.587,2,P02787,P02787,1,True,72,0.21428571428571427,0.7857142857142857,31,0.5344827586206896,28.498926158959534,27.90854008392429,False
739,.HQT-44.026VPQNTGGK.,0.6634199134199135,0.46882000144519115,0.19459991197472232,1.4150844916489183,0.1626641319849852,1.0,0.031654425765722735,,0.6875,False,924,55356,.HQTVPQNTGGK.,sp|P02787|TRFE_HUMAN,"T-44,3[T->G/2]",T-44[T->G/2],1000.0,2,P02787,P02787,1,True,231,0.6875,0.3125,40,0.6896551724137931,23.517492546282774,23.42763372090041,False
740,.LLIYDN-14.975NK.,0.4967532467532468,0.28273357901582485,0.21401966773742193,1.756965863348842,0.2709857115486829,0.53185,0.030845317235138517,,0.5357142857142857,False,924,55356,.LLIYDNNK.,sp|P01701|LV103_HUMAN,"N-15,6[N->V/2]",N-15[N->V/2],7.516,2,P01701,P01701,1,True,180,0.5357142857142857,0.4642857142857143,38,0.6551724137931034,24.472167085842603,24.544785223615104,False
741,.VT-30.011VLGQPK.,0.724025974025974,0.5103511814437459,0.2136747925822281,1.418681880931005,0.14426169009520684,1.0,0.03082508670865499,,0.7172619047619048,False,924,55356,.VTVLGQPK.,sp|B9A064|IGLL5_HUMAN;tr|A0A0B4J231|A0A0B4J231_HUMAN,"T-30,2[T->A/1]",T-30[T->A/1],1000.0,2,B9A064,B9A064;A0A0B4J231,2,False,241,0.7172619047619048,0.28273809523809523,41,0.7068965517241379,26.33445272652029,26.24713653225016,False
742,.S-30.011HC+119.004IAEVENDEMPADLPSLAADFVESK.,0.7088744588744589,0.5019510080208107,0.20692345085364816,1.4122383410874018,0.14788032510717264,1.0,0.03059990718453555,,0.7113095238095238,False,924,55356,.SHCIAEVENDEMPADLPSLAADFVESK.,sp|P02768-2|ALBU_HUMAN;sp|P02768|ALBU_HUMAN;tr|A0A0C4DGB6|A0A0C4DGB6_HUMAN;tr|B7WNR0|B7WNR0_HUMAN;tr|C9JKR2|C9JKR2_HUMAN;tr|D6RHD5|D6RHD5_HUMAN;tr|H0YA55|H0YA55_HUMAN,"S-30,1[S->G/1] & C+119,3[Cysteinyl]",S-30[S->G/1],1000.0,2,P02768,P02768;A0A0C4DGB6;B7WNR0;C9JKR2;D6RHD5;H0YA55,6,False,239,0.7113095238095238,0.28869047619047616,41,0.7068965517241379,28.945812263380986,28.310682411696654,False
743,.AIQLTYNPDESSKPNM+16.028IDAATLK.,0.08658008658008658,0.03383553724980129,0.05274454933028529,2.5588506528175503,0.7267671659569543,0.7775875,0.02980726679791917,,0.1875,False,924,55356,.AIQLTYNPDESSKPNMIDAATLK.,sp|P02679-2|FIBG_HUMAN;sp|P02679|FIBG_HUMAN;tr|C9JC84|C9JC84_HUMAN;tr|C9JEU5|C9JEU5_HUMAN,"M+16,16[M->F/2]",M+16[M->F/2],14.069,3,P02679,P02679;C9JC84;C9JEU5,3,False,63,0.1875,0.8125,26,0.4482758620689655,30.08207747448814,28.98390739545171,False
744,.SK-14.052NQFSLK.,0.10822510822510822,0.009574391213237951,0.09865071701187027,11.303602058319038,0.5969325926153064,0.5045124999999999,0.029709645459692322,0.252869060239,0.252869060239,True,924,55356,.SKNQFSLK.,sp|A0A075B6R2|HV404_HUMAN;sp|A0A087WSY4|HV432_HUMAN;sp|A0A0C4DH34|HV428_HUMAN;sp|A0A0C4DH41|HV461_HUMAN;sp|P01824|HV206_HUMAN;sp|P01825|HV459_HUMAN;sp|P06331|HV209_HUMAN;sp|P0DP06|HVD34_HUMAN;sp|P0DP07|HV431_HUMAN;sp|P0DP08|HVD82_HUMAN [further mapped to 3 additional proteins],"K-14,2[K->N/1]",K-14[K->N/1],6.787,2,A0A075B6R2,A0A075B6R2;A0A087WSY4;A0A0C4DH34;A0A0C4DH41;P01824;P01825;P06331;P0DP06;P0DP07;P0DP08,10,False,36,0.10714285714285714,0.8928571428571429,6,0.10344827586206896,24.01433380004466,23.99559380268506,False
745,.LLIYG+14.016ASTR.,0.08333333333333333,0.04098923332610738,0.04234410000722595,2.0330542089026,0.6872787555969594,1.0,0.02910220035983945,,0.20535714285714285,False,924,55356,.LLIYGASTR.,sp|A0A0C4DH55|KVD07_HUMAN;sp|P01624|KV315_HUMAN;tr|A0A075B6H7|A0A075B6H7_HUMAN;tr|A0A0C4DH90|A0A0C4DH90_HUMAN,"G+14,5[G->A/1]",G+14[G->A/1],1000.0,2,A0A0C4DH55,A0A0C4DH55;P01624;A0A075B6H7;A0A0C4DH90,4,False,69,0.20535714285714285,0.7946428571428571,33,0.5689655172413793,27.270795050741604,27.42392302377752,False
746,.E+8.016VQLVQSGAEVK.,0.6471861471861472,0.39706626201315126,0.25011988517299594,1.6299197617668955,0.19789117092870528,0.5857375,0.028991966096671134,,0.6339285714285714,False,924,55356,.EVQLVQSGAEVK.,sp|A0A0C4DH38|HV551_HUMAN;sp|A0A0G2JMI3|HV692_HUMAN;sp|A0A0J9YXX1|HV5X1_HUMAN,"E+8,1[E->H/2]",E+8[E->H/2],8.953,2,A0A0C4DH38,A0A0C4DH38;A0A0G2JMI3;A0A0J9YXX1,3,False,213,0.6339285714285714,0.36607142857142855,35,0.603448275862069,24.23667635166806,24.298533036667624,False
747,.LV-2.016NEVTEFAK.,0.6688311688311688,0.4855300238456536,0.1833011449855152,1.3775279302681913,0.15520932468620335,1.0,0.028450046927409663,,0.6994047619047619,False,924,55356,.LVNEVTEFAK.,sp|P02768-3|ALBU_HUMAN;sp|P02768|ALBU_HUMAN;tr|A0A087WWT3|A0A087WWT3_HUMAN;tr|A0A0C4DGB6|A0A0C4DGB6_HUMAN;tr|H7C013|H7C013_HUMAN,"V-2,2[V->P/2]",V-2[V->P/2],1000.0,2,P02768,P02768;A0A087WWT3;A0A0C4DGB6;H7C013,4,False,235,0.6994047619047619,0.3005952380952381,40,0.6896551724137931,27.021842455911113,26.606162667649695,False
748,.VDNALQSGNSQESVTEQDSKD+41.074.,0.6136363636363636,0.4490570127899415,0.16457935084642217,1.3664999012573233,0.1721662753665028,1.0,0.028335013837465395,,0.6726190476190477,False,924,55356,.VDNALQSGNSQESVTEQDSKD.,sp|P01834|IGKC_HUMAN,"D+41,21[D->R/2]",D+41[D->R/2],37.449,3,P01834,P01834,1,True,226,0.6726190476190477,0.3273809523809524,43,0.7413793103448276,24.77331500596783,24.723309628235338,False
749,.LMIYEVS+27.011K.,0.6006493506493507,0.40944071103403423,0.19120863961531642,1.4669995788460382,0.19181797457338817,0.737875,0.027063228774547372,,0.6428571428571429,False,924,55356,.LMIYEVSK.,sp|P01709|LV208_HUMAN,"S+27,7[S->N/1]",S+27[S->N/1],13.01,2,P01709,P01709,1,True,216,0.6428571428571429,0.35714285714285715,40,0.6896551724137931,26.767196902820373,26.784123736795998,False
750,.LDELRDEG+58.005KASSAK.,0.3041125541125541,0.22183683792181516,0.08227571619073895,1.370883920639621,0.3248503873273689,1.0,0.026727298272198222,,0.4732142857142857,False,924,55356,.LDELRDEGKASSAK.,sp|P02768|ALBU_HUMAN;tr|A0A0C4DGB6|A0A0C4DGB6_HUMAN;tr|B7WNR0|B7WNR0_HUMAN;tr|D6RHD5|D6RHD5_HUMAN;tr|H0YA55|H0YA55_HUMAN,"G+58,8[G->D/1]",G+58[G->D/1],23.801,2,P02768,P02768;A0A0C4DGB6;B7WNR0;D6RHD5;H0YA55,5,False,159,0.4732142857142857,0.5267857142857143,46,0.7931034482758621,26.149206440396103,25.854894977483287,False
751,.VTK-27.047C+57.021C+57.021TESLVNR.,0.6190476190476191,0.36740371414119516,0.2516439049064239,1.6849247713639495,0.21451424024205915,0.4775125,0.025776698277154363,,0.6101190476190477,False,924,55356,.VTKCCTESLVNR.,sp|P02768-2|ALBU_HUMAN;sp|P02768-3|ALBU_HUMAN;sp|P02768|ALBU_HUMAN;tr|A0A087WWT3|A0A087WWT3_HUMAN;tr|A0A0C4DGB6|A0A0C4DGB6_HUMAN;tr|B7WNR0|B7WNR0_HUMAN;tr|C9JKR2|C9JKR2_HUMAN;tr|D6RHD5|D6RHD5_HUMAN;tr|H0YA55|H0YA55_HUMAN,"K-27,3[K->T/1]",K-27[K->T/1],6.067,3,P02768,P02768;A0A087WWT3;A0A0C4DGB6;B7WNR0;C9JKR2;D6RHD5;H0YA55,7,False,205,0.6101190476190477,0.3898809523809524,35,0.603448275862069,24.95947456589406,24.937927524957296,False
752,.LLIYDASS+50.027R.,0.04112554112554113,0.014126743261796373,0.026998797863744754,2.9111834457103,0.913199656802426,1.0,0.024655292943249783,,0.12202380952380952,False,924,55356,.LLIYDASSR.,sp|A0A0C4DH25|KVD20_HUMAN,"S+50,8[S->H/2]",S+50[S->H/2],1000.0,3,A0A0C4DH25,A0A0C4DH25,1,True,41,0.12202380952380952,0.8779761904761905,21,0.3620689655172414,25.14223017336356,25.054495312385956,False
753,.Q-13.032VQLVESGGGLVKPGGSLR.,0.7337662337662337,0.5365814003902016,0.1971848333760321,1.3674835416073674,0.13358325003232566,0.9296875,0.02448851810183518,,0.7351190476190477,False,924,55356,.QVQLVESGGGLVKPGGSLR.,sp|A0A0B4J1V0|HV315_HUMAN;sp|A0A0B4J1V1|HV321_HUMAN;sp|P01762|HV301_HUMAN,"Q-13,1[Q->D/2]",Q-13[Q->D/2],18.125,3,A0A0B4J1V0,A0A0B4J1V0;A0A0B4J1V1;P01762,3,False,247,0.7351190476190477,0.2648809523809524,42,0.7241379310344828,25.3840981140021,25.363341919475896,False
754,.M-1.998ELERPGGNEITR.,0.7608225108225108,0.5495700556398584,0.21125245518265245,1.384395861846391,0.12834090346149601,0.874525,0.023710411229821326,,0.7440476190476191,False,924,55356,.MELERPGGNEITR.,sp|P02671-2|FIBA_HUMAN;sp|P02671|FIBA_HUMAN,"M-2,1[M->E/2]",M-2[M->E/2],16.654,3,P02671,P02671,1,True,250,0.7440476190476191,0.25595238095238093,41,0.7068965517241379,25.37113408274056,25.432545345605877,False
755,.ETEGLRQEM-29.993SK.,0.7435064935064936,0.5364188163884673,0.20708767711802623,1.386055952534029,0.13358325003232566,0.7788625,0.0215460198932034,,0.7351190476190477,False,924,55356,.ETEGLRQEMSK.,sp|P02647|APOA1_HUMAN;tr|F8W696|F8W696_HUMAN,"M-30,9[M->T/1]",M-30[M->T/1],14.103,2,P02647,P02647;F8W696,2,False,247,0.7351190476190477,0.2648809523809524,41,0.7068965517241379,23.626167437014274,23.559019061886538,False
756,.MADEAGSEAD-17.974HEGTHSTK.,0.03354978354978355,0.01147120456680396,0.02207857898297959,2.9246957766642807,0.957743345946905,1.0,0.02114561210891189,,0.11011904761904762,False,924,55356,.MADEAGSEADHEGTHSTK.,sp|P02671-2|FIBA_HUMAN;sp|P02671|FIBA_HUMAN,"D-18,10[D->P/2]",D-18[D->P/2],30.337,3,P02671,P02671,1,True,37,0.11011904761904762,0.8898809523809523,23,0.39655172413793105,24.95300387810007,24.65970195013409,False
757,.GTEAAGAMFLEAIPM+16.028SIPPEVK.,0.07467532467532467,0.043644772021099794,0.03103055265422488,1.7109798314268512,0.6748754520108213,1.0,0.020941758248665607,,0.2113095238095238,False,924,55356,.GTEAAGAMFLEAIPMSIPPEVK.,sp|P01009|A1AT_HUMAN;tr|A0A024R6I7|A0A024R6I7_HUMAN,"M+16,15[M->F/2]",M+16[M->F/2],34.314,2,P01009,P01009;A0A024R6I7,2,False,71,0.2113095238095238,0.7886904761904762,32,0.5517241379310345,28.641582852749007,28.209746933736426,False
758,.LLIYDASNLET-30.011GVPSR.,0.7196969696969697,0.5368162439482621,0.18288072574870762,1.34067658684027,0.13358325003232566,0.8490249999999999,0.02074151240004443,,0.7351190476190477,False,924,55356,.LLIYDASNLETGVPSR.,sp|P01593|KVD33_HUMAN;sp|P01594|KV102_HUMAN;tr|A0A2Q2TTZ9|A0A2Q2TTZ9_HUMAN,"T-30,11[T->A/1]",T-30[T->A/1],15.974,2,P01593,P01593;P01594;A0A2Q2TTZ9,3,False,247,0.7351190476190477,0.2648809523809524,42,0.7241379310344828,25.43039384705968,25.335330444861494,False
759,.TQQPQQDEM+16.028PSPTFLTQVK.,0.05735930735930736,0.029951586097261364,0.027407721262045995,1.9150674416054392,0.7552400091193143,1.0,0.020699407655887243,,0.17559523809523808,False,924,55356,.TQQPQQDEMPSPTFLTQVK.,sp|P02655|APOC2_HUMAN;tr|A0A024R0T9|A0A024R0T9_HUMAN;tr|K7ER74|K7ER74_HUMAN;tr|Q6P163|Q6P163_HUMAN;tr|V9GYJ8|V9GYJ8_HUMAN,"M+16,9[M->F/2]",M+16[M->F/2],44.483,2,P02655,P02655;A0A024R0T9;K7ER74;Q6P163;V9GYJ8,5,False,59,0.17559523809523808,0.8244047619047619,31,0.5344827586206896,27.790046959747446,27.298049711838424,False
760,.LESEETM+16.028VLEAHDAQGDVPVTVTVHDFPGKK.,0.03571428571428571,0.013494472143941037,0.022219813570344676,2.6465863453815257,0.9239146318304274,1.0,0.020529210874185737,,0.11904761904761904,False,924,55356,.LESEETMVLEAHDAQGDVPVTVTVHDFPGKK.,sp|P01024|CO3_HUMAN,"M+16,7[M->F/2]",M+16[M->F/2],90.838,3,P01024,P01024,1,True,40,0.11904761904761904,0.8809523809523809,23,0.39655172413793105,28.370022590486283,27.716853064189717,False
761,.EI-12.036VMTQSPATLSVSPGER.,0.9134199134199135,0.7788134980851218,0.13460641533479167,1.1728352367617538,0.15082122488617752,1.0,0.02030150443833083,0.706508366142,0.706508366142,True,924,55356,.EIVMTQSPATLSVSPGER.,sp|A0A087WSY6|KVD15_HUMAN;sp|P01624|KV315_HUMAN,"I-12,2[I->T/1]",I-12[I->T/1],35.128,2,A0A087WSY6,A0A087WSY6;P01624,2,False,297,0.8839285714285714,0.11607142857142858,49,0.8448275862068966,25.55026240093154,25.537517951707887,False
762,.NT-14.016LYLQMNNLR.,0.8073593073593074,0.6136642821013079,0.19369502525799953,1.315636791821661,0.10468008019398964,1.0,0.02027601077718424,,0.7857142857142857,False,924,55356,.NTLYLQMNNLR.,tr|A0A0C4DH36|A0A0C4DH36_HUMAN,"T-14,2[T->S/1]",T-14[T->S/1],1000.0,2,A0A0C4DH36,A0A0C4DH36,1,True,264,0.7857142857142857,0.21428571428571427,44,0.7586206896551724,25.310500940794604,25.291434529206228,False
763,.SLPAPWLSM+16.028APVSWITPGLK.,0.031385281385281384,0.011507334344967122,0.019877947040314262,2.727415441701156,0.957743345946905,1.0,0.01903797150894596,,0.11011904761904762,False,924,55356,.SLPAPWLSMAPVSWITPGLK.,sp|P04217|A1BG_HUMAN;tr|M0R009|M0R009_HUMAN,"M+16,9[M->F/2]",M+16[M->F/2],1000.0,2,P04217,P04217;M0R009,2,False,37,0.11011904761904762,0.8898809523809523,20,0.3448275862068966,27.169591087149893,25.856567667219156,False
764,.DIVM-17.956TQSPDSLAVSLGER.,0.5703463203463204,0.4579630031071609,0.11238331723915945,1.2453982450037833,0.16834043381274172,1.0,0.018918656377355077,,0.6785714285714286,False,924,55356,.DIVMTQSPDSLAVSLGER.,sp|P06312|KV401_HUMAN,"M-18,4[M->IL/1]",M-18[M->IL/1],1000.0,2,P06312,P06312,1,True,228,0.6785714285714286,0.32142857142857145,47,0.8103448275862069,26.063353440949037,26.00498704023538,False
765,.W-23.016TFGQGTK.,0.030303030303030304,0.010875063227111785,0.01942796707591852,2.7864693446088795,0.9696316241478713,1.0,0.018837971269714242,,0.10714285714285714,False,924,55356,.WTFGQGTK.,sp|A0A0A0MT89|KJ01_HUMAN,"W-23,1[W->Y/2]",W-23[W->Y/2],1000.0,2,A0A0A0MT89,A0A0A0MT89,1,True,36,0.10714285714285714,0.8928571428571429,21,0.3620689655172414,26.963301616077956,26.891625244194344,False
766,.VTSIQH-6.018WVQK.,0.06277056277056277,0.009086639208035263,0.053683923562527505,6.908006506416049,0.9944313871408688,0.3373,0.01800675327349881,,0.10119047619047619,False,924,55356,.VTSIQHWVQK.,sp|P00739-2|HPTR_HUMAN;sp|P00739|HPTR_HUMAN;tr|A0A0A0MRD9|A0A0A0MRD9_HUMAN,"H-6,6[H->M/3]",H-6[H->M/3],2.328,2,P00739,P00739;A0A0A0MRD9,2,False,34,0.10119047619047619,0.8988095238095238,13,0.22413793103448276,25.04747034286249,24.843704892515543,False
767,.AGVETTT-44.026PSK.,0.7164502164502164,0.5684839945082737,0.14796622194194275,1.2602821246883658,0.12144811459070359,1.0,0.017970218677958543,,0.7559523809523809,False,924,55356,.AGVETTTPSK.,sp|P0DOY2|IGLC2_HUMAN;sp|P0DOY3|IGLC3_HUMAN,"T-44,7[T->G/2]",T-44[T->G/2],1000.0,2,P0DOY2,P0DOY2;P0DOY3,2,False,254,0.7559523809523809,0.24404761904761904,45,0.7758620689655172,25.998511208865413,25.931532638285184,False
768,.ATEH-22.032LSTLSEK.,0.3365800865800866,0.2725811113519763,0.06399897522811027,1.2347887383343674,0.2807437067241695,1.0,0.017967309532087975,,0.5238095238095238,False,924,55356,.ATEHLSTLSEK.,sp|P02647|APOA1_HUMAN;tr|F8W696|F8W696_HUMAN,"H-22,4[H->D/1]",H-22[H->D/1],20.816,2,P02647,P02647;F8W696,2,False,176,0.5238095238095238,0.47619047619047616,44,0.7586206896551724,24.681690899039566,24.644756848188237,False
769,.DLDSQTMM+16.028VLVNYIFFK.,0.030303030303030304,0.012193800130067201,0.018109230172963103,2.4851178451178453,0.9461718426924529,1.0,0.017134443682494265,,0.1130952380952381,False,924,55356,.DLDSQTMMVLVNYIFFK.,sp|P01011-2|AACT_HUMAN;sp|P01011|AACT_HUMAN;tr|G3V595|G3V595_HUMAN,"M+16,8[M->F/2]",M+16[M->F/2],34.158,2,P01011,P01011;G3V595,2,False,38,0.1130952380952381,0.8869047619047619,21,0.3620689655172414,23.89683892060772,23.415413513469424,False
770,.T+27.011GVETTTPSK.,0.3560606060606061,0.27225594334850783,0.08380466271209824,1.3078157328041211,0.2807437067241695,0.6235375,0.014670360620313084,,0.5238095238095238,False,924,55356,.TGVETTTPSK.,sp|P0CF74|IGLC6_HUMAN,"T+27,1[T->Q/2]",T+27[T->Q/2],9.961,2,P0CF74,P0CF74,1,True,176,0.5238095238095238,0.47619047619047616,50,0.8620689655172413,27.250442391400746,27.162783568393603,False
771,.GGETSEM+16.028YLIQPDSSVKPYR.,0.030303030303030304,0.014307392152612184,0.015995638150418122,2.1179981634527087,0.913199656802426,1.0,0.01460721126929762,,0.12202380952380952,False,924,55356,.GGETSEMYLIQPDSSVKPYR.,sp|P02675|FIBB_HUMAN;tr|D6REL8|D6REL8_HUMAN,"M+16,7[M->F/2]",M+16[M->F/2],23.606,2,P02675,P02675;D6REL8,2,False,41,0.12202380952380952,0.8779761904761905,25,0.43103448275862066,29.364402737219944,28.649686177485524,False
772,.VTISV+14.016DTSK.,0.05194805194805195,0.019510080208107523,0.03243797173994443,2.6626262626262625,0.6329022180928165,0.6403,0.013145400148650867,0.232761548913,0.232761548913,True,924,55356,.VTISVDTSK.,sp|A0A0C4DH41|HV461_HUMAN;sp|P01824|HV206_HUMAN;sp|P01825|HV459_HUMAN;sp|P06331|HV209_HUMAN;sp|P0DP06|HVD34_HUMAN;sp|P0DP07|HV431_HUMAN;sp|P0DP08|HVD82_HUMAN;tr|A0A0J9YWU9|A0A0J9YWU9_HUMAN,"V+14,5[V->IL/1]",V+14[V->IL/1],10.408,2,A0A0C4DH41,A0A0C4DH41;P01824;P01825;P06331;P0DP06;P0DP07;P0DP08;A0A0J9YWU9,8,False,48,0.14285714285714285,0.8571428571428571,24,0.41379310344827586,25.872877069132752,25.688440546412338,False
773,.GTEAAGAM+16.028FLEAIPMSIPPEVK.,0.025974025974025976,0.012266059686393526,0.01370796628763245,2.1175525505422415,0.9461718426924529,1.0,0.012970091721935218,,0.1130952380952381,False,924,55356,.GTEAAGAMFLEAIPMSIPPEVK.,sp|P01009|A1AT_HUMAN;tr|A0A024R6I7|A0A024R6I7_HUMAN,"M+16,8[M->F/2]",M+16[M->F/2],24.376,2,P01009,P01009;A0A024R6I7,2,False,38,0.1130952380952381,0.8869047619047619,21,0.3620689655172414,27.32184310756154,26.78113567195438,False
774,.AGVE-58.005TTTPSK.,0.8722943722943723,0.7062829684225739,0.16601140387179847,1.2350494225318382,0.0745012820478713,1.0,0.012368062423015932,,0.8422619047619048,False,924,55356,.AGVETTTPSK.,sp|P0DOY2|IGLC2_HUMAN;sp|P0DOY3|IGLC3_HUMAN,"E-58,4[E->A/1]",E-58[E->A/1],1000.0,2,P0DOY2,P0DOY2;P0DOY3,2,False,283,0.8422619047619048,0.15773809523809523,45,0.7758620689655172,24.5243245797652,24.3586220559569,False
775,.SSQSLLHSD-0.984GK.,0.683982683982684,0.4852771153985114,0.1987055685841726,1.4094682445946267,0.15520932468620335,0.382525,0.011797437119014376,,0.6994047619047619,False,924,55356,.SSQSLLHSDGK.,sp|A0A075B6S2|KVD29_HUMAN;sp|A2NJV5|KV229_HUMAN,"D-1,9[D->N/1]",D-1[D->N/1],3.534,2,A0A075B6S2,A0A075B6S2;A2NJV5,2,False,235,0.6994047619047619,0.3005952380952381,42,0.7241379310344828,22.532165413996527,22.929337131619064,False
776,.EVQLVQSGA+26.016EVK.,0.8430735930735931,0.6615723679456608,0.18150122512793232,1.274348255643652,0.0885354612849486,0.7177375,0.01153353539791183,,0.8154761904761905,False,924,55356,.EVQLVQSGAEVK.,sp|A0A0C4DH38|HV551_HUMAN;sp|A0A0G2JMI3|HV692_HUMAN;sp|A0A0J9YXX1|HV5X1_HUMAN,"A+26,9[A->P/1]",A+26[A->P/1],12.473,2,A0A0C4DH38,A0A0C4DH38;A0A0G2JMI3;A0A0J9YXX1,3,False,274,0.8154761904761905,0.18452380952380953,45,0.7758620689655172,27.218457894972754,27.23132465326227,False
777,.AFVA-14.016AWAVAR.,0.6190476190476191,0.4863610087434063,0.13268661030421275,1.2728150651859005,0.15520932468620335,0.5555875,0.01144187963703953,,0.6994047619047619,False,924,55356,.AFVAAWAVAR.,sp|P49190|PTH2R_HUMAN;tr|B4DFN8|B4DFN8_HUMAN,"A-14,4[A->G/1]",A-14[A->G/1],8.149,2,P49190,P49190;B4DFN8,2,False,235,0.6994047619047619,0.3005952380952381,43,0.7413793103448276,25.179942110306015,25.024283389454656,False
778,.VTMSV-28.031DTSK.,0.8235930735930735,0.6918671869354722,0.13172588665760132,1.1903918687646722,0.07912913383646657,1.0,0.010423355315056561,,0.8333333333333334,False,924,55356,.VTMSVDTSK.,sp|A0A0C4DH34|HV428_HUMAN,"V-28,5[V->A/1]",V-28[V->A/1],1000.0,2,A0A0C4DH34,A0A0C4DH34,1,True,280,0.8333333333333334,0.16666666666666666,48,0.8275862068965517,23.84044993520101,23.823947419656264,False
779,.LDELRDEG+58.005K+57.021ASSAK.,0.8961038961038961,0.7368306958595274,0.15927320024436864,1.2161598331059937,0.06539094519943495,1.0,0.010415025108918138,,0.8601190476190477,False,924,55356,.LDELRDEGKASSAK.,sp|P02768|ALBU_HUMAN;tr|A0A0C4DGB6|A0A0C4DGB6_HUMAN;tr|B7WNR0|B7WNR0_HUMAN;tr|D6RHD5|D6RHD5_HUMAN;tr|H0YA55|H0YA55_HUMAN,"G+58,8[G->D/1] & K+57,9[Carbamidomethyl]",G+58[G->D/1],1000.0,3,P02768,P02768;A0A0C4DGB6;B7WNR0;D6RHD5;H0YA55,5,False,289,0.8601190476190477,0.13988095238095238,47,0.8103448275862069,26.14696566540683,26.124281146147037,False
780,.LLLYA-14.016ASR.,0.6493506493506493,0.5072620854107955,0.1420885639398538,1.2801087801087803,0.1460672387064603,0.4939375,0.010251418032849968,,0.7142857142857143,False,924,55356,.LLLYAASR.,tr|A0A0G2JRQ6|A0A0G2JRQ6_HUMAN,"A-14,5[A->G/1]",A-14[A->G/1],6.505,2,A0A0G2JRQ6,A0A0G2JRQ6,1,True,240,0.7142857142857143,0.2857142857142857,51,0.8793103448275862,26.886094958948753,26.885453688363743,False
781,.LLIYDASN+23.016R.,0.8885281385281385,0.7369571500830985,0.15157098844504002,1.2056713723829793,0.06539094519943495,1.0,0.009911370199233799,,0.8601190476190477,False,924,55356,.LLIYDASNR.,sp|A0A0A0MRZ8|KVD11_HUMAN;sp|P04433|KV311_HUMAN,"N+23,8[N->H/1]",N+23[N->H/1],1000.0,2,A0A0A0MRZ8,A0A0A0MRZ8;P04433,2,False,289,0.8601190476190477,0.13988095238095238,48,0.8275862068965517,25.637270066169968,25.673938087937046,False
782,.ELTPEVLQEWLDELEEMM+16.028LVVHMPR.,0.023809523809523808,0.013693185923838428,0.01011633788568538,1.7387862796833773,0.9239146318304274,1.0,0.009346632593125213,,0.11904761904761904,False,924,55356,.ELTPEVLQEWLDELEEMMLVVHMPR.,sp|P01008|ANT3_HUMAN,"M+16,18[M->F/2]",M+16[M->F/2],44.543,3,P01008,P01008,1,True,40,0.11904761904761904,0.8809523809523809,26,0.4482758620689655,26.26471546334801,26.369204566243194,False
783,.AEDLVGKSLYVSATVILHSGSDM+16.028VQAER.,0.01948051948051948,0.01042344100007226,0.00905707848044722,1.8689144477706001,0.981854510331852,1.0,0.00889273335645666,,0.10416666666666667,False,924,55356,.AEDLVGKSLYVSATVILHSGSDMVQAER.,sp|P01024|CO3_HUMAN,"M+16,23[M->F/2]",M+16[M->F/2],28.219,4,P01024,P01024,1,True,35,0.10416666666666667,0.8958333333333334,22,0.3793103448275862,28.465914255312267,27.706189976589513,False
784,.R-28.006LDGSVDFK.,0.6255411255411255,0.5563443890454512,0.06919673649567426,1.1243775220136554,0.12660742316783505,1.0,0.008760820499341007,,0.7470238095238095,False,924,55356,.RLDGSVDFK.,sp|P02679-2|FIBG_HUMAN;sp|P02679|FIBG_HUMAN;tr|C9JC84|C9JC84_HUMAN;tr|C9JEU5|C9JEU5_HUMAN,"R-28,1[R->K/1]",R-28[R->K/1],1000.0,2,P02679,P02679;C9JC84;C9JEU5,3,False,251,0.7470238095238095,0.25297619047619047,52,0.896551724137931,28.02957432549265,27.828680390920763,False
785,.ANTVQEATFQM+16.028ELPK.,0.020562770562770564,0.01040537611099068,0.010157394451779884,1.9761679292929293,0.981854510331852,0.858025,0.008557155017879329,,0.10416666666666667,False,924,55356,.ANTVQEATFQMELPK.,sp|Q14624-2|ITIH4_HUMAN;sp|Q14624-3|ITIH4_HUMAN;sp|Q14624-4|ITIH4_HUMAN;sp|Q14624|ITIH4_HUMAN;tr|B7ZKJ8|B7ZKJ8_HUMAN,"M+16,11[M->F/2]",M+16[M->F/2],16.214,2,Q14624,Q14624;B7ZKJ8,2,False,35,0.10416666666666667,0.8958333333333334,21,0.3620689655172414,25.643311245829903,25.43735859696866,False
786,.VDNALQSGNSQESVTEQDS+27.011K.,0.8841991341991342,0.7474889804176602,0.136710153781474,1.1828925340211531,0.06239614595646238,1.0,0.00853018670907927,,0.8660714285714286,False,924,55356,.VDNALQSGNSQESVTEQDSK.,sp|P01834|IGKC_HUMAN,"S+27,19[S->N/1]",S+27[S->N/1],1000.0,2,P01834,P01834,1,True,291,0.8660714285714286,0.13392857142857142,48,0.8275862068965517,25.238186261536075,25.26875872605051,False
787,.GGETSEM+16.028YLIQPDSSVK.,0.025974025974025976,0.016655827733217717,0.009318198240808259,1.5594557286531259,0.8825550844076705,1.0,0.00822382323494394,,0.13095238095238096,False,924,55356,.GGETSEMYLIQPDSSVK.,sp|P02675|FIBB_HUMAN;tr|D6REL8|D6REL8_HUMAN,"M+16,7[M->F/2]",M+16[M->F/2],1000.0,2,P02675,P02675;D6REL8,2,False,44,0.13095238095238096,0.8690476190476191,27,0.46551724137931033,25.429755322540096,25.402213297430265,False
788,.AGVETTTP-10.021SK.,0.829004329004329,0.7172483560950936,0.11175597290923533,1.1558121004524389,0.0714432193656069,1.0,0.007984206487971322,,0.8482142857142857,False,924,55356,.AGVETTTPSK.,sp|P0DOY2|IGLC2_HUMAN;sp|P0DOY3|IGLC3_HUMAN,"P-10,8[P->S/1]",P-10[P->S/1],1000.0,2,P0DOY2,P0DOY2;P0DOY3,2,False,285,0.8482142857142857,0.15178571428571427,49,0.8448275862068966,23.86552826623918,23.871426905442473,False
789,.TLIYS+27.011TNTR.,0.9047619047619048,0.7682816677505601,0.1364802370113447,1.1776434903242492,0.05646779882308366,1.0,0.00770673856688339,,0.8779761904761905,False,924,55356,.TLIYSTNTR.,sp|A0A075B6I0|LV861_HUMAN,"S+27,5[S->N/1]",S+27[S->N/1],1000.0,2,A0A075B6I0,A0A075B6I0,1,True,295,0.8779761904761905,0.12202380952380952,49,0.8448275862068966,25.883022317443682,25.833641398767433,False
790,.ADSSPVK-27.047AGVETTTPSK.,0.9058441558441559,0.7735927451405449,0.13225141070361102,1.1709574081897367,0.05499827083616459,0.981625,0.00713994652447475,,0.8809523809523809,False,924,55356,.ADSSPVKAGVETTTPSK.,sp|P0DOY2|IGLC2_HUMAN;sp|P0DOY3|IGLC3_HUMAN,"K-27,7[K->T/1]",K-27[K->T/1],19.51,2,P0DOY2,P0DOY2;P0DOY3,2,False,296,0.8809523809523809,0.11904761904761904,49,0.8448275862068966,24.789582321119585,24.799848110171787,False
791,.LLIYW-115.042ASTR.,0.8203463203463204,0.7225413685959968,0.09780495175032355,1.135362424909141,0.06992222524860062,1.0,0.006838739866714638,,0.8511904761904762,False,924,55356,.LLIYWASTR.,sp|P06312|KV401_HUMAN,"W-115,5[W->A/2]",W-115[W->A/2],1000.0,2,P06312,P06312,1,True,286,0.8511904761904762,0.1488095238095238,50,0.8620689655172413,27.18570974471889,27.143988666972266,False
792,.TLEIPGNSDPNM+16.028IPDGDFNSYVR.,0.044372294372294376,0.03567815593612255,0.008694138436171825,1.2436823935558114,0.7199313586332263,1.0,0.006259182896498535,,0.19047619047619047,False,924,55356,.TLEIPGNSDPNMIPDGDFNSYVR.,sp|P0C0L4-2|CO4A_HUMAN;sp|P0C0L4|CO4A_HUMAN;sp|P0C0L5|CO4B_HUMAN;tr|A0A0G2JL54|A0A0G2JL54_HUMAN;tr|A0A0G2JPR0|A0A0G2JPR0_HUMAN;tr|A0A140TA29|A0A140TA29_HUMAN;tr|A0A140TA32|A0A140TA32_HUMAN;tr|A0A140TA44|A0A140TA44_HUMAN;tr|A0A140TA49|A0A140TA49_HUMAN;tr|A0A3B3ISA6|A0A3B3ISA6_HUMAN [further mapped to 1 additional proteins],"M+16,12[M->F/2]",M+16[M->F/2],31.649,2,P0C0L4,P0C0L4;P0C0L5;A0A0G2JL54;A0A0G2JPR0;A0A140TA29;A0A140TA32;A0A140TA44;A0A140TA49;A0A3B3ISA6,9,False,64,0.19047619047619047,0.8095238095238095,33,0.5689655172413793,26.539773025918517,26.30386088133111,False
793,.L-14.016TVLSQPK.,0.9274891774891775,0.800148132090469,0.1273410453987085,1.1591468383060735,0.04772430511759901,1.0,0.006077262904601991,,0.8958333333333334,False,924,55356,.LTVLSQPK.,sp|P15814|IGLL1_HUMAN;tr|C9JEE0|C9JEE0_HUMAN,"L-14,1[L->V/1]",L-14[L->V/1],1000.0,2,P15814,P15814;C9JEE0,2,False,301,0.8958333333333334,0.10416666666666667,49,0.8448275862068966,30.105484136558935,30.10107893498513,False
794,.AGVETTTPSK+28.006.,0.8787878787878788,0.7371197340848327,0.14166814470304612,1.1921914963773605,0.06539094519943495,0.5915125,0.005479661711705439,,0.8601190476190477,False,924,55356,.AGVETTTPSK.,sp|P0DOY2|IGLC2_HUMAN;sp|P0DOY3|IGLC3_HUMAN,"K+28,10[K->R/1]",K+28[K->R/1],9.107,2,P0DOY2,P0DOY2;P0DOY3,2,False,289,0.8601190476190477,0.13988095238095238,48,0.8275862068965517,25.994542915574726,25.978313157632403,False
795,.SSQSVLYS+27.011SNNK.,0.9307359307359307,0.8109870655394176,0.11974886519651318,1.147658169020074,0.044848492169472905,1.0,0.005370556043069088,,0.9017857142857143,False,924,55356,.SSQSVLYSSNNK.,sp|P06312|KV401_HUMAN,"S+27,8[S->N/1]",S+27[S->N/1],1000.0,2,P06312,P06312,1,True,303,0.9017857142857143,0.09821428571428571,49,0.8448275862068966,24.346482081670302,24.295533692844256,False
796,.VSFLSALE+57.037EYTK.,0.015151515151515152,0.009881494327624828,0.005270020823890324,1.5333222536147584,0.9944313871408688,1.0,0.0052406741181625196,,0.10119047619047619,False,924,55356,.VSFLSALEEYTK.,sp|P02647|APOA1_HUMAN;tr|F8W696|F8W696_HUMAN,"E+57,8[E->W/2]",E+57[E->W/2],1000.0,2,P02647,P02647;F8W696,2,False,34,0.10119047619047619,0.8988095238095238,23,0.39655172413793105,26.912272004592467,26.5116378546412,False
797,.VDNALQSGNSQESVTEQDSKD+13.068.,0.9556277056277056,0.8381205289399523,0.11750717668775335,1.1402031958772987,0.03774118589359952,1.0,0.004434860199204542,,0.9166666666666666,False,924,55356,.VDNALQSGNSQESVTEQDSKD.,sp|P01834|IGKC_HUMAN,"D+13,21[D->K/2]",D+13[D->K/2],31.845,3,P01834,P01834,1,True,308,0.9166666666666666,0.08333333333333333,50,0.8620689655172413,25.590979781769597,25.554530668273195,False
798,.VVSVLTVLHQDWLNGKE+57.037YK.,0.0183982683982684,0.013783510369246332,0.004614758029022068,1.3348028118670323,0.9239146318304274,1.0,0.004263642465370433,,0.11904761904761904,False,924,55356,.VVSVLTVLHQDWLNGKEYK.,sp|P01857|IGHG1_HUMAN;sp|P01860|IGHG3_HUMAN;sp|P01861|IGHG4_HUMAN;tr|A0A0A0MS08|A0A0A0MS08_HUMAN;tr|A0A286YES1|A0A286YES1_HUMAN;tr|A0A286YFJ8|A0A286YFJ8_HUMAN,"E+57,17[E->W/2]",E+57[E->W/2],39.944,4,P01857,P01857;P01860;P01861;A0A0A0MS08;A0A286YES1;A0A286YFJ8,6,False,40,0.11904761904761904,0.8809523809523809,26,0.4482758620689655,26.879995200353743,26.82357618535845,False
799,.GLEWVAF-33.025IR.,0.027056277056277056,0.019925572656983886,0.00713070439929317,1.3578669743674276,0.8447941402294444,0.5915125,0.003563257868070902,,0.14285714285714285,False,924,55356,.GLEWVAFIR.,tr|A0A0J9YY99|A0A0J9YY99_HUMAN,"F-33,7[F->N/2]",F-33[F->N/2],9.107,2,A0A0J9YY99,A0A0J9YY99,1,True,48,0.14285714285714285,0.8571428571428571,30,0.5172413793103449,25.869242421227607,25.675148358006425,False
800,.QKPDGVFQEDAPVIHQEM+16.028IGGLR.,0.0183982683982684,0.015246766384854397,0.003151502013414003,1.2066996984058596,0.90274269030658,1.0,0.002844995406095961,,0.125,False,924,55356,.QKPDGVFQEDAPVIHQEMIGGLR.,sp|P01024|CO3_HUMAN,"M+16,18[M->F/2]",M+16[M->F/2],21.166,4,P01024,P01024,1,True,42,0.125,0.875,28,0.4827586206896552,27.743103124877507,27.49535777583396,False
801,.LVNEVTEFAKT+27.047.,0.9588744588744589,0.8660669123491582,0.09280754652530065,1.107159787773863,0.030748321596049216,0.933025,0.0026625513177717056,,0.9315476190476191,False,924,55356,.LVNEVTEFAKT.,sp|P02768-3|ALBU_HUMAN;sp|P02768|ALBU_HUMAN;tr|A0A087WWT3|A0A087WWT3_HUMAN;tr|A0A0C4DGB6|A0A0C4DGB6_HUMAN;tr|H7C013|H7C013_HUMAN,"T+27,11[T->K/1]",T+27[T->K/1],18.214,2,P02768,P02768;A0A087WWT3;A0A0C4DGB6;H7C013,4,False,313,0.9315476190476191,0.06845238095238096,52,0.896551724137931,28.558390962244243,28.53657005494082,False
802,.AGVETTT-3.995PSK.,0.961038961038961,0.8716850928535299,0.08935386818543112,1.1025070509040418,0.02936315952709597,1.0,0.002623711885891919,,0.9345238095238095,False,924,55356,.AGVETTTPSK.,sp|P0DOY2|IGLC2_HUMAN;sp|P0DOY3|IGLC3_HUMAN,"T-4,7[T->P/1]",T-4[T->P/1],1000.0,2,P0DOY2,P0DOY2;P0DOY3,2,False,314,0.9345238095238095,0.06547619047619048,52,0.896551724137931,25.349661455339923,25.29998565136812,False
803,.TMTIHNGM+16.028FFSTYDRDNDGWLTSDPR.,0.012987012987012988,0.010531830334561745,0.0024551826524512425,1.2331202245438952,0.981854510331852,1.0,0.002410632160997772,,0.10416666666666667,False,924,55356,.TMTIHNGMFFSTYDRDNDGWLTSDPR.,sp|P02675|FIBB_HUMAN;tr|D6REL8|D6REL8_HUMAN,"M+16,8[M->F/2]",M+16[M->F/2],38.341,3,P02675,P02675;D6REL8,2,False,35,0.10416666666666667,0.8958333333333334,26,0.4482758620689655,27.728841001354148,27.72514410670906,False
804,.LDGSVDFKK+28.006.,0.9577922077922078,0.8548305513404147,0.102961656451793,1.1204468608314762,0.03353197033605062,0.6918249999999999,0.002388530800483642,,0.9255952380952381,False,924,55356,.LDGSVDFKK.,sp|P02679-2|FIBG_HUMAN;sp|P02679|FIBG_HUMAN;tr|C9JC84|C9JC84_HUMAN;tr|C9JEU5|C9JEU5_HUMAN,"K+28,9[K->R/1]",K+28[K->R/1],11.782,2,P02679,P02679;C9JC84;C9JEU5,3,False,311,0.9255952380952381,0.0744047619047619,51,0.8793103448275862,27.879788311387113,27.84317137896736,False
805,.SYSC+57.021QV+1.979MHEGSTVEK.,0.9805194805194806,0.8941578148710166,0.08636166564846393,1.0965843659946335,0.023866272110654875,1.0,0.0020611310122956358,,0.9464285714285714,False,924,55356,.SYSCQVMHEGSTVEK.,sp|P15814|IGLL1_HUMAN,"V+2,6[V->T/2]",V+2[V->T/2],31.4,2,P15814,P15814,1,True,318,0.9464285714285714,0.05357142857142857,52,0.896551724137931,28.182056438436266,28.139626106692763,False
806,.LLIYDASN-0.959R.,0.9805194805194806,0.8941578148710166,0.08636166564846393,1.0965843659946335,0.023866272110654875,1.0,0.0020611310122956358,,0.9464285714285714,False,924,55356,.LLIYDASNR.,sp|A0A0A0MRZ8|KVD11_HUMAN;sp|P04433|KV311_HUMAN,"N-1,8[N->IL/1]",N-1[N->IL/1],1000.0,2,A0A0A0MRZ8,A0A0A0MRZ8;P04433,2,False,318,0.9464285714285714,0.05357142857142857,52,0.896551724137931,26.167045340688297,26.07136794294649,False
807,.AGVETTT-30.011PSK.,0.9805194805194806,0.8941578148710166,0.08636166564846393,1.0965843659946335,0.023866272110654875,1.0,0.0020611310122956358,,0.9464285714285714,False,924,55356,.AGVETTTPSK.,sp|P0DOY2|IGLC2_HUMAN;sp|P0DOY3|IGLC3_HUMAN,"T-30,7[T->A/1]",T-30[T->A/1],1000.0,2,P0DOY2,P0DOY2;P0DOY3,2,False,318,0.9464285714285714,0.05357142857142857,52,0.896551724137931,27.23520727976951,27.296178349386697,False
808,.AGVETT-14.016TPSK.,0.9805194805194806,0.8941578148710166,0.08636166564846393,1.0965843659946335,0.023866272110654875,1.0,0.0020611310122956358,,0.9464285714285714,False,924,55356,.AGVETTTPSK.,sp|P0DOY2|IGLC2_HUMAN;sp|P0DOY3|IGLC3_HUMAN,"T-14,6[T->S/1]",T-14[T->S/1],1000.0,2,P0DOY2,P0DOY2;P0DOY3,2,False,318,0.9464285714285714,0.05357142857142857,52,0.896551724137931,27.50937173575928,27.499603748318062,False
809,.VLGAFSDGLAHLDNLKG+71.073.,0.9805194805194806,0.8941578148710166,0.08636166564846393,1.0965843659946335,0.023866272110654875,0.8276125,0.0017058177899135218,,0.9464285714285714,False,924,55356,.VLGAFSDGLAHLDNLKG.,sp|P02042|HBD_HUMAN;sp|P68871|HBB_HUMAN;tr|A0A2R8Y7R2|A0A2R8Y7R2_HUMAN;tr|E9PEW8|E9PEW8_HUMAN;tr|E9PFT6|E9PFT6_HUMAN;tr|F8W6P5|F8W6P5_HUMAN,"G+71,17[G->K/2]",G+71[G->K/2],15.403,3,P02042,P02042;P68871;A0A2R8Y7R2;E9PEW8;E9PFT6;F8W6P5,6,False,318,0.9464285714285714,0.05357142857142857,52,0.896551724137931,27.469203124871317,27.45264520270683,False
810,.SASDLTWDN-57.021LKGK.,0.9805194805194806,0.8941578148710166,0.08636166564846393,1.0965843659946335,0.023866272110654875,0.569725,0.0011742778659801312,,0.9464285714285714,False,924,55356,.SASDLTWDNLKGK.,sp|P02787|TRFE_HUMAN;tr|H7C5E8|H7C5E8_HUMAN,"N-57,9[N->G/2]",N-57[N->G/2],8.526,2,P02787,P02787;H7C5E8,2,False,318,0.9464285714285714,0.05357142857142857,52,0.896551724137931,28.909876372906183,28.90596417011812,False
811,.K+28.006MADEAGSEADHEGTHSTK.,0.9675324675324676,0.8829395187513549,0.08459294878111268,1.0958083164073835,0.026606019078864097,0.5197375,0.0011697636328655647,,0.9404761904761905,False,924,55356,.KMADEAGSEADHEGTHSTK.,sp|P02671-2|FIBA_HUMAN;sp|P02671|FIBA_HUMAN,"K+28,1[K->R/1]",K+28[K->R/1],7.193,3,P02671,P02671,1,True,316,0.9404761904761905,0.05952380952380952,52,0.896551724137931,27.166966118655505,26.913527303767214,False
812,.LLIY-15.995DASSR.,0.9426406926406926,0.855083459787557,0.08755723285313566,1.102396125022567,0.03353197033605062,0.37082499999999996,0.0010887297902442267,,0.9255952380952381,False,924,55356,.LLIYDASSR.,sp|A0A0C4DH25|KVD20_HUMAN,"Y-16,4[Y->F/1]",Y-16[Y->F/1],3.222,2,A0A0C4DH25,A0A0C4DH25,1,True,311,0.9255952380952381,0.0744047619047619,52,0.896551724137931,24.454021921581482,24.41395516451919,False
813,.TEIDKPSQM+16.028QVTDVQDNSISVK.,0.02922077922077922,0.02937350964665077,-0.00015273042587155006,0.99480040254948,0.7626597653874235,1.0,-0.00011648135076271764,,0.17261904761904762,False,924,55356,.TEIDKPSQMQVTDVQDNSISVK.,sp|P02751-10|FINC_HUMAN;sp|P02751-11|FINC_HUMAN;sp|P02751-12|FINC_HUMAN;sp|P02751-13|FINC_HUMAN;sp|P02751-14|FINC_HUMAN;sp|P02751-15|FINC_HUMAN;sp|P02751-17|FINC_HUMAN;sp|P02751-3|FINC_HUMAN;sp|P02751-4|FINC_HUMAN;sp|P02751-5|FINC_HUMAN [further mapped to 6 additional proteins],"M+16,9[M->F/2]",M+16[M->F/2],1000.0,2,P02751,P02751,1,True,58,0.17261904761904762,0.8273809523809523,36,0.6206896551724138,27.23343625805306,27.072726482291607,False
